timestamp,temperature_c,pressure_kpa,vibration_mm_s,rotation_rpm,power_kw
2026-06-01 00:00:00,70.44971209159229,113.5044288973452,2.942719408723491,1679.7405124889494,17.18580029261867
2026-06-01 00:01:00,70.3781739941987,116.36152624792622,3.1250690458939023,1695.659489018122,16.84400586950901
2026-06-01 00:02:00,71.44911381177667,114.82033572048503,2.950984152775507,1730.2422045667759,17.752159098436504
2026-06-01 00:03:00,70.24284215533267,115.21561488417827,3.073365746760465,1739.448509001583,17.712239217265722
2026-06-01 00:04:00,69.03695006571473,114.78111017870293,2.943913870685472,1668.264124504591,16.33061050698558
2026-06-01 00:05:00,67.79285532526458,113.07866177978808,2.9828049076950744,1684.659506130492,16.80026039211343
2026-06-01 00:06:00,70.23450949364154,115.5663657592202,3.019130024485779,1693.1949809851671,17.64088403234668
2026-06-01 00:07:00,69.26667844195778,114.44739641530884,2.929872985949389,1733.171603647636,17.44658196733097
2026-06-01 00:08:00,69.94551185483652,115.39975224049311,2.818710699588244,1699.6058858212646,17.36328176169974
2026-06-01 00:09:00,68.2576555988797,114.1093154407221,3.1017848648604907,1713.4929818982491,17.643759499647338
2026-06-01 00:10:00,70.98239477638896,113.44150920143346,3.2609819170625984,1708.8855866592455,17.08741104967783
2026-06-01 00:11:00,69.25335459036091,114.79245773523628,3.269235963056817,1686.0825427671407,17.414655706910242
2026-06-01 00:12:00,70.31525397269883,115.86724628416238,2.923563722915322,1673.413810369329,17.756371432562887
2026-06-01 00:13:00,69.8652186124529,115.89608365032791,2.9182384892000974,1696.446444336344,17.45188776113397
2026-06-01 00:14:00,69.78393839584709,115.26894265277957,2.9323126736232275,1737.8441064862566,17.74093149740668
2026-06-01 00:15:00,70.6044195919966,115.91807517859264,2.9629788533437806,1701.7350916338098,16.961666610736156
2026-06-01 00:16:00,70.90085424841278,114.97094713078786,3.006481518437117,1718.6857420072486,17.278090191327035
2026-06-01 00:17:00,70.56635842022524,114.89102953186266,2.838543928264364,1676.3730009751953,16.698869852582433
2026-06-01 00:18:00,72.01022917396894,114.80550347835147,2.8034545386171192,1700.2046543860947,16.8677612410758
2026-06-01 00:19:00,69.60019811023304,116.25717611007657,3.014773648507605,1713.1391193607978,17.364238409450575
2026-06-01 00:20:00,71.34972714006852,115.42510916232403,2.475456961869379,1684.6361610234671,17.717647064046762
2026-06-01 00:21:00,68.69354260440471,114.26462383246587,2.98043304808089,1698.14680332566,17.420567307646692
2026-06-01 00:22:00,71.61794232840101,113.72369533454918,2.892323260763843,1693.6105886511803,18.219379470729702
2026-06-01 00:23:00,69.81317632391496,116.42987677767546,3.123951395511758,1713.782159062775,17.39484184998366
2026-06-01 00:24:00,69.31234858239365,114.13541628683097,3.159031521449275,1706.355006163609,16.666091524187923
2026-06-01 00:25:00,70.60689638810652,115.14413747011893,3.1645308805126215,1711.0195845761034,17.66650785018409
2026-06-01 00:26:00,71.4149563727711,118.15261719609134,2.969999472894262,1717.4594265545807,17.233337539143214
2026-06-01 00:27:00,71.3040933403092,116.24775076557594,2.8487910192385537,1700.3974021585295,17.693321917447562
2026-06-01 00:28:00,70.78513550828886,117.2400033051789,2.8982527390424417,1719.1367931432458,16.739119116721504
2026-06-01 00:29:00,70.74265535027561,114.67279497955673,3.0643779194509504,1695.3995411418823,17.549252760854866
2026-06-01 00:30:00,72.09806040574236,117.12345524477546,2.809005899983236,1720.5629157694225,18.20021853635932
2026-06-01 00:31:00,70.40371504140415,115.11235468203746,3.2143892161192857,1671.507059338494,17.772367937363494
2026-06-01 00:32:00,70.54325833710605,115.49430713764093,2.954077950744976,1689.539148263577,17.427246656273304
2026-06-01 00:33:00,70.10541379791339,117.39611717015988,3.0730998585006004,1734.3518095805566,17.46502089660291
2026-06-01 00:34:00,71.48724294653921,115.07213295448742,2.7598866125039447,1714.5849249638513,17.504379446360424
2026-06-01 00:35:00,69.83198728896194,115.58998211151298,2.898894480609657,1716.7285601926262,17.664118806566048
2026-06-01 00:36:00,70.29591614045866,114.11660987845433,2.7275126255024684,1690.3144604986946,17.850943280442063
2026-06-01 00:37:00,68.87105661555749,116.05522917240667,3.152449551091305,1683.4410685644762,17.19457821891613
2026-06-01 00:38:00,70.22181570225119,114.32747476613969,2.97598442529099,1696.037624790862,17.23935422075648
2026-06-01 00:39:00,72.21194832492485,116.67645459110359,3.1156425491568314,1704.9824339588638,17.092781414400566
2026-06-01 00:40:00,70.58762921016528,113.50355262776762,3.0417419535402734,1735.1629880448554,18.000403321323358
2026-06-01 00:41:00,70.9615248216424,116.08822728490264,3.098928698000342,1721.0155793118402,17.586986115801263
2026-06-01 00:42:00,70.75259012404054,114.30126840877595,2.9542970793421617,1702.6165897496428,17.03167338159787
2026-06-01 00:43:00,69.04469055645302,116.22605561812937,2.992763791641122,1705.6448180714904,18.003656937882056
2026-06-01 00:44:00,70.22475008589872,115.30494822838196,3.007654752899083,1715.6550345554308,17.620192032365228
2026-06-01 00:45:00,71.00809665150406,114.71583536420094,3.084727552375277,1684.9946228446129,17.36040188603113
2026-06-01 00:46:00,68.80336528949468,115.09660899475907,3.102183132183388,1678.6528251481298,18.11548538352653
2026-06-01 00:47:00,69.96363578822536,114.3520753312723,3.446551618690613,1716.1180384312095,17.52789296587659
2026-06-01 00:48:00,71.91176958900145,116.52088691153322,3.2866097594501547,1707.9540780264697,17.10822195003385
2026-06-01 00:49:00,71.47947797852325,114.08017540977083,2.755755530721977,1684.8321237998696,18.030872043299624
2026-06-01 00:50:00,71.12224506292438,115.0909008740348,3.0059605276785213,1674.0620571560726,17.34788856205267
2026-06-01 00:51:00,71.74662335252216,115.93472011592678,2.973811131979096,1720.3471035563757,18.946496540550953
2026-06-01 00:52:00,69.97264305865536,116.83647326609733,3.185371561158773,1690.8470703544253,17.250070757384695
2026-06-01 00:53:00,70.9401143689067,115.23674090040625,2.9691644203749132,1709.3092332056308,16.795964088102064
2026-06-01 00:54:00,70.16558953191954,114.91804354564988,3.0835804149167343,1698.8310162658433,18.28449304587568
2026-06-01 00:55:00,70.4223811143702,115.49322732215549,2.660431787725733,1701.6846218569406,17.538125560192928
2026-06-01 00:56:00,70.05478402693035,112.79218310922218,2.7916492228264413,1694.8541080503473,17.720764568720643
2026-06-01 00:57:00,72.64621134117347,114.37933749208496,3.3683581323929563,1709.7551807399573,18.039805180204027
2026-06-01 00:58:00,71.44888887034914,114.66538087271954,3.0152580378228167,1710.200374164204,16.991894261196517
2026-06-01 00:59:00,72.44870309792913,114.81682344780656,2.8950567583920295,1704.829224580793,16.94776081076335
2026-06-01 01:00:00,69.4402482629958,112.96236768907694,3.028655139761317,1693.452548404007,18.201433529185024
2026-06-01 01:01:00,69.82514339389039,116.32341569409233,2.8616465778282048,1713.0341525413662,16.999947603469604
2026-06-01 01:02:00,71.9209458958979,115.76139155911767,2.9874728676255735,1716.108478263946,18.35830527854491
2026-06-01 01:03:00,71.60118051048391,115.75134567094439,2.8209758007270906,1690.7113451145685,17.980361981661556
2026-06-01 01:04:00,71.51651548854564,114.7940346262781,2.9234800845085425,1707.9240208077454,17.861760747227578
2026-06-01 01:05:00,70.8085897152568,115.75301924920286,2.981399342688304,1700.913527073918,17.61988208562567
2026-06-01 01:06:00,70.98334204087212,115.93874484671063,3.18953193017593,1704.491176244455,18.562546781024487
2026-06-01 01:07:00,69.71895528107397,114.97571359971782,3.0891794921125912,1725.4240215150678,17.347996594380877
2026-06-01 01:08:00,71.89915052778574,116.2294370085497,3.142175293488731,1714.6638472246796,17.560351864032896
2026-06-01 01:09:00,71.87795148968272,114.43214848680874,3.0219618732953277,1737.6292878343313,17.941248243219476
2026-06-01 01:10:00,71.44154203963643,115.18533517784269,3.1279842182391064,1704.2052886427605,17.243365097665645
2026-06-01 01:11:00,70.8014398119698,116.4883082238523,2.8767927952212453,1699.0672594918378,17.132449364267657
2026-06-01 01:12:00,69.26976237182697,116.66611345005317,2.902606761970212,1702.2072937525854,17.549314136001446
2026-06-01 01:13:00,71.39565197064032,117.21200049888134,3.102398256247982,1710.3913668521138,18.06324118095698
2026-06-01 01:14:00,72.74911480610379,115.86136680394831,2.992706871857844,1711.758567491698,18.489934717383292
2026-06-01 01:15:00,70.68372033599631,115.72724155000436,3.043876776357247,1694.311220406342,18.65682937895186
2026-06-01 01:16:00,70.67300761724137,114.82162973839347,2.999391470831796,1701.3049496317783,16.94262055637504
2026-06-01 01:17:00,72.21501523187517,113.37311616739629,3.2241574205320345,1696.3620300160271,18.166954277481
2026-06-01 01:18:00,71.87048195174059,114.07450777136027,3.2417254337045547,1724.6228295176998,17.429511404671953
2026-06-01 01:19:00,72.81226728976591,115.21240514873061,2.933679876921366,1676.635918828938,17.312297983119386
2026-06-01 01:20:00,70.71383006592858,115.52011664730162,2.7793571170501052,1711.0210490885574,17.588221511382283
2026-06-01 01:21:00,69.84939097799983,117.01526543786403,2.91464865175327,1681.5020905653462,17.398016671241464
2026-06-01 01:22:00,71.81209018450748,116.99415387317043,2.8932156392094517,1712.0355023173177,17.25935184393963
2026-06-01 01:23:00,69.87712747497693,114.59313181901318,3.152556597039666,1699.5752956217884,16.757376793600514
2026-06-01 01:24:00,70.20018567022845,116.16079088874807,3.149994623558918,1675.1320819145742,18.14731877449329
2026-06-01 01:25:00,71.32698036743479,115.11726616417253,2.8913221259883852,1723.3301090325065,18.183618372568503
2026-06-01 01:26:00,71.64665385475999,116.22807074963018,2.914086362085148,1667.7066072822286,17.677341437548467
2026-06-01 01:27:00,71.61058315818633,116.52680566561116,2.8154539630372715,1706.9898329440966,17.372261285745275
2026-06-01 01:28:00,71.77791970693276,117.19664526237293,3.067232371048123,1719.7829761468954,18.326654146837022
2026-06-01 01:29:00,71.08191985535393,115.11076025309839,3.040058021143231,1730.0100727470522,17.8051030439393
2026-06-01 01:30:00,72.5192845777445,116.99080510585658,3.1699443180318037,1686.1628571193964,17.63631316065061
2026-06-01 01:31:00,74.32170082838662,113.30314395375689,3.111271080657408,1699.5999194832812,17.097152962288124
2026-06-01 01:32:00,71.47124007737966,117.0145660169673,3.122137592266472,1722.3762247362247,17.924429797077497
2026-06-01 01:33:00,71.21613840864643,115.53818025392225,2.806579715452438,1724.844614828448,17.629941640673003
2026-06-01 01:34:00,69.1455561696072,115.08744967561763,2.9121793127245255,1720.4367964554403,17.63003401800912
2026-06-01 01:35:00,69.82998742666864,112.72506248623264,3.153667015248893,1740.6902043701411,17.632062688035813
2026-06-01 01:36:00,70.25562197465692,114.74689601621051,2.9334332542910952,1695.21354120114,17.840553611669435
2026-06-01 01:37:00,70.20612826906584,116.94347951017603,2.776992067538962,1709.811118393422,17.725103024652373
2026-06-01 01:38:00,71.4710819963813,115.22992986195801,3.1706632457808412,1704.7049942560034,17.728769483729867
2026-06-01 01:39:00,72.13510464084207,116.21250120286837,2.9371666433943804,1675.1245722042206,17.879820761191375
2026-06-01 01:40:00,72.03869078669385,115.56194477965616,3.1940941241373135,1705.5896713183674,18.120404518258432
2026-06-01 01:41:00,71.93217702520141,117.30482456670764,3.0658792318198205,1683.8128206595857,18.6132035136276
2026-06-01 01:42:00,70.11115095205535,115.76868861213897,2.9943429138244397,1699.3727381865897,17.30108470875183
2026-06-01 01:43:00,72.81573922761542,114.75474871932903,3.2626734707782887,1689.6165956515629,18.36120415670495
2026-06-01 01:44:00,70.71569941359222,115.44521223199939,2.829766418208135,1711.615809237115,17.033468679756325
2026-06-01 01:45:00,69.82240319545454,117.52326205240966,3.2552532948092106,1696.3461292897443,18.186627739489115
2026-06-01 01:46:00,71.3385243011775,115.98146419683499,2.929715940880881,1678.3457475346993,17.435881484699575
2026-06-01 01:47:00,71.96742482495874,115.43370217003358,3.062584661633134,1720.6307164651369,18.103322902900704
2026-06-01 01:48:00,69.92542965774534,118.63997077380651,3.08797824203694,1703.3847697181802,18.543593559653793
2026-06-01 01:49:00,69.67758577772915,116.5596735887912,2.9471730095134743,1695.7666649230648,17.65603183686201
2026-06-01 01:50:00,71.55753681678645,116.80303071139446,2.9405464306828795,1696.3063078850823,17.89253748188764
2026-06-01 01:51:00,72.12709365142159,116.1505534194806,2.995842835734386,1727.4993756205731,17.84551166864188
2026-06-01 01:52:00,70.63932744724025,116.40229095917113,2.882879754595733,1711.0706164404708,17.574747720869716
2026-06-01 01:53:00,69.8866107673423,116.19144063228013,3.31270490607292,1694.48583495884,18.08784553962373
2026-06-01 01:54:00,72.05648938515138,113.11799857804101,2.976988820577155,1681.121159958277,17.82557684385342
2026-06-01 01:55:00,70.75061278266855,116.03655879605527,3.211351110875154,1745.1613175765895,16.911218152821508
2026-06-01 01:56:00,72.02767830799078,115.60405026257312,3.2072104300381747,1740.3174084991704,18.25217458064038
2026-06-01 01:57:00,70.58976248782525,115.13975597813857,3.103738627903694,1731.5063636295752,18.20240010254668
2026-06-01 01:58:00,71.35647159971383,115.98464427149838,3.060926078726823,1705.7080113643456,18.126832232450347
2026-06-01 01:59:00,71.94925146059812,113.80549964308426,3.0739018148801174,1701.452699439873,17.520970871721016
2026-06-01 02:00:00,71.08791743268065,113.27741863216882,3.1153555152356875,1711.915991016875,17.257390236120216
2026-06-01 02:01:00,72.35685189869932,117.30524655699338,3.0690331794931613,1697.3847775902739,17.5905804245721
2026-06-01 02:02:00,71.22853869852801,116.38189593328329,2.8201414213789606,1696.1897657624452,17.99317900606338
2026-06-01 02:03:00,71.71330756139162,113.27908134903296,2.805566362674998,1737.5409904468656,17.34993157653988
2026-06-01 02:04:00,73.13475608231164,115.33142903645737,3.2945542659810627,1712.8141010777463,18.18131142521299
2026-06-01 02:05:00,70.55207539877568,116.94188328506148,2.663807661516722,1695.0049145927308,17.971635475664794
2026-06-01 02:06:00,73.44664599622408,115.88672146597504,3.1108686873400138,1730.5931929122619,18.626278530951687
2026-06-01 02:07:00,71.9217877043478,116.92669791373899,2.993599429104717,1697.1607514709183,17.996844698971326
2026-06-01 02:08:00,71.89397848446264,116.86265559565685,3.06431706764644,1678.3490608376171,17.512253665958916
2026-06-01 02:09:00,70.49465196929516,113.89439554027891,2.863834921578345,1689.943799076892,17.08486737593194
2026-06-01 02:10:00,70.72479387376673,115.51701755295491,3.098535387961685,1701.439351499081,17.516012785914565
2026-06-01 02:11:00,70.62886710717164,114.86074855301466,3.0574661893119344,1708.6121357316174,18.25172217613268
2026-06-01 02:12:00,70.9789759316686,114.34041788334433,3.481318684529754,1716.0094487666297,18.12149708556846
2026-06-01 02:13:00,70.74219087129761,114.01064384532391,3.069881875987618,1728.4935269288842,18.116821819594428
2026-06-01 02:14:00,71.28911461244181,114.41943773412721,3.2280128386653737,1701.600021300122,17.441658012164453
2026-06-01 02:15:00,71.5768425417136,114.75957113375198,2.810442590360603,1700.0642922463971,17.958246113520897
2026-06-01 02:16:00,71.02602715765438,116.27271924213322,3.2152038650028856,1731.1136130664556,17.35835639089139
2026-06-01 02:17:00,72.73218827206188,117.34870152976822,3.1069840195709215,1729.2891105765186,18.421903744739858
2026-06-01 02:18:00,73.26069989038142,117.06500256986963,3.137036044130532,1716.1131838831682,17.76214361562717
2026-06-01 02:19:00,74.66621677105499,117.62960057203364,3.157812207098834,1727.4358288306726,17.574811346273194
2026-06-01 02:20:00,72.42468412251274,115.66474609874493,3.3215965579970708,1705.9993327890802,18.897276384504693
2026-06-01 02:21:00,71.98457754108009,116.29245658498175,3.0761894264614718,1690.152323390239,17.838382768841473
2026-06-01 02:22:00,70.84454317143819,115.0533905714387,2.897811062578602,1736.0444160298177,17.65860352467501
2026-06-01 02:23:00,72.69731916207635,115.42692107725597,2.9713884899199035,1704.627513111313,17.23036162960832
2026-06-01 02:24:00,70.24589737443699,117.91431668852036,3.1650888274027467,1712.9288313689985,18.06792189896369
2026-06-01 02:25:00,71.4273190232942,112.96578614663447,3.117942138365784,1687.4345521919183,18.23558653587371
2026-06-01 02:26:00,71.38602406623612,113.46063998364025,2.8176692933898853,1720.4948427574834,17.774584585292242
2026-06-01 02:27:00,71.51549931231392,116.3144893398914,3.134212915907634,1693.3154620954035,18.283587954829862
2026-06-01 02:28:00,72.8001425121821,115.90453778572542,2.9191497534099544,1741.469600108011,18.57946185727002
2026-06-01 02:29:00,72.41761482819248,114.23067433209765,3.12940907311781,1739.6952249364326,18.18781681411626
2026-06-01 02:30:00,72.04490904645986,114.60001855100495,2.9368703403823098,1720.0252750691689,17.066286879036728
2026-06-01 02:31:00,71.07370448343079,114.49834283796979,2.9982863927457695,1709.8249537704953,17.343170955209278
2026-06-01 02:32:00,70.25359059527825,116.49189117413427,2.94635121997006,1702.8032709251231,18.38530200256738
2026-06-01 02:33:00,72.44324596181048,117.23764106852008,3.280020184234824,1709.723487262764,17.924328046971745
2026-06-01 02:34:00,72.11506063271293,117.88511226798767,3.1214529751938986,1718.3736893965747,17.993570785487695
2026-06-01 02:35:00,72.12363727798058,114.56245071569886,3.2871178958361034,1720.936365165242,17.90196964630397
2026-06-01 02:36:00,71.81117585271355,114.34251470400278,3.499819414053874,1727.8330781666073,17.736541748469648
2026-06-01 02:37:00,71.09311995013549,114.52112807675006,3.0899461243662034,1702.8105927292688,18.59899985366395
2026-06-01 02:38:00,71.63695379318776,117.35095705777891,3.278920438002177,1733.6456180275495,18.50155314839605
2026-06-01 02:39:00,71.04864679201268,116.10434471834921,2.9353266750307987,1701.7091235573105,18.12072128289567
2026-06-01 02:40:00,70.88971921143593,115.77088544562376,3.233208142213413,1697.8071005991005,18.05795189732572
2026-06-01 02:41:00,72.77091645205026,116.02717258272067,2.928981549559197,1715.4607388861907,18.12645778429701
2026-06-01 02:42:00,72.30050268881796,116.54457905965933,3.104751929750779,1727.9011273477404,18.278207118792857
2026-06-01 02:43:00,72.03056161119939,114.38735316803896,3.1293798901870478,1683.7195969312115,17.384897782037786
2026-06-01 02:44:00,74.22063713795882,116.85144265234854,3.1865103714823686,1709.2584905909093,17.54989863007255
2026-06-01 02:45:00,72.29809546142133,115.49477436243957,2.8569932916293532,1676.994457976391,18.384976965863004
2026-06-01 02:46:00,72.52157292669355,114.83301616001073,2.9548401765003898,1706.8430867126788,18.123531204610174
2026-06-01 02:47:00,71.32136066612736,116.80345032326267,3.166004697737835,1705.367788095376,18.247981721447825
2026-06-01 02:48:00,70.82375933921415,115.44575937671375,3.0086228182007586,1717.2179753123924,18.062655102777967
2026-06-01 02:49:00,71.66340155065672,116.26930163752102,2.8568191538915513,1701.4673497006906,18.102757055551734
2026-06-01 02:50:00,71.08429741845822,115.66697400923704,3.0438167566768697,1702.6269370421817,18.04645320868158
2026-06-01 02:51:00,71.72840803032157,117.2216773054138,3.0589557926643702,1734.9186193694895,18.35497222577818
2026-06-01 02:52:00,71.51195422760604,116.15069806506624,3.08563741359577,1742.7829152192287,17.636229443237223
2026-06-01 02:53:00,71.23838783841018,114.59965254653119,3.123392381899386,1694.9876703286786,18.303009486955016
2026-06-01 02:54:00,71.68647074060571,116.03555445949098,3.113124409945486,1723.944192280472,17.529482046492276
2026-06-01 02:55:00,71.18785494241014,116.51467242835771,2.95737709975638,1720.3377221781825,18.140308011261748
2026-06-01 02:56:00,72.48563482831682,117.12931450145828,3.039423391867185,1694.1277014423317,17.784660942749912
2026-06-01 02:57:00,72.06162868141112,117.33773227951285,3.212147182248811,1702.7282217986535,17.980689240873033
2026-06-01 02:58:00,71.875156642495,115.2765930564042,2.9862404298513305,1668.1261413955062,17.743953822271934
2026-06-01 02:59:00,73.75267882306017,116.94329272918135,3.0168541864387888,1720.0770933163649,18.080570848170662
2026-06-01 03:00:00,73.09071866276282,114.3826800088829,2.8711903509143646,1703.2142776231922,18.520390765023194
2026-06-01 03:01:00,70.97131377812063,115.9871110354981,3.0711041170744204,1717.0901415743308,18.09596756808511
2026-06-01 03:02:00,72.22774009823172,115.61700564271197,3.1148970700128267,1751.185578885527,18.757642242619
2026-06-01 03:03:00,73.24921003450507,118.14375379237129,2.7974319857766217,1742.648263802445,18.521537548317283
2026-06-01 03:04:00,72.31517084149712,116.02003411727468,2.9199715515641307,1704.5967269434168,18.012436988861886
2026-06-01 03:05:00,72.1178281418495,117.27385927449436,2.8896923557218885,1705.4585699279755,18.237694117140823
2026-06-01 03:06:00,73.69250753162076,114.02889754023794,3.1944549614007283,1734.6351482558032,18.22262096804723
2026-06-01 03:07:00,70.5945243597499,115.30310618768115,2.761495025336823,1694.5975213090428,18.14433730351796
2026-06-01 03:08:00,71.90178335044286,114.67095095173477,3.0339694966101014,1724.021278740987,17.34967057071747
2026-06-01 03:09:00,73.35356471089695,119.56737549177753,3.214130132830026,1762.3281444865115,18.55304268803456
2026-06-01 03:10:00,73.72667988212416,115.82285961290455,3.136374295464581,1731.7714830363554,17.82827124852382
2026-06-01 03:11:00,73.47842919382481,116.14440631443921,3.004437628967189,1731.846491470849,18.244175639835465
2026-06-01 03:12:00,72.44883318146341,116.15165200460551,3.11862099414137,1729.35059707736,18.43991934712636
2026-06-01 03:13:00,72.6681073188956,114.65014540114123,3.259380618425685,1712.4104497615417,18.398652414548565
2026-06-01 03:14:00,72.46743357324328,115.16007738391872,3.036612916854902,1714.9037900857265,16.965361840443034
2026-06-01 03:15:00,71.21380365102814,116.34506142071082,2.721448855428686,1697.1113533158273,17.21672901302088
2026-06-01 03:16:00,72.78097122659796,116.42792913903043,3.260497412737907,1737.0164208946455,18.387618028686312
2026-06-01 03:17:00,71.00146499302376,113.25747277330868,3.1279040942402596,1697.2959748526152,17.02747839927482
2026-06-01 03:18:00,71.45151979489864,115.4586826549785,3.070976704474237,1725.7024592443436,18.31348696578261
2026-06-01 03:19:00,72.23274100658183,117.32080182885271,2.7759986117723647,1731.5866480544157,18.441838392450524
2026-06-01 03:20:00,72.79514742550099,116.95620654209367,3.0386096448128193,1709.2965514114476,18.57924079517685
2026-06-01 03:21:00,71.7891021148558,118.03714732869454,2.973712235925113,1710.1918305268416,18.19116355994734
2026-06-01 03:22:00,72.76705458870474,115.00183554224415,2.896532267032136,1713.2494371399898,18.267708377901485
2026-06-01 03:23:00,72.05399802693404,117.8918860464412,3.0698506256687232,1704.6771342313898,18.260942027497613
2026-06-01 03:24:00,72.12508503628922,115.49738005392913,2.956316121300431,1709.6881947429451,17.186200819118444
2026-06-01 03:25:00,72.02885086506096,118.06587820518702,3.006499259873941,1701.6482639175883,18.375613095016384
2026-06-01 03:26:00,70.94298849274153,115.92490847509129,3.1723401652687997,1699.610902495885,18.516662279924127
2026-06-01 03:27:00,71.68530660275545,113.35536088693685,3.092491252897504,1719.0346298407958,18.181925985142932
2026-06-01 03:28:00,71.10415283979994,116.93767590590004,2.98691080455463,1721.5109781474655,17.758164885645314
2026-06-01 03:29:00,73.18675076995754,115.55358091483595,2.9790293054328996,1710.074582797213,18.338878525864097
2026-06-01 03:30:00,72.93002571231378,116.01332523950147,3.029424599307296,1694.834320453502,18.751452966926617
2026-06-01 03:31:00,71.4708290784855,114.05236947119634,3.0159557113835196,1728.177378531244,18.364537617924686
2026-06-01 03:32:00,72.88772624084334,118.15378211165651,3.1680837085129947,1709.3692156800844,18.514319945645468
2026-06-01 03:33:00,71.3093018267128,115.43130848047309,2.9140579731584597,1745.0231238016763,17.391571021737647
2026-06-01 03:34:00,71.18364380097167,117.99752629251226,3.2925981068003227,1712.7804917580281,18.21302754516261
2026-06-01 03:35:00,73.34766977153852,115.99300246008119,3.188415415601986,1722.1765841975002,18.513505349979894
2026-06-01 03:36:00,71.87018367892014,115.26166588008446,2.6809748095464783,1711.8565301756967,18.602943911213572
2026-06-01 03:37:00,72.35715268736111,118.20201541401612,3.1207077455096375,1725.2322096053338,18.515539778225257
2026-06-01 03:38:00,73.01904797249571,116.08681987495923,3.234431934757003,1767.8127979759236,18.70819133546016
2026-06-01 03:39:00,72.45241038646977,115.93989314041512,3.126051189506874,1708.3145257895094,17.276951902638153
2026-06-01 03:40:00,71.32007720877634,114.62361929302959,3.015586884133565,1734.6325333881632,18.304125161597028
2026-06-01 03:41:00,72.11513005423615,115.7560714186591,3.077850862672898,1718.7624316877866,18.344208565558695
2026-06-01 03:42:00,71.85533733618122,116.80359627882633,3.1126920782569285,1734.7957168780456,18.505667472947508
2026-06-01 03:43:00,73.25019184247401,114.35555220951015,3.176409451661549,1683.2159400633864,18.574133678454064
2026-06-01 03:44:00,73.26621492869833,115.62379806031474,2.8724493256695065,1746.1160316704365,17.780039165226633
2026-06-01 03:45:00,72.29466995818676,115.81113719260654,2.996958774847551,1722.6576872594462,18.761252555493527
2026-06-01 03:46:00,74.47309764019666,117.08579991001773,3.379524782167517,1722.7312840194884,18.828993887619276
2026-06-01 03:47:00,72.55001628556761,118.59295419192206,3.12610759130255,1737.7827500425003,18.33387525911075
2026-06-01 03:48:00,71.46594877254938,115.64208908717092,3.295987510315078,1715.5190894981197,17.637498679400856
2026-06-01 03:49:00,72.43457763471717,115.34674271608675,3.526195189733093,1698.4531021714024,18.166197395507282
2026-06-01 03:50:00,72.01389373565318,119.12169932659783,2.9812650835233394,1674.664864274493,18.027298085606343
2026-06-01 03:51:00,72.10479195632306,115.5715572041388,2.8931664706870266,1741.9426092318356,18.182164770179718
2026-06-01 03:52:00,72.93191809919486,116.13796385190871,3.0512873030704593,1714.8806375703305,17.93259700875044
2026-06-01 03:53:00,73.33723801548211,116.20786878073056,3.2740012025646306,1712.6365195529356,18.562377720423026
2026-06-01 03:54:00,71.98960826879826,115.72811217387651,3.2565167204469803,1706.108218136121,17.86790164394815
2026-06-01 03:55:00,71.93533127422545,116.17942970960823,3.4132048810394657,1736.4486947345715,18.529692146867212
2026-06-01 03:56:00,70.94211658612092,116.7465200152435,3.0372501215779972,1701.2025181953552,18.504864780438215
2026-06-01 03:57:00,72.66616968908028,116.72509510901679,3.1558958000721202,1726.2029486729884,17.795115409606716
2026-06-01 03:58:00,72.2760913055684,117.26623409314412,2.958149180163779,1707.9634738208736,18.010815723917357
2026-06-01 03:59:00,72.4325301930486,117.38975583912568,2.699747019566476,1696.3368126374774,18.45732618158577
2026-06-01 04:00:00,71.12908210445191,116.28624239896543,3.0631174201678286,1727.3323384599082,18.128341758707453
2026-06-01 04:01:00,71.74889663000134,116.72559381953448,2.9118714923029065,1733.5319943152383,17.595999912359193
2026-06-01 04:02:00,71.87553549776418,117.10869903802521,3.148384582255808,1700.1864196367258,18.235026746839896
2026-06-01 04:03:00,72.9145995145205,114.53517852338891,2.775699697718586,1711.0153831626956,17.692006287453296
2026-06-01 04:04:00,74.02333975788217,119.94855713700355,3.0191469793468753,1727.4645143956936,18.55553950355166
2026-06-01 04:05:00,71.5283919883765,115.31376120254592,3.102076104491339,1719.0617164237296,17.56681417172666
2026-06-01 04:06:00,72.15785235526734,115.56803208957379,3.1218003248090724,1742.7585585245286,18.312433587553645
2026-06-01 04:07:00,72.8353631935982,115.41812899619595,3.1177114572655547,1720.1074144488732,18.26778832329689
2026-06-01 04:08:00,75.4390376053502,115.77736057051524,3.426497877860367,1724.328556179562,18.958141708729087
2026-06-01 04:09:00,72.10129825070034,117.14485235021463,3.300486976541165,1710.3837596624924,17.902053149423914
2026-06-01 04:10:00,71.90451735489341,118.94427349590163,2.9786869802221734,1702.1340002883258,17.917527546585347
2026-06-01 04:11:00,72.73854838214721,115.75530424454074,3.3371442753353384,1693.3141399736764,18.382890484864596
2026-06-01 04:12:00,73.28860917355756,117.27189891335726,3.3880048226254758,1726.7413676179801,17.997809989902933
2026-06-01 04:13:00,73.13615856462994,116.30761120644283,3.0509753966661983,1721.8213032357462,18.74099891082676
2026-06-01 04:14:00,72.37584430568316,117.46911166352051,3.0913983476691844,1716.954362714798,18.20865667742822
2026-06-01 04:15:00,73.28131336712758,119.24096774253843,3.097625792705514,1720.1062086821446,18.062751027449632
2026-06-01 04:16:00,73.41622294889851,118.30378899336664,3.0018248178956446,1706.233995437985,18.079574200619355
2026-06-01 04:17:00,71.88378779221807,115.95180940043797,3.0006965505692365,1720.2953771301864,18.126129447455114
2026-06-01 04:18:00,72.78242964724807,116.94825220002153,3.2854804550041545,1720.0643016477068,18.555196577880682
2026-06-01 04:19:00,72.10797640685648,116.69788338696122,3.1285540198505895,1719.712897256911,17.614300003442526
2026-06-01 04:20:00,71.33275605790864,116.26390079996143,3.0027388717648913,1722.0286007387235,17.99649127761298
2026-06-01 04:21:00,72.76675421849195,114.96717515353885,2.946587156729011,1723.0045584655318,18.12134506029737
2026-06-01 04:22:00,72.83257609445087,115.47606141092706,2.9819229650881582,1738.9096248534383,18.834285144181738
2026-06-01 04:23:00,72.50606283313266,117.578828080835,3.055491376676091,1724.5968875321173,18.500180028134487
2026-06-01 04:24:00,73.05206325724734,118.0133493382139,3.2377607993112516,1727.3662093721284,18.891958412900703
2026-06-01 04:25:00,73.5608998264103,116.42770112621808,2.9827732888547818,1696.2194218553245,18.350805130401593
2026-06-01 04:26:00,73.91431240029738,116.73548538275033,3.2300699792123697,1734.765371946799,18.784211349145238
2026-06-01 04:27:00,72.02382154581812,117.92043032333868,3.1284577614310685,1715.3150234052348,18.748767572188687
2026-06-01 04:28:00,72.51968590050372,114.35158123801206,3.114539883676598,1719.8108843670718,18.477056653334863
2026-06-01 04:29:00,73.29994845403648,115.84770385842647,3.2460912072507613,1699.350834043191,18.5024629271611
2026-06-01 04:30:00,72.72344447159047,118.59079754648324,3.2044606002712404,1746.9394613947866,17.84684662656556
2026-06-01 04:31:00,73.33404251173036,116.84242829397233,2.8882062517494886,1682.6635514516126,18.972951122629812
2026-06-01 04:32:00,74.92604137719094,115.00653050068202,2.9281706066171433,1740.4762174556133,18.08273601985823
2026-06-01 04:33:00,74.53363806326749,117.16190357427553,3.1003168466644953,1733.326272791836,18.734462798575446
2026-06-01 04:34:00,74.64001588243524,118.09335553343753,3.177904778302385,1696.3223640935896,18.70449570756062
2026-06-01 04:35:00,72.78187389230028,113.45792624489685,3.305604066262909,1750.729504262093,17.708345942190057
2026-06-01 04:36:00,71.54857705455692,116.38299645746669,3.0878570273351853,1723.3258619891315,18.06528765821711
2026-06-01 04:37:00,71.88650480248107,115.62208190742301,3.326819736337659,1678.8783112656456,18.11583967261131
2026-06-01 04:38:00,74.09427047667324,114.79195341807493,3.01148875090373,1717.161165931101,18.335821755274488
2026-06-01 04:39:00,73.29768582671909,116.58442447758425,3.0184373199532755,1727.8325449770634,18.227362062323408
2026-06-01 04:40:00,73.42976500087178,116.3898056740838,3.057719754467379,1746.412993746989,18.87386485859643
2026-06-01 04:41:00,71.60530094414689,115.85947992415514,2.9366417529412,1705.7064541387424,17.613338551255143
2026-06-01 04:42:00,73.08534546716106,116.274281036812,3.2867235910325876,1682.858921507122,17.838594102066928
2026-06-01 04:43:00,72.96103346867234,115.32685456970852,2.6880226720521714,1742.5847710333917,18.04163329900485
2026-06-01 04:44:00,72.74987767628143,114.33938525775673,2.9968079041640983,1721.941681154822,18.34027309599858
2026-06-01 04:45:00,73.2304574465517,115.45010982367813,3.2574936088302864,1683.5641944600557,18.476139724646
2026-06-01 04:46:00,72.19820796849552,117.53270318100753,3.0532589374473713,1725.1617840915624,18.493203396913295
2026-06-01 04:47:00,73.49045150516454,116.71997308128178,3.2569522191341878,1725.9323468454893,18.584868966845494
2026-06-01 04:48:00,72.15728985279834,116.25592542336575,3.4189148496628663,1712.9817008816472,18.271882422375825
2026-06-01 04:49:00,73.17023175956311,115.14982544015933,3.1052275116583723,1706.2247215175867,17.991568045070863
2026-06-01 04:50:00,72.55639183135055,115.90628429323522,3.2656722878598963,1708.9204596071843,17.799428467243366
2026-06-01 04:51:00,74.20922818002423,117.36288774034517,3.461423873241458,1714.8303419826996,17.734302044508947
2026-06-01 04:52:00,73.41734974850009,117.48164524082509,3.185373921137737,1730.3328692517744,18.347083845782908
2026-06-01 04:53:00,71.47560849057149,115.09372086520057,3.03721448915361,1720.7101923758296,18.14851721582479
2026-06-01 04:54:00,73.21962357194631,113.23349194118802,3.226514765810385,1686.0115214080201,18.27835151354805
2026-06-01 04:55:00,72.28688993588295,115.68321135179673,3.2771677468718847,1723.7466240555407,18.255693048611718
2026-06-01 04:56:00,73.00309583728567,115.95145731968084,3.0962237553065277,1727.7284070833698,17.84319519181492
2026-06-01 04:57:00,72.45094905286965,115.24358135504076,3.016230683234825,1720.2985671147428,19.19776154452778
2026-06-01 04:58:00,71.42580750341394,115.4226182053017,3.31883790741574,1706.172886139544,17.629031017982417
2026-06-01 04:59:00,72.73938086052831,117.52543978469171,3.0624464733988455,1741.9048842645902,18.321034803073516
2026-06-01 05:00:00,74.82379928587515,116.92233806013505,3.310198902484529,1746.3939563193144,18.88475386291004
2026-06-01 05:01:00,71.50198038598388,117.17804574438202,3.105457456773497,1707.7122841545442,18.01213783157771
2026-06-01 05:02:00,73.8758660354905,114.90132336190213,3.3881360979605493,1721.572095030878,18.032909286109895
2026-06-01 05:03:00,72.96225359687143,115.98921192807732,2.962995698109902,1729.6481209660278,18.501108574719524
2026-06-01 05:04:00,71.75650847871054,114.11021975265133,2.9681560254061314,1738.4000370634444,17.682700965583315
2026-06-01 05:05:00,72.69762265375856,115.62925051570448,3.2042491970417477,1702.982394705024,18.76739100918632
2026-06-01 05:06:00,71.58562548997335,115.10342908253254,2.9209969726060545,1702.4165872286014,18.292002773390216
2026-06-01 05:07:00,74.20263799473284,118.38758566621442,3.1408330871134624,1728.7801915643477,18.323677264168392
2026-06-01 05:08:00,72.86695002504365,117.12800607678638,3.341351496262259,1704.964332561249,17.75162291974176
2026-06-01 05:09:00,73.97210772737665,118.20050235709736,2.86445564331901,1697.2611304310697,18.030562136921308
2026-06-01 05:10:00,72.59991119504534,116.3024501870457,3.181498730282833,1711.9299285957363,18.387996526818053
2026-06-01 05:11:00,73.29305118562962,115.37391094683292,3.2882666526235003,1727.5584231018356,19.05588530261697
2026-06-01 05:12:00,74.72236385227859,115.72852616550492,3.128807300838714,1749.8428446687649,18.588391154063622
2026-06-01 05:13:00,72.55495997027865,116.9187932932734,2.967620485868353,1710.7054121374465,18.438956912679856
2026-06-01 05:14:00,72.95083335102552,118.89047730300247,3.0751610327839227,1721.0464501303322,18.51358447492894
2026-06-01 05:15:00,73.12811008794286,116.87706538496901,2.9663691409985202,1720.7625976079419,19.136720155431348
2026-06-01 05:16:00,73.36850369877605,116.04268324478416,3.1098673684144167,1710.1697363563624,18.069646101368747
2026-06-01 05:17:00,70.58155346046955,116.03792342344627,3.0427907292537073,1705.951854751239,18.75841127869999
2026-06-01 05:18:00,75.15584017447499,116.73419714362223,3.0411280910787704,1728.648208149501,18.226447136277667
2026-06-01 05:19:00,72.66798270590861,118.55454103174876,3.1447601065465856,1697.0061253039657,17.779839804457218
2026-06-01 05:20:00,73.98136839444959,118.19224701124547,3.350995125467782,1711.314350301509,18.32411404147877
2026-06-01 05:21:00,72.72744518534152,116.733089576316,3.14391571658238,1715.9096987549988,18.17675197247681
2026-06-01 05:22:00,72.1773222538503,116.96248089171337,3.323603337589634,1729.2476178357583,18.64020664409171
2026-06-01 05:23:00,73.95128814191963,117.06497931490357,3.350540751097716,1700.0147046181373,17.423284118980234
2026-06-01 05:24:00,73.60330229378877,117.62085716132643,3.0471857118647216,1725.0740986253973,18.573007167560807
2026-06-01 05:25:00,73.83869470143314,116.20593712947252,3.1546804204682277,1703.3274929846039,18.1113884589533
2026-06-01 05:26:00,71.84878258048361,114.99901698149495,3.0037186346008333,1703.2291442825763,17.71637475190261
2026-06-01 05:27:00,73.1192137600132,117.70305544102588,2.8753014990475885,1731.3546149627032,17.71388458597698
2026-06-01 05:28:00,71.64760278554041,116.16017922202029,3.128950793330089,1714.009649840665,17.920978411118885
2026-06-01 05:29:00,73.35314094088403,117.4692884163484,2.9308985501840934,1742.7802497358266,17.958764619907306
2026-06-01 05:30:00,72.93036841252132,118.91592632057547,3.202014546142747,1724.790848124404,18.299615582166656
2026-06-01 05:31:00,75.15499067584912,88.98613447092848,2.8785694587147423,1736.91042657877,17.684190965920873
2026-06-01 05:32:00,74.34863910576634,116.70939827437245,3.110924956514198,1728.9768219451519,18.178829960722883
2026-06-01 05:33:00,73.67713461937375,120.02577905212074,2.843422547725745,1715.6081955006139,17.776092234466066
2026-06-01 05:34:00,74.02076801137513,116.74861656531354,3.201092542380973,1700.267775666858,17.59608204057996
2026-06-01 05:35:00,72.18459423845135,114.81746029310352,3.016067419796188,1713.437992886851,17.8437934159575
2026-06-01 05:36:00,73.51411888426465,115.95297048122706,3.0125604178585683,1709.2143165533482,17.835590184366616
2026-06-01 05:37:00,73.09517003906258,118.44807727293639,3.274712768942556,1712.5761240539216,18.309482705412474
2026-06-01 05:38:00,72.43656178296929,115.28668708804672,3.074410335326812,1726.8664869664792,18.195239771023978
2026-06-01 05:39:00,74.55523279728321,115.77338430804575,3.1283836125129243,1700.6075803842755,17.758351702209964
2026-06-01 05:40:00,72.51686995945438,117.1346173617204,3.024001248591875,1697.651075715573,17.54811112000834
2026-06-01 05:41:00,73.1472452587871,116.26021350144008,3.1818527477318526,1705.9678089514864,17.602418498404585
2026-06-01 05:42:00,72.053824739274,116.38469112819767,3.257574143177354,1716.4131123760815,18.713344229039016
2026-06-01 05:43:00,72.7711241852589,117.90808974741779,3.2333481427510975,1710.0781450713578,18.82916577974133
2026-06-01 05:44:00,72.50550149186019,116.12102356910034,3.062080313225442,1715.879688201853,19.058170324476524
2026-06-01 05:45:00,72.51169848572735,114.11549395999002,3.2398781720786394,1713.7361765709757,17.702969405597354
2026-06-01 05:46:00,71.3570951666596,114.65320800504043,2.9505387068703324,1710.9130091826246,18.678779411109986
2026-06-01 05:47:00,73.57918350146541,117.37299593476558,3.000285006504901,1722.4035530055494,18.500228852997367
2026-06-01 05:48:00,71.3719772863676,116.33442449489263,3.0490609551145638,1696.9107413682386,17.682870787647552
2026-06-01 05:49:00,72.74075183228737,116.10997747820828,3.2864238874408835,1713.4544296309418,18.219121110310834
2026-06-01 05:50:00,73.40884270698882,115.21852937121443,2.931749241495658,1752.0668175860794,18.235747371249015
2026-06-01 05:51:00,73.23859799197858,116.42813099993546,3.2505772049617385,1712.9098454033401,18.417390043261378
2026-06-01 05:52:00,73.32615756848449,117.66762388557267,3.080308145248777,1686.1076157603422,18.309063426563217
2026-06-01 05:53:00,72.47277477150689,115.74044794864983,3.0511686043450754,1728.3776497690728,18.371000183846775
2026-06-01 05:54:00,73.03420319214102,116.02480662791697,3.2860061185695257,1713.647497643632,18.27060546465217
2026-06-01 05:55:00,71.2288991265293,115.14088056584535,2.9842331388075425,1724.5844561253464,18.82558950964416
2026-06-01 05:56:00,71.39270627522606,116.12919634362159,3.447524210432102,1719.5915325845651,18.2395328815533
2026-06-01 05:57:00,74.60050285427386,116.98666925200541,3.078902029261693,1729.3278031100526,18.22207600930012
2026-06-01 05:58:00,74.14875720562863,118.77914229362615,3.105205542646286,1715.051515293412,18.03356129461683
2026-06-01 05:59:00,72.98563519819714,116.71706493239292,3.328484226879055,1716.011410942928,18.182583395458813
2026-06-01 06:00:00,72.24942346780337,116.38982951397986,3.1233390011379996,1736.608716288188,17.68215229055363
2026-06-01 06:01:00,72.99124862038221,117.6505278075693,3.2859972571217497,1688.2612524940648,17.906262954714624
2026-06-01 06:02:00,74.29863967932778,117.63534882086563,2.8270189071242764,1704.1162196753069,19.378339834406066
2026-06-01 06:03:00,71.95311011767733,115.48911768952746,3.012431155092188,1703.3877183799225,17.430987722225932
2026-06-01 06:04:00,73.11464476091079,119.22474092175482,3.1569946556726367,1694.1042591557275,18.339845080686036
2026-06-01 06:05:00,73.87795456945011,116.91481968216482,3.291818208304682,1718.7302603183862,18.60904967136772
2026-06-01 06:06:00,72.09776890157283,116.56005990324651,3.200548451660441,1708.347596100613,18.543294351298325
2026-06-01 06:07:00,72.08429656534244,116.91424368581133,3.1849131749277984,1731.3221743244032,18.273024958599375
2026-06-01 06:08:00,73.35421289350441,116.97482493921355,3.263143882891713,1719.4729613146305,19.03623570851914
2026-06-01 06:09:00,72.7228077139034,118.58263631415618,3.1880635554449674,1720.1669520692387,18.471937895594337
2026-06-01 06:10:00,73.36538377458078,115.79410966208502,2.7786557392509175,1714.3290907530363,18.790141947193383
2026-06-01 06:11:00,73.41665834599769,117.83701945548177,3.3427945383342883,1709.5128722901513,18.864469343869523
2026-06-01 06:12:00,73.61185883752222,116.9524646313638,2.9913490832702476,1736.7616750454943,18.99428734639745
2026-06-01 06:13:00,74.60743710474092,117.92940136003446,3.163719319498161,1741.4862682739674,18.38500176872294
2026-06-01 06:14:00,73.19232065987849,116.4054546080681,3.1380465240437485,1703.996671963779,18.490876110008863
2026-06-01 06:15:00,75.12601210207706,116.77458588757798,3.1534380971912594,1753.568628668756,18.44987154238509
2026-06-01 06:16:00,71.43596885275278,117.31328575364114,2.929747068590906,1709.0658955277822,18.2813002208354
2026-06-01 06:17:00,71.41334676914607,116.32441049853725,2.7688505830933994,1700.6431652458373,18.033404257757912
2026-06-01 06:18:00,73.97545551497053,115.9922991462645,2.9814199846141998,1733.4472691962374,17.657362912341632
2026-06-01 06:19:00,74.25374139228435,117.9722731681567,3.2144383272172905,1726.5311744266444,18.121511836540705
2026-06-01 06:20:00,71.48535069427314,117.40566743057067,2.884783799311409,1719.2864538615324,18.61927718020474
2026-06-01 06:21:00,73.69617730412607,116.79752756822488,2.993729360953476,1719.9600301411622,17.90321059875622
2026-06-01 06:22:00,73.19018395119919,115.45053910115575,3.1302014270854746,1731.0841790475545,17.611671557058138
2026-06-01 06:23:00,71.60590090207553,116.55391568939282,2.920350206312814,1705.543292415738,18.52073822770878
2026-06-01 06:24:00,71.85252787549297,116.80398173074889,2.985969402332315,1712.4537901989443,18.542950963309767
2026-06-01 06:25:00,72.77107842869613,114.33995353156085,3.0957961354322374,1742.1113936545028,17.878114352276466
2026-06-01 06:26:00,73.39210437361818,117.07306587234739,3.1505463285575224,1701.573734533192,18.380718272573183
2026-06-01 06:27:00,74.54633445691597,117.42992468117247,2.952706710324977,1715.0783776042413,18.292208543058674
2026-06-01 06:28:00,73.50218201057967,113.74876316129922,3.1259215362378803,1736.3330486775237,18.756641124989823
2026-06-01 06:29:00,73.19057363511509,116.29960524984621,3.1307733902196793,1722.1090360809,17.8187502520302
2026-06-01 06:30:00,71.3002658362939,116.62766722234561,2.8619623387999202,1723.99874732953,17.745609639391947
2026-06-01 06:31:00,72.41278951439465,117.19965889881489,3.13240010785487,1700.191467605229,18.78760934686061
2026-06-01 06:32:00,72.50716003162601,117.30680731875785,2.9821038017396897,1722.7349825179417,17.7706024134579
2026-06-01 06:33:00,72.31730314879489,116.22921290132258,3.1267401312192105,1717.3524704584268,18.11196288845275
2026-06-01 06:34:00,73.77502912278659,115.4462221612987,3.2214025093116883,1756.6743863171491,18.400214286719972
2026-06-01 06:35:00,72.73932690043429,114.36432149720076,3.0751621265953495,1732.4608630288653,18.871515273143338
2026-06-01 06:36:00,72.88171375302895,118.02024032518712,3.2509838081638893,1722.4595199783555,17.877401285021623
2026-06-01 06:37:00,73.49744265184653,117.39293655462808,3.2219059617743775,1724.9452502764645,17.99039408306137
2026-06-01 06:38:00,72.36192300559314,118.04063453098045,3.2454043685546763,1722.6602871671132,18.556244235658248
2026-06-01 06:39:00,73.15026599053695,115.39676247911318,3.1449286316261102,1727.3776532467657,18.4322460423502
2026-06-01 06:40:00,72.46398649994467,117.3879319125193,3.260003580590503,1706.1332007915082,18.296286373491636
2026-06-01 06:41:00,73.99746490620839,114.73187673311836,3.1601038872273044,1740.9461784370633,18.22085845719806
2026-06-01 06:42:00,73.12789174535867,115.67764863351938,2.86464700531325,1703.0763026961918,18.412381413687783
2026-06-01 06:43:00,73.21663422308812,116.50672590473029,2.971559617814098,1721.1497006487261,17.574869333758095
2026-06-01 06:44:00,73.40123180280058,117.42464010768282,3.0768975034692656,1709.3530156863978,18.354964288368233
2026-06-01 06:45:00,73.37797406503205,118.40624122050666,3.0796782947945824,1719.1947623275623,18.788562303221827
2026-06-01 06:46:00,72.95720632718371,116.14654752825473,3.1493024410024,1733.9486065826625,17.689252895309988
2026-06-01 06:47:00,72.10412991279361,115.67852425518723,2.9934521468149358,1697.213804304151,18.045091574192927
2026-06-01 06:48:00,72.54564141096263,114.76872463638674,3.3592598583347106,1709.0485358445949,17.775900066842052
2026-06-01 06:49:00,72.08366358457685,115.25148982724244,3.0564249176630254,1692.7623778985476,17.904881941903913
2026-06-01 06:50:00,72.67118964477795,118.68502054721719,3.0668327233544614,1709.406441249112,18.746440171936936
2026-06-01 06:51:00,72.07805447111164,116.67117694216964,2.9502495435837286,1688.5364842487106,17.508701315889436
2026-06-01 06:52:00,71.89751434545352,117.59311398556625,2.9333652036484295,1719.2011293139467,17.676353292430203
2026-06-01 06:53:00,72.63796179107776,116.39811635299311,3.0933811282552757,1716.072772268629,18.65087820677059
2026-06-01 06:54:00,73.2704634025227,116.37111124180325,3.0956719193405395,1729.5147002092203,17.927802205735105
2026-06-01 06:55:00,72.79010103507648,117.35546753645268,3.0880543941458614,1738.6463733891226,18.57324491900681
2026-06-01 06:56:00,74.31356110042768,116.1752503314901,3.3670873140174336,1723.9225061390382,18.312279694871748
2026-06-01 06:57:00,73.56174365419047,116.50258274038443,3.1045304109093546,1738.1001875045501,18.609684050478226
2026-06-01 06:58:00,73.68168798225727,115.62183490063272,3.082542614177633,1739.8232807206075,17.588589230161
2026-06-01 06:59:00,74.05193293785075,116.3196534355332,3.246070633454413,1710.9237164025044,18.610584900786332
2026-06-01 07:00:00,73.18343346889898,116.53530107196782,3.072775241458209,1741.2118066439677,18.325381951042896
2026-06-01 07:01:00,72.09271407819774,115.20990936719824,3.160631628215962,1715.392066737006,17.99582847461279
2026-06-01 07:02:00,72.72019323955584,116.61030034910857,2.8926183275253834,1702.2193574871492,17.640467425008154
2026-06-01 07:03:00,72.95332597378409,116.34101999557231,2.8759631152291663,1717.8038944966734,18.086495039830165
2026-06-01 07:04:00,72.30753240864412,115.96035401635997,3.0966722771874973,1714.5912715121267,18.37734461028687
2026-06-01 07:05:00,73.09027910526021,115.33971794848046,3.0541020138413266,1696.663753247327,17.953873408301767
2026-06-01 07:06:00,73.3956982772315,116.8052607668581,2.990599956639934,1705.8749923002636,18.135056449747154
2026-06-01 07:07:00,74.00485921531038,116.34670251501487,3.1484502928075484,1750.5942214997594,18.793849519790236
2026-06-01 07:08:00,73.4183339642135,116.07571567985867,3.09935185941501,1717.775991904859,18.693989788188176
2026-06-01 07:09:00,74.06214033915914,117.86813111804787,2.99687401223519,1742.8986224694552,18.651036725924907
2026-06-01 07:10:00,72.30034754090673,114.61488410385024,2.996741442631033,1708.6635661320088,18.150991517047412
2026-06-01 07:11:00,73.31356892235658,119.17918643027593,3.1372260041500257,1708.9222691905898,18.188211088686373
2026-06-01 07:12:00,72.21302115563205,116.30023046909113,2.9393221509178167,1693.2470649759812,18.18262900692087
2026-06-01 07:13:00,71.61217664608515,116.36948407023566,2.9677468659869852,1726.1900128907128,17.407441912967712
2026-06-01 07:14:00,73.64946739059859,115.79767447198965,3.19348857643579,1728.8391452925916,18.28873305437948
2026-06-01 07:15:00,73.15828083245538,117.60954883985,3.0790175941944837,1710.4054214126465,18.567401306583285
2026-06-01 07:16:00,73.11559230130256,94.30543237510503,3.012293426199079,1704.884877165751,18.144907839014007
2026-06-01 07:17:00,71.30300836968094,115.62226583544326,2.9375534559661762,1731.5058146732163,17.797403973916953
2026-06-01 07:18:00,73.2169406918069,115.52705922810131,2.929196780809607,1713.5764797549461,17.821639232970263
2026-06-01 07:19:00,73.00924336668402,116.217940724146,3.0829120881189653,1718.0371288357737,18.25735909599496
2026-06-01 07:20:00,71.91593817325385,116.85478241644144,3.3940562537453376,1709.025314619587,17.682528077515897
2026-06-01 07:21:00,74.08087899908247,116.71325843332517,3.1852603699990825,1713.966582336395,17.889520925563406
2026-06-01 07:22:00,74.19779287749286,116.46575316031893,2.900976019569204,1728.4329737174417,18.869919426053954
2026-06-01 07:23:00,73.80880020824746,115.94519560964768,3.2260091791890084,1702.7387473715412,17.985010465715867
2026-06-01 07:24:00,73.16210447049717,115.37452662577653,2.9726693284477914,1718.5115226715218,17.82815141113408
2026-06-01 07:25:00,72.5238682847365,115.4019053197748,3.0629350241003706,1727.0665020008807,18.09401237673898
2026-06-01 07:26:00,74.54820387613907,117.26812393153749,3.026057114457077,1721.6058601874586,18.18119083564556
2026-06-01 07:27:00,73.1699905757028,117.08847972860319,3.389664413776347,1733.0636322785624,18.182337514391058
2026-06-01 07:28:00,72.38815640849595,117.68160655150102,2.944894047590989,1743.1110340540504,18.707727051893926
2026-06-01 07:29:00,74.61449397913908,116.50156361773452,3.147263431085725,1733.5980537110404,17.632829859260706
2026-06-01 07:30:00,73.54548159099589,116.80675236880732,2.986966632009374,1709.894203991749,18.474937574431063
2026-06-01 07:31:00,72.56824908722093,116.28579337986008,3.210019826954459,1719.30754763993,18.011011217785306
2026-06-01 07:32:00,73.10842203854718,114.8753034591025,3.175088809557201,1731.4007000931838,18.36859994681459
2026-06-01 07:33:00,74.40641269220221,116.74216882649219,3.321601628518769,1719.6375002722216,19.269477242723273
2026-06-01 07:34:00,72.57020087354098,115.94601250168822,3.2008112993395446,1711.0721348588402,17.637152760655255
2026-06-01 07:35:00,73.10604507654774,115.17417015135942,2.9907048794472595,1710.4972917181715,18.446793283230193
2026-06-01 07:36:00,73.98110594043024,116.01231722280045,3.5503097355436024,1760.7292787984202,18.797806879571983
2026-06-01 07:37:00,71.77473600067341,116.2760544526846,3.157576903750023,1710.7862359527685,17.783560098068776
2026-06-01 07:38:00,72.03683964205311,115.1049668752782,3.0150582422157424,1735.5616410399307,17.965339983248754
2026-06-01 07:39:00,73.0175665870005,115.5015133406525,3.1211281193503644,1705.0183778579317,18.029760794243362
2026-06-01 07:40:00,72.4805580037629,118.31111656265551,3.19153398694821,1744.9084141483065,17.95103469996768
2026-06-01 07:41:00,72.33022078137938,114.18342448534037,3.1626973102667346,1709.0771157043591,18.079924436499986
2026-06-01 07:42:00,70.67935420749438,115.65718908700357,3.1328713932113232,1712.4880893217976,18.295546269319736
2026-06-01 07:43:00,71.25655847679327,114.3295810892696,3.193582478300639,1682.2311894676977,17.71928267657884
2026-06-01 07:44:00,72.59791318393574,115.11101167816054,3.197757373810519,1730.2553591697224,18.37790965828379
2026-06-01 07:45:00,72.9001590597519,115.9704218512755,2.9533788435190673,1736.101051109918,18.664257497912317
2026-06-01 07:46:00,71.8782017561182,115.06935271925389,3.399837720028313,1698.9168469261322,18.29964578468037
2026-06-01 07:47:00,72.90666403223668,117.60935450228527,3.4233756902222363,1743.230566849126,18.670512306500292
2026-06-01 07:48:00,73.34922654631092,118.28968854098163,3.2313652541029634,1702.1847898218373,18.096572070102827
2026-06-01 07:49:00,72.53862299226776,117.05491214064939,3.0754643994543347,1723.4129860569565,16.973262405642703
2026-06-01 07:50:00,73.19379768315927,117.66436452676766,3.1040381347735497,1714.811503849204,18.45169626134004
2026-06-01 07:51:00,72.00098809508988,114.54967517045489,3.0317925398001013,1736.1152479495815,18.4212694420966
2026-06-01 07:52:00,72.716484029742,115.94742701169339,3.053449848780867,1720.259368521245,18.216533847926236
2026-06-01 07:53:00,73.95575198128618,116.93783908295681,2.76377792457414,1732.3311409379112,18.55237455406718
2026-06-01 07:54:00,73.17206975801837,117.54940610102301,3.3298046515426414,1738.6193767635566,18.03268324627661
2026-06-01 07:55:00,71.12010682813721,118.31733617952784,3.2575055521373937,1711.8120284185327,18.31406251277919
2026-06-01 07:56:00,73.4247303115393,117.91393253048413,2.8572359825037656,1721.3142513010603,18.904400057501775
2026-06-01 07:57:00,73.56749066250303,117.04194889117514,3.1979090234148484,1696.2144409691018,18.249348435259716
2026-06-01 07:58:00,71.58495787474457,119.46774995926576,3.0860051596589457,1712.9321053054914,18.690819940120726
2026-06-01 07:59:00,74.18698040888815,117.19717123764121,3.1089164350834806,1756.6607655504888,19.08046277677409
2026-06-01 08:00:00,72.55085571050277,116.01909190257436,3.164990361515561,1729.549564244567,17.694427250678537
2026-06-01 08:01:00,73.52814158699694,116.93854709418099,2.8536297622519955,1707.3405750258921,18.65053123546429
2026-06-01 08:02:00,72.79520131075152,115.22183648729009,3.0863059422794477,1742.0703034753094,17.907168077392956
2026-06-01 08:03:00,73.83866308055258,116.54450328877249,3.1094783595764963,1725.3462842884371,17.788678013367893
2026-06-01 08:04:00,72.60525861459136,114.19649336020238,3.096648410867285,1729.3725804501091,18.020096273058783
2026-06-01 08:05:00,73.48429870908996,115.59582268777879,2.876959625688169,1723.7745393172434,18.81728638260205
2026-06-01 08:06:00,71.99610652799785,115.9067148690348,3.136711763157251,1720.231250161403,17.805037718855225
2026-06-01 08:07:00,72.52912807118152,117.54418109420426,3.2526134990880204,1688.76254229854,17.499022802721907
2026-06-01 08:08:00,71.49787558852694,117.34991964074254,3.128873785444918,1730.159203878809,17.43046225388918
2026-06-01 08:09:00,71.48286498360386,115.3119268257487,3.0635063002199248,1685.7618656261386,18.425485397817805
2026-06-01 08:10:00,73.40197166964688,119.08191339080942,3.509400975108109,1736.448800244317,17.99180652370981
2026-06-01 08:11:00,74.38623611401299,116.54956611574515,2.9527483116023934,1719.780404778863,17.36848455515687
2026-06-01 08:12:00,72.71085084553154,116.46018519108834,3.1941597771940415,1728.1603805750485,17.524020577586747
2026-06-01 08:13:00,73.33063569845784,114.44938672557825,3.1291989830230533,1720.9175985555412,18.262076766788482
2026-06-01 08:14:00,71.98602857286208,115.41415794829275,3.379062063546804,1731.0993031692915,18.390907667018705
2026-06-01 08:15:00,72.8602703991678,117.78765712993234,3.159870376126764,1720.61380153835,18.08564803617824
2026-06-01 08:16:00,72.17598225780266,115.89786868882373,3.136448922320461,1713.469027310785,18.10665879732502
2026-06-01 08:17:00,73.88535973874224,116.26858008475864,3.151804374784985,1721.2607669676636,18.4355730717863
2026-06-01 08:18:00,72.4682497174291,115.9115522890864,2.8838479996310613,1736.698909980517,17.505988655299326
2026-06-01 08:19:00,72.21210001947259,114.05210699174182,2.921931409183592,1719.4568215879879,17.843488388226636
2026-06-01 08:20:00,73.30389393426773,116.52195647129588,3.067842267530575,1702.08569716217,18.078750616597087
2026-06-01 08:21:00,73.15481078608191,118.18351425369116,3.2431752777774823,1711.4538744419065,18.46231091153898
2026-06-01 08:22:00,71.40785255955548,117.30937835402763,3.101986457973629,1722.3744496086333,17.757771039434832
2026-06-01 08:23:00,70.37468585522836,115.61637060559652,3.0200970960721993,1729.1176549691477,17.39803408447005
2026-06-01 08:24:00,69.7468949942119,117.20056924944379,3.227441092847962,1693.489583091749,17.683118064660217
2026-06-01 08:25:00,72.13307653566042,114.53570004589936,2.7724100861462797,1747.5530742985698,18.46744711171283
2026-06-01 08:26:00,73.63022578005875,115.76587259677254,2.9344209667825143,1728.3928543348093,18.67018399941892
2026-06-01 08:27:00,71.48913863717561,118.56869285306445,2.7143330974389213,1724.0731243783243,18.568907104062035
2026-06-01 08:28:00,72.0303044552724,116.72364932122632,3.249918681020249,1694.923318645846,18.382649353673468
2026-06-01 08:29:00,72.41230987373129,115.98686225612924,3.074392882757511,1734.5125096157378,18.183622964022593
2026-06-01 08:30:00,70.50520592484978,115.65536022529623,3.1930599337731533,1702.936470777581,17.62187598825626
2026-06-01 08:31:00,71.89753149511688,115.12888001605386,3.0567337401655754,1703.4362555534653,17.700526824544976
2026-06-01 08:32:00,72.16695634405653,116.54377049448374,3.234268175100031,1711.4002311759973,17.471286506386463
2026-06-01 08:33:00,71.81098068961003,116.38901133634857,3.0577968326255434,1736.1035986850097,18.551892422099943
2026-06-01 08:34:00,73.56364427539204,116.43501572362088,3.155563651883726,1725.8015284793014,18.073335002285127
2026-06-01 08:35:00,71.02411933534563,114.88151283425681,3.1244083764557,1703.6399920211904,17.454701955756583
2026-06-01 08:36:00,71.14379430266693,116.68392408090055,3.141737209991052,1710.260538728366,18.676838461237327
2026-06-01 08:37:00,71.91278319046738,115.31966356254762,3.3163824017947796,1733.8778623774526,18.015245421564586
2026-06-01 08:38:00,72.93046474672333,115.24360878501771,2.8514550895208823,1715.4780380732143,18.600498470419126
2026-06-01 08:39:00,73.60725977360995,118.16203482224222,3.0992054187789173,1730.2987728185747,18.216355243709497
2026-06-01 08:40:00,71.2848648109428,118.46168743818535,3.086899536045574,1723.5175263187564,17.61170140774673
2026-06-01 08:41:00,71.02274097184498,118.209684162543,3.065812385968509,1660.4320518636132,18.11756953827362
2026-06-01 08:42:00,73.07683559243628,117.32149156581086,3.0430735002033997,1739.5171208785282,18.482126131143342
2026-06-01 08:43:00,71.80462605285672,115.76024218567252,2.991722176042972,1701.600651427775,17.927511828838565
2026-06-01 08:44:00,74.3472786996328,116.46878408882858,3.3330495841752454,1715.3006549230547,18.80201661826431
2026-06-01 08:45:00,71.73061619536146,116.48172171380554,3.055725103227409,1736.3564429812395,18.375687179164956
2026-06-01 08:46:00,73.07734638675578,116.05564995111129,3.4696884636889203,1742.503167164636,18.505879224832032
2026-06-01 08:47:00,74.29739812694672,117.74110387978105,3.1564767017985065,1722.838789321579,17.635277043863024
2026-06-01 08:48:00,72.22856358904126,113.74931289201865,3.036030724147841,1726.8223960245602,17.595749332428255
2026-06-01 08:49:00,73.60441068762171,116.22487193294629,3.1882179992517763,1735.7326604780665,18.769478332842198
2026-06-01 08:50:00,72.51181727067295,116.95867065246273,3.0828322546977858,1734.7500839932727,17.123354596153533
2026-06-01 08:51:00,72.22341558572666,114.80495555864026,3.255909699065978,1734.2832409119303,17.87318181497424
2026-06-01 08:52:00,72.1565123923695,115.67428262060685,2.8890057380927776,1714.4483506745719,18.039888384216155
2026-06-01 08:53:00,72.61158591556149,116.94062873950838,2.811705878488916,1705.3167293289644,17.918243043481464
2026-06-01 08:54:00,71.31693510159823,117.44025676330963,3.0953694072301183,1704.4171604154692,17.795038420392586
2026-06-01 08:55:00,72.08877930598292,114.72206127528547,3.2103401989681393,1718.9051638379972,18.30551244126742
2026-06-01 08:56:00,72.09517165271673,114.27568891991682,3.1040443711242,1711.435700162591,17.72380085796266
2026-06-01 08:57:00,74.46051009665378,115.28356048794925,3.1954577244025004,1703.7339606282517,18.56196248084343
2026-06-01 08:58:00,71.67174069169312,113.50655456165134,3.102255368225447,1711.2398803742487,17.908789004979766
2026-06-01 08:59:00,71.90175107958707,114.06965418440991,2.8332271927607944,1687.5406293206047,17.842670723156814
2026-06-01 09:00:00,71.79410329130397,114.38752628917595,3.07916727066495,1708.6770751515378,17.446787337798142
2026-06-01 09:01:00,70.920965766565,117.28834550466995,3.2513939826540326,1713.0178792111649,17.867812273817037
2026-06-01 09:02:00,72.04291761020514,115.75117148509995,3.100809287673861,1716.737459918477,18.907099924653863
2026-06-01 09:03:00,72.74411527960243,116.03056782951552,2.869700784231951,1726.007124685677,17.693487363753736
2026-06-01 09:04:00,73.12168232477472,114.81941717689908,3.0143197179527124,1723.658748030075,18.595299432590508
2026-06-01 09:05:00,71.36233530684247,116.74975861233688,3.1494811176076096,1746.5336967224587,17.292684442452767
2026-06-01 09:06:00,71.80022602391469,118.34446516912594,3.3422477648014826,1706.8149677190406,17.702459677241563
2026-06-01 09:07:00,73.19552798091604,114.66005781205929,2.754895666017182,1713.8595131055235,17.64555495585518
2026-06-01 09:08:00,72.5471138645421,118.30475047765314,3.1365216466895527,1719.695917358385,18.497161708528832
2026-06-01 09:09:00,73.89269139699041,116.65431016921646,2.941302260466486,1718.7494742625631,18.130643316926495
2026-06-01 09:10:00,72.42327923926126,116.14913289186677,3.151418843965501,1696.079142384619,18.588476954596796
2026-06-01 09:11:00,72.5479647138151,116.65565884276768,3.1665420384452734,1697.9213312801162,17.954698228841124
2026-06-01 09:12:00,71.94084990943385,116.5612531085413,3.03786933815765,1714.6652811800313,18.024766743473062
2026-06-01 09:13:00,73.97273309284932,118.83786979269647,3.2020295129983998,1697.819517759258,18.1731997009901
2026-06-01 09:14:00,73.0218256822589,116.59206669919392,3.2355044788731555,1707.8909439544948,18.794461422958694
2026-06-01 09:15:00,70.96578573018675,116.54622236251889,3.035107161329782,1702.2454894212688,17.50035030657476
2026-06-01 09:16:00,71.23410009698075,115.2522304854235,2.8499613112171556,1705.6374086635014,17.675736358284706
2026-06-01 09:17:00,72.07098447454084,116.67635339127803,3.258466644996376,1725.9110487009484,17.443545493509518
2026-06-01 09:18:00,71.09802216220244,114.45261416786738,3.164359597937143,1691.8360396200624,18.02974025652626
2026-06-01 09:19:00,71.01038517616378,115.83335156299067,3.1313999164465245,1722.4142775983344,17.394869484925614
2026-06-01 09:20:00,72.6935883231639,119.40291756697118,2.9592201559677993,1704.0037153057406,18.70034723552041
2026-06-01 09:21:00,73.00165664681039,113.05441913794463,3.2184451839121295,1707.4246696227885,18.06199547488021
2026-06-01 09:22:00,71.57920622342688,116.24923634358484,3.370994509692085,1719.9093174795942,18.149682002871863
2026-06-01 09:23:00,71.60868804162007,116.04534491466953,3.029763277770344,1705.479737959693,18.044939704206683
2026-06-01 09:24:00,71.4612920748381,115.9403291047961,3.09510963535396,1702.8001295573604,18.098994277629323
2026-06-01 09:25:00,71.60503329154977,115.91528589668545,2.917602002609969,1709.9219605671265,18.129020250854367
2026-06-01 09:26:00,71.87108711116635,115.9955691905236,2.9511271972826876,1685.1621944264637,17.97683124124013
2026-06-01 09:27:00,71.49065759119455,115.43036215000791,2.8876656640802443,1715.4879822045427,18.07408029422048
2026-06-01 09:28:00,71.40254030509035,116.35439626382264,3.0921580854336446,1667.9791907342355,17.715062668055797
2026-06-01 09:29:00,71.37665685281453,115.38958514931723,3.0138643568444383,1726.3165336956852,17.59052779910476
2026-06-01 09:30:00,70.10537243541269,117.90557534818507,3.0878336362119714,1715.6116488090931,18.067739214491446
2026-06-01 09:31:00,72.1391416960686,115.5851304133122,2.925384668073474,1735.855480649351,17.943006336604743
2026-06-01 09:32:00,70.38855519934725,116.66486696750005,3.0402887360918207,1745.815600417171,17.188085722159208
2026-06-01 09:33:00,70.44589514617117,114.8247351450978,2.898808130570993,1722.4042772603502,17.623713208701737
2026-06-01 09:34:00,70.40802115769064,117.06895883445962,3.091414883186553,1703.2447538057988,18.5865833230241
2026-06-01 09:35:00,71.23625193702246,116.33067907178963,2.785185870139227,1738.5962388071719,17.66110801966894
2026-06-01 09:36:00,71.12288057684096,116.78564599228096,3.108238993377709,1699.1914505482316,17.928870326201512
2026-06-01 09:37:00,72.52690234677641,115.01795706651177,3.041574424446957,1688.1362387603558,17.527462213917584
2026-06-01 09:38:00,72.90221767914898,114.89241558459929,3.0801645622234077,1738.3909489046396,17.670517212385676
2026-06-01 09:39:00,73.28825535783187,117.99816166930299,2.8171436047718172,1722.0200939012116,17.521875663175237
2026-06-01 09:40:00,68.83005007423016,114.22121961553378,3.1073665554094325,1673.6945775146244,17.74037586348839
2026-06-01 09:41:00,71.25490937293448,116.27717345006985,2.9890612891652877,1686.44415658169,17.773762519377872
2026-06-01 09:42:00,70.73177432157885,114.62787008312405,3.0833319525937197,1718.422284524401,17.735352670398697
2026-06-01 09:43:00,70.09062614166089,116.73262736783667,2.7543266931793884,1693.9180938902339,17.456396615846167
2026-06-01 09:44:00,72.01544063647857,115.22943147099845,2.8837972285645974,1703.149210561405,18.637130346618683
2026-06-01 09:45:00,73.8477215430541,115.27671884370581,3.0369798297501593,1748.596927290685,17.934145539230713
2026-06-01 09:46:00,71.42956922365488,114.62011009010301,3.237986424919141,1738.5551925569794,17.456821044459033
2026-06-01 09:47:00,70.57028890332232,114.90663770706108,3.1171707571348017,1709.8174470319339,17.688413195298576
2026-06-01 09:48:00,72.33921332395903,116.37320108892457,3.0786541270762666,1709.5771718571493,17.902548968936667
2026-06-01 09:49:00,70.79462643769841,116.37805699896721,2.947673545214502,1730.8007817013079,18.34021679628798
2026-06-01 09:50:00,70.27611759876993,114.12504982286286,2.8633427321440736,1697.4323955921552,18.091796462878197
2026-06-01 09:51:00,71.09115198537,115.84159619400691,3.0998404526825194,1678.2105572968871,18.279795581055467
2026-06-01 09:52:00,72.74519365657864,114.96906686284443,3.1945212981676967,1676.4606375385374,19.142592016248187
2026-06-01 09:53:00,70.42532391112005,116.0660619790252,3.0509323246216526,1702.8132668196895,16.969746975827906
2026-06-01 09:54:00,70.68567729514443,116.39171056366705,3.2830620535478374,1718.553873329926,17.792054074247876
2026-06-01 09:55:00,71.16238018652015,115.6223410990433,2.941035935201407,1708.9210380561674,17.617336219548307
2026-06-01 09:56:00,71.2506869698082,115.94236467209977,3.0679975303501394,1720.367819373599,18.612094241707982
2026-06-01 09:57:00,72.45354480444992,118.11326894823897,2.8134051257473427,1727.1237706426607,18.07560139745211
2026-06-01 09:58:00,71.78707574165652,115.64468186951677,3.087243858792572,1731.9080161541158,17.105033870391946
2026-06-01 09:59:00,70.21886324206766,114.09006280761457,3.2352841385150044,1705.7695995636725,17.78527168496242
2026-06-01 10:00:00,72.1306448655843,116.5996574039956,2.9040818756662365,1716.199771306188,18.059044536136714
2026-06-01 10:01:00,71.80302501353444,114.21187857038771,3.1643906039147165,1707.0621816449443,18.08862987116122
2026-06-01 10:02:00,71.79711829789703,115.86828674931003,3.290887262303996,1711.0702169650963,17.771072417464755
2026-06-01 10:03:00,71.04178901809057,114.82586754601414,2.932853457196235,1683.681625267125,17.90345870785956
2026-06-01 10:04:00,72.00198494131493,114.6940460455882,3.1057896104742913,1724.7294926204306,17.659920366477152
2026-06-01 10:05:00,70.88543673142699,115.58371752184702,3.295866270829321,1706.0278982542602,17.673366563498334
2026-06-01 10:06:00,73.33299392718574,117.02448567654739,3.097545680014631,1705.9791562537096,18.10939758393073
2026-06-01 10:07:00,70.61749464012459,117.17121185594715,3.1743012036239535,1703.1345216354516,17.98331853227285
2026-06-01 10:08:00,70.12076460896299,116.3099751846722,2.747142806018192,1682.5412245222078,18.019285351696663
2026-06-01 10:09:00,70.95951222743147,116.26345701942023,3.146892619846935,1710.181280075581,17.940711637501355
2026-06-01 10:10:00,72.51500260619596,115.07307063068504,3.103074361367965,1712.8441150873796,17.932726285860042
2026-06-01 10:11:00,71.11210738922611,112.92800371167196,2.8515611038493422,1699.5192700482744,17.395723436178695
2026-06-01 10:12:00,70.10705791275639,115.69505861092233,2.872275063170441,1718.948888854248,18.184739576263443
2026-06-01 10:13:00,71.3214896196862,113.07384623610841,3.1445365573843302,1705.261087046438,17.593641884088246
2026-06-01 10:14:00,70.93111634306017,113.11927631660488,2.9830810175772875,1682.7077479227123,18.074830726523164
2026-06-01 10:15:00,70.29453185737708,115.08464145330602,3.1853669343620856,1724.320710839508,17.74456882094896
2026-06-01 10:16:00,71.63709607855874,116.18919545468493,3.104722556984373,1714.5996436106473,17.990380873037154
2026-06-01 10:17:00,68.62495452280032,115.18285935801454,3.0567457511553178,1722.6047314193609,18.16621878596652
2026-06-01 10:18:00,70.96887507839061,117.30421098310734,3.0052042186695203,1719.4572095407489,16.874794124791975
2026-06-01 10:19:00,72.16465882630632,116.62972875358071,3.1155827707607444,1700.1444430568397,17.808193653224446
2026-06-01 10:20:00,71.83431837021016,115.20244217798582,3.153888633620098,1698.861048987644,18.049317664087994
2026-06-01 10:21:00,72.32249257561837,117.30119384271558,3.1225857311863074,1724.015916575485,18.587648203203255
2026-06-01 10:22:00,71.25526134746244,117.58084991536485,2.9833962941578487,1736.8977813721472,17.841613661815842
2026-06-01 10:23:00,71.51334026270243,116.04524893085123,3.214594124459816,1706.6850107959497,16.74003757030773
2026-06-01 10:24:00,70.62163668091151,114.82113666092468,3.148750526094864,1700.6114298733405,17.74883533604592
2026-06-01 10:25:00,71.50204253543426,114.78375981341262,3.087390705788608,1731.1561666306754,17.697982222333064
2026-06-01 10:26:00,70.49128357413835,113.738545651131,3.0453967170600498,1696.9290250301915,18.181099797662075
2026-06-01 10:27:00,71.05405917853076,115.9500083207568,3.1417346730852636,1718.280005553122,18.01979150102247
2026-06-01 10:28:00,70.39937081139713,114.01387114724675,2.743509550839916,1697.2355353699397,17.126270390690827
2026-06-01 10:29:00,70.832842644111,114.46134262014057,3.0266118807022773,1702.1191895004226,17.81351479091308
2026-06-01 10:30:00,72.25941692348708,116.37002661071739,3.316514522571656,1699.9156349181621,18.25597985189652
2026-06-01 10:31:00,73.8627331417642,113.95232094140601,3.1218494237930536,1712.1503694875078,17.88674818654741
2026-06-01 10:32:00,70.28167204992549,113.92383958826359,3.0418768718386504,1696.4615962520938,18.008113596755887
2026-06-01 10:33:00,70.78785037179578,114.36656707827632,2.908936337117719,1709.5973694720287,17.26874663686892
2026-06-01 10:34:00,70.39148526466576,115.39357380475985,3.104349535181055,1708.5363053908038,17.609020106227725
2026-06-01 10:35:00,71.09584328213806,114.86512121278763,3.0012581837308345,1719.3068802335936,17.51701975294741
2026-06-01 10:36:00,71.13449580695008,115.15595325434761,3.2284332854926734,1694.0212643227774,17.61631092794786
2026-06-01 10:37:00,70.92403367597939,114.34999550906936,2.8836183892592113,1699.5055037940558,17.9614141773146
2026-06-01 10:38:00,71.59895132519334,113.9598996044618,2.9787662208354213,1718.6978654133754,17.135275548034564
2026-06-01 10:39:00,70.76170796614667,115.03482686533204,2.9549701446776298,1721.9008728974525,18.279915636582285
2026-06-01 10:40:00,70.83366261975948,114.80890629912635,3.279500765242894,1679.176018053606,17.602884205290078
2026-06-01 10:41:00,72.81859346848724,115.34416597218596,3.01931075719237,1714.322061396311,17.702282908604833
2026-06-01 10:42:00,71.76598882906396,116.25067088599016,2.992222766131583,1702.6881242323927,18.066563126352897
2026-06-01 10:43:00,69.62406247409457,116.04879755219554,2.722819089356823,1720.9211686570648,17.409471648478068
2026-06-01 10:44:00,71.17376502081339,116.20522615534118,2.8891045143739422,1733.0696372242319,17.040887944398467
2026-06-01 10:45:00,70.61417215202324,114.67929723101881,3.108486623751056,1666.6820042641707,17.367467820116552
2026-06-01 10:46:00,71.21618574463217,113.76957784999448,3.122616962218581,1698.9678979075793,17.07207128355562
2026-06-01 10:47:00,70.34603066073171,116.47645986694778,2.8990224636701964,1703.297150891634,16.934215250408773
2026-06-01 10:48:00,70.66057146105075,115.97537780118893,2.944841128552078,1706.7802389046135,17.10732072401858
2026-06-01 10:49:00,70.46523295033141,114.19456244229445,3.301657811123244,1718.630193955224,18.15960616557427
2026-06-01 10:50:00,71.93071679273717,116.33865227093413,3.47148404459282,1714.59138232367,17.48901864267812
2026-06-01 10:51:00,71.96092423503174,116.67415422224362,3.1986365913392336,1697.288025516814,17.679781729746466
2026-06-01 10:52:00,71.90190336413079,118.01393567070723,3.2964869057888677,1697.214015830789,18.416156587714163
2026-06-01 10:53:00,69.21380552108108,115.40190452425581,3.272458602325587,1683.5209499750415,17.890621632332802
2026-06-01 10:54:00,70.24769874928054,116.87380553191655,3.3723324502921557,1696.888096558927,17.683045960274047
2026-06-01 10:55:00,71.1425111376954,114.06404111340619,2.989081727617821,1698.3977115449409,17.64155128378074
2026-06-01 10:56:00,69.40194131817934,115.10965855745005,2.878442596213404,1707.7928438929976,17.648431230584357
2026-06-01 10:57:00,69.67091622883805,115.05836433008112,3.3057154347499815,1703.787489592463,18.575081049742636
2026-06-01 10:58:00,72.03765522308093,116.17569703721192,2.90633011165321,1700.4314328073776,18.047525497095506
2026-06-01 10:59:00,71.14241734309688,117.23084203292444,2.865537873226881,1688.825712928869,17.91599262152601
2026-06-01 11:00:00,69.46677031869062,115.18050704603796,2.841197448887635,1687.869104741427,18.346878607468078
2026-06-01 11:01:00,70.98819558165148,114.2514051872448,3.0053994876262142,1696.5612954503274,17.799447583730917
2026-06-01 11:02:00,70.36018347064422,113.58871678178325,2.709333157791883,1690.1760221783568,18.011565118696495
2026-06-01 11:03:00,71.01499082466391,117.24146373324905,2.802802096995631,1713.6503938625324,17.824353932446282
2026-06-01 11:04:00,71.16061294813976,115.95495860735625,2.929209615091263,1725.0327525908806,17.854466287767842
2026-06-01 11:05:00,67.60503547734743,115.38253079005467,2.810266747838547,1680.2901695297824,17.03708101997145
2026-06-01 11:06:00,69.53854192118939,114.45299287771785,3.1503931417028657,1714.9950827012656,16.98107443722843
2026-06-01 11:07:00,71.39116462462506,115.80985477864269,3.0335586060303994,1716.9108262324835,17.539283735681895
2026-06-01 11:08:00,70.03285667249858,113.99625908531272,3.09859401965141,1705.1061756639535,17.943079573102843
2026-06-01 11:09:00,69.15220781138002,115.02626087683046,3.040904383559829,1717.0549349950254,17.61459788705876
2026-06-01 11:10:00,71.72078524912165,114.15026846800076,3.0063248786610153,1704.9141450149693,18.313330827830285
2026-06-01 11:11:00,70.86469505623562,114.96883130078363,3.1748848911051297,1711.361488574695,17.69554724349347
2026-06-01 11:12:00,71.40174571181927,114.3262333106244,3.074335855378487,1703.1585916995666,17.76394931058353
2026-06-01 11:13:00,70.72241612861049,111.0015723921929,2.9462675299245307,1699.5457897869794,17.672005018560178
2026-06-01 11:14:00,71.00473721866304,115.13367191868001,2.784066472200909,1714.2155699905854,17.731899450269445
2026-06-01 11:15:00,70.63644440300482,114.3188009604368,3.1045948035130904,1705.9955360934766,17.57010646521722
2026-06-01 11:16:00,69.72172907157899,115.7485263172011,2.877537438487451,1720.338352065057,17.406497787856296
2026-06-01 11:17:00,70.55048350974874,115.40790999420881,3.084098644414,1695.3639336236815,17.641907491006233
2026-06-01 11:18:00,69.69671334706523,117.51118256219473,3.0378108991753896,1695.6168253027506,17.65323190775236
2026-06-01 11:19:00,70.61065751195689,115.5824877357672,2.810400418339243,1692.7757761925527,18.06217340541079
2026-06-01 11:20:00,71.13330662221726,115.90644018624087,3.072459891265931,1701.2681037547443,18.245949254728
2026-06-01 11:21:00,71.4397842371174,116.03628641841108,3.0581345699494364,1721.0865991884868,17.779060240329013
2026-06-01 11:22:00,72.36351420027971,116.66925912604994,3.0707813859666353,1701.374779938117,18.636897727322083
2026-06-01 11:23:00,70.14841840189153,115.62985231743998,3.027697335780942,1710.9164726958138,17.618353280113716
2026-06-01 11:24:00,72.03239196089287,115.44208508498609,2.9090770691266723,1705.3687533535071,17.965182855111447
2026-06-01 11:25:00,70.35486941219848,115.93795043028706,3.0943716453158054,1694.5047305421476,17.5021974132613
2026-06-01 11:26:00,69.86973615112291,112.54699332805079,2.927448606393541,1725.7571331506238,17.27341700060836
2026-06-01 11:27:00,70.87984503006348,118.17161316501037,2.883128113903813,1719.90501787829,17.662287913462436
2026-06-01 11:28:00,69.84401764674435,116.9787833171514,3.1059355558827355,1700.974831386232,18.1251741421701
2026-06-01 11:29:00,70.62339027506802,115.3354071793038,3.145454208605132,1699.780844854085,17.431741319659526
2026-06-01 11:30:00,69.82222499079859,113.59440471500051,3.110263878691566,1705.2727311496915,17.458406963724293
2026-06-01 11:31:00,69.99275930115223,116.5679905226914,2.9766254376939587,1678.5978687228492,17.556158655263236
2026-06-01 11:32:00,70.80800799746251,114.63576831217203,2.7403081518157677,1693.8711837759379,17.578411220306958
2026-06-01 11:33:00,68.64304917187765,115.14138212889097,3.188971719566449,1700.2813713420112,17.727890080659076
2026-06-01 11:34:00,70.49271891849736,113.38230658443423,2.7015216043201575,1675.2133644856424,18.2150785327208
2026-06-01 11:35:00,70.37020793495131,117.60026369085726,3.0831475698188,1687.833303977004,17.466661664263697
2026-06-01 11:36:00,69.85462549045444,112.7300257766553,3.280581253749911,1686.9209805940259,17.446525217818593
2026-06-01 11:37:00,69.45756097332598,114.94397384348727,3.0131660044652975,1741.704027076673,17.81934532562599
2026-06-01 11:38:00,70.70046564217144,112.32259713661277,3.034966409624874,1708.3623493254956,17.478030160323847
2026-06-01 11:39:00,69.06264439449728,115.02745408900387,3.062026211217989,1717.4857411389276,17.1872956807827
2026-06-01 11:40:00,69.81853932244725,114.95428113545363,3.0606999930569687,1694.117770107543,17.56853464860226
2026-06-01 11:41:00,69.13034688294921,116.41531418859826,3.355971630318483,1706.1067604585958,17.69015623907386
2026-06-01 11:42:00,69.62425840912651,114.29798920960017,2.860754907258074,1671.0433094058963,17.561747134207625
2026-06-01 11:43:00,71.15005523912028,116.46042467234463,2.860962761203304,1696.2951313500864,16.83016276901799
2026-06-01 11:44:00,70.35705992958547,114.19044211594219,2.978833959779311,1713.1723128794638,17.53504499384185
2026-06-01 11:45:00,69.22927937404992,114.46696312535704,3.248145875487942,1676.1405591512341,17.107855693545496
2026-06-01 11:46:00,69.46398632400422,114.50410582662124,2.9013618649282717,1703.475725353242,17.762116884689696
2026-06-01 11:47:00,70.9634702369648,115.84730977588684,3.081384995710442,1710.509123099201,17.347005561180463
2026-06-01 11:48:00,69.64198595660669,115.45409241133363,3.161454154496975,1691.1230261521482,17.321562897631427
2026-06-01 11:49:00,70.10569163365652,116.1328827859029,3.1345950496550907,1691.0274296556474,17.43466971405366
2026-06-01 11:50:00,69.04635387633267,115.3815317674571,3.1568000791350825,1690.089173758654,17.847200199259554
2026-06-01 11:51:00,70.08140074718925,116.0629666100012,3.2306572099243165,1698.3876166171822,18.022232141701288
2026-06-01 11:52:00,70.42562102403139,113.66438909640979,3.0290231438432262,1691.8060671903415,17.56834232571897
2026-06-01 11:53:00,70.15710555593928,115.50874077483574,2.9342548235569565,1708.2065629149704,17.96365496061795
2026-06-01 11:54:00,69.36023322810739,116.90590553108768,3.020486728127598,1691.6647409539353,17.982195276409133
2026-06-01 11:55:00,70.32482527882435,112.65196372945549,2.927005650851959,1719.6046261712193,16.609854069048243
2026-06-01 11:56:00,68.64609964894248,115.14394477125802,3.348708478942714,1718.0182504503941,17.515332152746108
2026-06-01 11:57:00,71.5866826714648,116.03749483746515,2.935125442319935,1706.5478073542865,17.464760079410343
2026-06-01 11:58:00,70.93849375948442,116.66122774154819,3.066324756577424,1693.6012096054171,16.9512026821425
2026-06-01 11:59:00,69.44453105996557,115.57111719938116,2.754860885425032,1687.9989255793885,17.222036647076315
2026-06-01 12:00:00,68.74345301594866,115.09152544951345,3.0179991802297454,1704.3666634605254,17.777917445959083
2026-06-01 12:01:00,72.49532187883196,115.84794852788973,2.97905846790382,1711.800531606238,18.248029261396084
2026-06-01 12:02:00,68.91519853129337,113.42064344166725,3.0548653974193885,1687.687452397671,16.613304480499558
2026-06-01 12:03:00,68.8036383795675,114.0658123128427,3.0740212219494985,1687.8547106685085,17.513053317921273
2026-06-01 12:04:00,70.15881324737103,113.09411205013309,3.1923468013623655,1701.2505556201752,18.13472931138489
2026-06-01 12:05:00,71.37310489454559,117.19006674967731,3.2276774889531987,1706.4440402106811,18.43511712624827
2026-06-01 12:06:00,71.13977202473711,115.585699455155,2.9930883055090938,1692.0249717575937,16.141433296111575
2026-06-01 12:07:00,69.83889657370335,114.0850524499341,2.870634572112884,1704.1540915370642,18.46374572989627
2026-06-01 12:08:00,69.46598368863627,114.9312308344035,2.8496408795038235,1685.66232761496,17.687217681048462
2026-06-01 12:09:00,68.26180284336452,115.99646676577343,3.01909399732198,1683.461780294648,16.379671665759215
2026-06-01 12:10:00,70.6708975845306,116.26026582451406,3.028262252605985,1700.8442089429968,17.22819312818798
2026-06-01 12:11:00,69.87267391729549,113.83234877069894,3.0350566623837674,1690.653494435733,17.975863184753848
2026-06-01 12:12:00,70.39704282697909,111.32551113223936,2.925474634802516,1690.153256809847,17.687173062798696
2026-06-01 12:13:00,69.60023926368042,115.33312282325205,3.2061629161218974,1713.8011706090535,17.19974746877098
2026-06-01 12:14:00,69.78294956079752,113.92762675042823,2.7785554472276237,1694.0085250507036,17.52252025186778
2026-06-01 12:15:00,69.20407712404086,115.69612403880292,2.9080522915274294,1726.9748387351412,17.693033083239243
2026-06-01 12:16:00,70.88973518396597,116.26901997211279,2.847013634112656,1711.115524514392,17.332640169422998
2026-06-01 12:17:00,71.45364272797363,116.4672994826863,2.9773833381678516,1689.4353124762579,17.514622912316323
2026-06-01 12:18:00,68.34736482905333,116.49003834126495,3.1467416119490736,1709.3477242653153,17.55694172156976
2026-06-01 12:19:00,68.84604664823576,115.6852354238222,2.9036107226695798,1678.6054691288416,16.820475933358647
2026-06-01 12:20:00,70.68532691007613,117.26924859971479,3.026540934044353,1731.8640793744626,17.04209972466317
2026-06-01 12:21:00,70.44460844904604,116.87393751186588,3.1142407684626843,1706.3137640424804,17.354607659409478
2026-06-01 12:22:00,67.87881234403955,116.30950555419226,2.9197055106529968,1702.1391039210973,16.91945728768986
2026-06-01 12:23:00,67.54225669034793,114.24272551846086,3.0101786353470668,1691.0211892432947,16.903936781739592
2026-06-01 12:24:00,69.1210499418801,113.32572603392182,3.0291412128681845,1702.2938087876603,16.745475415021424
2026-06-01 12:25:00,68.52069853239688,118.0946754610061,2.838108679946905,1698.1093702609285,17.652223973849424
2026-06-01 12:26:00,71.86537165608135,115.44501705833765,2.9549842598891645,1691.0391884190058,18.031777286804648
2026-06-01 12:27:00,70.25132893423113,116.45303285221276,3.0517600536577567,1704.80956859506,17.16460055111889
2026-06-01 12:28:00,69.38739311311384,114.0453511786875,3.1727075355763645,1711.4477368333428,17.09205279809312
2026-06-01 12:29:00,67.33333606422734,115.69946929087557,3.161706534493447,1676.0438630215979,17.19642657898334
2026-06-01 12:30:00,68.15619551432592,111.87369010912316,3.301499461176407,1720.5423886774195,17.039300929784027
2026-06-01 12:31:00,69.41401527629812,114.2154121242227,3.053348186288092,1705.1229804467846,17.747485125933878
2026-06-01 12:32:00,70.5498319260697,114.36862667677052,2.903784148586761,1686.602643660346,16.88789550435174
2026-06-01 12:33:00,70.23986016784596,115.95451828423843,3.017033001036399,1698.5035056218492,17.48933409488456
2026-06-01 12:34:00,71.3187112193844,116.60026601584856,3.00385770418394,1732.1469219504183,17.351611026639837
2026-06-01 12:35:00,69.84133712542355,113.79965801982537,2.9463266030667405,1715.5825975356781,17.9593056101293
2026-06-01 12:36:00,69.02237777362492,115.28105500980115,3.023382847059118,1710.2886768967821,17.152115027510114
2026-06-01 12:37:00,71.00253097688125,116.48739232084753,3.065449404417685,1696.4393001795027,18.304939689139246
2026-06-01 12:38:00,69.61187172398348,117.75941041336347,2.820224143062516,1707.5902917449998,17.613664126783217
2026-06-01 12:39:00,69.20539493653365,115.72669301209271,3.1551414692653728,1703.6238716086964,17.902742228647583
2026-06-01 12:40:00,71.36331107052528,114.56302013583527,2.7321079468130165,1698.9059438218453,17.42750476490737
2026-06-01 12:41:00,69.8838383061861,113.39757843611771,2.9615407753712852,1700.6214703385328,17.084799805184264
2026-06-01 12:42:00,70.77026603777509,117.14369374009135,3.168974023135301,1715.966114057699,17.461061145893353
2026-06-01 12:43:00,69.27437254728937,115.7960961537101,3.0851944360863195,1722.8110175630452,17.184025485912613
2026-06-01 12:44:00,70.7573872258404,114.78965317143953,2.934188854725829,1693.7745350022547,16.608600254147078
2026-06-01 12:45:00,68.5634641757508,112.22849922499537,3.240142272221751,1669.2679052245483,17.491548513828516
2026-06-01 12:46:00,69.79989894416646,113.60861368051971,2.915724602760565,1721.001019592324,17.37611441438315
2026-06-01 12:47:00,69.16066302041332,115.28526413216373,2.6682193403517576,1718.5447659854954,16.983718915061722
2026-06-01 12:48:00,68.2039803673655,114.72877980543244,3.021522965017089,1696.7282145763158,17.30259874288522
2026-06-01 12:49:00,70.37121070671517,112.85068060679583,2.7456415318538627,1729.373177471197,17.61191228920309
2026-06-01 12:50:00,70.03400617232562,115.95317424916075,2.888218666157683,1707.5014189621377,18.16093587073848
2026-06-01 12:51:00,70.9210769052287,113.19459628969248,3.098527208263151,1687.3870502350985,17.711486717821955
2026-06-01 12:52:00,69.315829153427,116.36394832586367,2.913480513017963,1676.8398835092878,17.306801009208854
2026-06-01 12:53:00,68.92556811756923,115.31165404778812,3.091183889489754,1680.9931688650436,17.80806471853786
2026-06-01 12:54:00,67.96335682880195,114.09734216989753,2.803181627435495,1695.4476578194733,17.31233829045387
2026-06-01 12:55:00,68.0272461673038,115.89249555151288,3.1090593599446485,1689.0637864909024,17.425688284168622
2026-06-01 12:56:00,69.11252809696695,114.73327489159685,2.7002964093415263,1682.104842309332,17.645004587206046
2026-06-01 12:57:00,68.57853145451358,116.3397805820122,3.1811192379808557,1695.0612999762545,16.907504892748737
2026-06-01 12:58:00,69.52516016556217,114.73911650851313,2.904866282616012,1708.1035138305476,16.975963440841674
2026-06-01 12:59:00,68.56386249927587,114.39388468232822,3.1781605411529856,1681.4922284194374,16.9459080391575
2026-06-01 13:00:00,69.14105772167466,114.25411177968375,2.8470173099084044,1683.8879288148253,17.188994609864135
2026-06-01 13:01:00,69.5137927810179,114.8970948804766,3.260817079534832,1687.205297579373,17.75338279775433
2026-06-01 13:02:00,70.40346440142443,117.1759518416231,2.865578218620991,1715.6593593367354,17.00332563994637
2026-06-01 13:03:00,67.55442285328806,114.25778631968316,2.7216479195830576,1697.0977759947405,17.418751708140295
2026-06-01 13:04:00,68.92105500332508,115.3675237771987,2.979130664618016,1698.7316505052656,17.074677556180358
2026-06-01 13:05:00,69.64986785103841,113.59836037228429,3.162091200657325,1718.6939220860506,18.007639309372188
2026-06-01 13:06:00,70.48670764135476,112.10716215516123,3.091100989985981,1737.1456413000567,17.647159349659553
2026-06-01 13:07:00,70.36282889798639,114.75578189080434,3.1415677838652565,1703.0302299324726,17.348892612064382
2026-06-01 13:08:00,67.3829081565306,114.68120079186272,3.0706923152621948,1697.9432070257974,17.50589422102421
2026-06-01 13:09:00,68.7399639090589,114.37781055092358,2.844284621606954,1675.6970553507863,16.727160068410655
2026-06-01 13:10:00,67.39733179652927,112.52992985882115,3.0699699891793135,1696.5292241517911,17.973557705660546
2026-06-01 13:11:00,69.55112583965015,114.53277017935098,2.9584323521716063,1689.8313812416668,16.74706290457999
2026-06-01 13:12:00,70.18996707212251,115.00941741376917,2.872863038822503,1709.2482711723687,17.847700501741553
2026-06-01 13:13:00,69.57573768599923,113.58109693094326,3.003412025666178,1689.4240795950127,17.544477264965675
2026-06-01 13:14:00,68.10893741297204,112.36384087621431,2.924086513664796,1689.517832784147,17.099745307550524
2026-06-01 13:15:00,70.06657570187302,114.17816989754957,3.177801238017612,1702.1589570404296,17.726607548462933
2026-06-01 13:16:00,70.58977652397658,115.59387328021757,2.9101256033594107,1725.9495810768067,17.803811902516248
2026-06-01 13:17:00,70.57289806487432,115.32321683192511,2.903972766441504,1721.0996589395047,17.454568444528064
2026-06-01 13:18:00,69.97942541585563,113.75003636661403,2.8823402548771915,1716.4182955365568,17.234880927464598
2026-06-01 13:19:00,68.73021513051957,114.66910898709185,3.2515138627840723,1704.3041075226147,17.301611025801684
2026-06-01 13:20:00,69.08061223885555,115.29800787319142,2.8524941154581844,1683.3095178206615,17.075605435663437
2026-06-01 13:21:00,68.96426305655679,112.74851591505617,3.1382400526118404,1699.6409440807593,17.21945387185807
2026-06-01 13:22:00,69.00363082339824,114.65385684118773,2.8171632349448354,1682.790253063244,17.697271029411127
2026-06-01 13:23:00,68.88369577155856,116.18991662951802,3.0481500702165416,1691.3380163516317,17.47860112256584
2026-06-01 13:24:00,70.6039454339737,113.31872882281088,3.0292862370721414,1724.6574979070642,17.49827158772608
2026-06-01 13:25:00,70.90396656236982,116.17296838693647,3.1707610579167698,1705.220883703309,17.131581653728258
2026-06-01 13:26:00,68.22164250117658,116.35360450574106,3.1239621278855165,1695.546256911667,17.33515247361287
2026-06-01 13:27:00,67.93110281979558,113.80425544987193,2.950343645233286,1692.947690671922,16.35707782079409
2026-06-01 13:28:00,68.96546272270949,113.93074778795332,2.875595819303257,1689.8240236875874,16.852176078978445
2026-06-01 13:29:00,69.38367206302792,115.73690973523799,3.210224008026256,1660.9586764362098,17.49109514558599
2026-06-01 13:30:00,68.31280666827806,114.14199342780012,2.862147874105179,1672.572191142188,17.536749796746193
2026-06-01 13:31:00,69.99994715451818,111.42281328428736,2.6096124554436066,1699.2127795799097,17.115017296066515
2026-06-01 13:32:00,69.31721371595025,114.37121523812957,2.6871997649742596,1679.388739432718,17.325280580271095
2026-06-01 13:33:00,68.93850051277728,114.8211816548339,2.708187257166326,1688.4755057973828,17.276452907699824
2026-06-01 13:34:00,69.83402040819844,115.10155719579348,3.0369181032129595,1671.101107457285,17.379302669247565
2026-06-01 13:35:00,68.61938233081018,113.4325608178006,3.2981245279468734,1682.4111634193023,17.164094249130205
2026-06-01 13:36:00,68.46784902154126,113.94553591798041,2.6452923833270368,1690.1933738352857,16.741464441101424
2026-06-01 13:37:00,67.91164829232928,115.62944175475606,2.8464269700435363,1706.6199500523733,17.383446265150805
2026-06-01 13:38:00,68.7819623079397,114.38792299717528,2.9773486254096495,1709.663861782939,18.013282763640063
2026-06-01 13:39:00,66.86922136758449,112.19569610061329,3.167171491075009,1676.0495307375538,16.64610970910581
2026-06-01 13:40:00,69.04168002381319,115.70686588177378,2.8299227234757813,1694.223218848561,17.060084807748346
2026-06-01 13:41:00,69.91895734430149,114.53454674527005,3.07471863818073,1675.8383022790501,17.24124141083164
2026-06-01 13:42:00,67.7895635563037,115.31507203358493,2.8961939128024787,1687.5876190026552,17.96808410203006
2026-06-01 13:43:00,67.34633259215016,112.03878774416235,3.3052966302174376,1697.1442458670983,16.47237771635411
2026-06-01 13:44:00,68.17695259983846,113.63870563673673,2.9406070254012335,1682.779485554775,16.827761673333885
2026-06-01 13:45:00,67.78196302777707,114.95698317705718,3.009706645881432,1711.005974596384,17.026775493492593
2026-06-01 13:46:00,68.84329122145222,114.23540462994391,2.9686371081393728,1703.7535023878474,16.668250561110437
2026-06-01 13:47:00,69.13874600879961,112.86996163903112,2.8904349536337115,1694.1474559829708,16.62132093734174
2026-06-01 13:48:00,67.94072313621267,111.81910723085701,3.121365307939924,1692.0313776111884,17.568988960458505
2026-06-01 13:49:00,67.57062799934899,115.33925695279771,2.7269017868371273,1672.1362371173657,17.039130561039393
2026-06-01 13:50:00,67.51306451434414,114.72380308475829,2.661449456103473,1670.4792602316836,16.98927856400712
2026-06-01 13:51:00,69.44594377302559,116.17017094340277,2.962138118325031,1677.5061027536249,17.948603401033093
2026-06-01 13:52:00,66.9842039694311,115.07186134558619,3.0528317865229484,1701.0234655188642,16.078403966384126
2026-06-01 13:53:00,69.49715435480356,114.89229473702926,2.8579553687657597,1711.7197427029118,16.58465036350088
2026-06-01 13:54:00,67.19109172556213,113.67278945826553,2.965199867277941,1671.229707300273,16.699308896362766
2026-06-01 13:55:00,66.70027415202301,114.59793334356462,2.7509097539770013,1687.8256443086923,17.001525206096318
2026-06-01 13:56:00,68.45649564952421,115.89395130376845,3.1043932944190287,1665.3816583174128,16.90709064157285
2026-06-01 13:57:00,69.05966506170319,114.79492683678843,3.0774740264146514,1681.2857628091604,17.26723801833167
2026-06-01 13:58:00,68.42147714205097,117.09462191577009,2.990464625367135,1701.3985155379912,17.600312645662964
2026-06-01 13:59:00,68.73043911327416,112.35558721321492,2.9689690333154113,1680.9514574969787,17.66027452302861
2026-06-01 14:00:00,68.04983687847894,112.8932277307044,2.779064914787032,1668.8773379755878,17.731731310626436
2026-06-01 14:01:00,67.68103117698769,115.44070223495036,2.7480001332683495,1715.8497978781227,17.1499673564162
2026-06-01 14:02:00,69.06942491080191,113.78230823974422,2.966021270671951,1696.1267972759624,17.350343258704118
2026-06-01 14:03:00,69.05191946570086,116.6570750805029,3.024064940008039,1672.8348604579976,17.543100012214467
2026-06-01 14:04:00,69.56989516450804,115.87156988092829,3.035774149671108,1692.1439829205533,17.88707404722796
2026-06-01 14:05:00,69.5451907069662,116.23656826266172,2.900992232519707,1689.8734248407939,17.42105840449422
2026-06-01 14:06:00,70.21719748110289,116.23123182339783,3.1231339705594703,1708.5928271530317,17.38891229830555
2026-06-01 14:07:00,66.99028297811515,113.36016443857129,3.1775230482437444,1687.7830418367523,17.33672364807063
2026-06-01 14:08:00,68.29856590630436,112.00173182450251,2.9195626704780158,1691.2864338719287,17.22859575696892
2026-06-01 14:09:00,70.15701416579836,116.28463119023615,3.0124680918057227,1707.358240764193,17.023080471822464
2026-06-01 14:10:00,69.15803397895978,112.28601897914,2.907855268873512,1668.0339155905492,17.389052215453773
2026-06-01 14:11:00,68.45358568395027,115.94347606335067,2.9171616028598994,1676.8226990362612,17.126423245049445
2026-06-01 14:12:00,67.95964149941942,115.25915956772032,2.9891427721400885,1705.3305541674217,17.69367416524501
2026-06-01 14:13:00,67.95352606120021,114.09538264746735,3.2012820321615116,1680.887700836703,16.7027461850349
2026-06-01 14:14:00,70.05838611176745,114.78612451758782,3.087669276345863,1688.8504765286873,16.431242601036207
2026-06-01 14:15:00,67.20829680632906,114.7291893395691,3.0685003461996727,1681.8886487363438,16.928318564268686
2026-06-01 14:16:00,67.60609818303071,114.01929311647102,2.8827509422473736,1684.0420990593825,17.140587547301802
2026-06-01 14:17:00,69.32060599630871,115.99410705959141,2.81749255286046,1683.0497395721575,16.42128007100719
2026-06-01 14:18:00,66.79367373375783,115.23898159752056,2.963050353796815,1662.0436869854268,16.54126695886169
2026-06-01 14:19:00,67.7445492156131,114.53176781887353,3.1428935742087756,1698.154309719949,17.685910528422692
2026-06-01 14:20:00,68.91243598202709,113.12503625548398,3.1815126277482118,1700.534941448825,17.13582817718356
2026-06-01 14:21:00,67.77202973106876,115.26873732756147,2.5455439198952328,1680.040539955555,16.906087295870236
2026-06-01 14:22:00,67.91740345505022,111.6843497371094,3.3077197234407447,1702.3942398597487,16.633397321991293
2026-06-01 14:23:00,67.38101973635676,114.68149093095177,3.005802695739699,1681.2846890723117,17.57452268743965
2026-06-01 14:24:00,69.45846579546716,114.79776040204031,3.0636909061038757,1677.218532795369,16.788196836323056
2026-06-01 14:25:00,68.70512871451275,113.3683228830214,2.6964980559076666,1697.658388007649,17.21917027318632
2026-06-01 14:26:00,68.52808898989902,114.87365585488689,2.87813834248275,1689.1454633228552,17.01551739397705
2026-06-01 14:27:00,68.67576678471204,113.9487669409323,3.055455852502064,1684.7143520537836,17.058715484480267
2026-06-01 14:28:00,67.42690920025346,113.26697507845309,2.7519088511783654,1695.7730246531544,17.557618870289055
2026-06-01 14:29:00,67.7458127816759,115.23395084443027,2.505292150293792,1668.4031180920588,17.269086947438986
2026-06-01 14:30:00,69.49808620210932,112.8676958274438,2.99502694563756,1684.3806476657649,17.220595499859662
2026-06-01 14:31:00,68.72862625621852,114.82233819893793,2.9111530135296615,1698.1963499922495,16.85508126741615
2026-06-01 14:32:00,67.08605239960018,111.91497713366527,3.169120069198085,1705.0157949651043,17.31965872039534
2026-06-01 14:33:00,68.62034378185707,114.43310512261309,2.915362881053018,1700.410515828233,16.96113139124921
2026-06-01 14:34:00,66.90031649432109,113.55125691650619,2.8869017923076257,1695.293009626106,16.8250737004208
2026-06-01 14:35:00,66.12041618885881,112.82590243936589,3.002887449819178,1674.0590565061902,16.600082930095095
2026-06-01 14:36:00,68.31404412686666,114.51987346701327,3.0918496403759024,1661.7863437582712,16.82638846050113
2026-06-01 14:37:00,66.88962619085153,113.88916765657898,2.825997855889105,1682.5802282842053,16.625902233130116
2026-06-01 14:38:00,67.65654898730506,115.28049138827762,3.075998589637284,1696.4046911045534,16.898951739652226
2026-06-01 14:39:00,67.42611453392415,114.70462794663418,2.857236376631895,1699.0908412217545,16.88150550485714
2026-06-01 14:40:00,67.8071400633217,114.64671961677247,2.942710676380537,1680.1524147877485,17.783493706218092
2026-06-01 14:41:00,68.5730350320505,114.66534235776228,3.054956055653773,1676.3478822951529,17.554396640333383
2026-06-01 14:42:00,66.57253958493453,113.12589670937301,3.0396035487303306,1669.5389790069714,16.792637908610914
2026-06-01 14:43:00,68.59708100997,113.30710463346483,2.9590318288564204,1674.1018875965683,16.665309835690707
2026-06-01 14:44:00,67.77045518501134,113.98577330741308,2.7504443208882217,1654.0484311603834,17.089979205712627
2026-06-01 14:45:00,69.63096297770666,113.88962489297194,2.6593055454480794,1680.0615632585507,17.825739889073585
2026-06-01 14:46:00,68.63104430727823,115.71329753778993,2.9304435445176873,1692.4455393591152,17.50840116006806
2026-06-01 14:47:00,67.30451936921611,113.9839158969794,3.0704777734415907,1683.488744109512,16.24786635597135
2026-06-01 14:48:00,67.89832076602205,113.69695406660398,2.9505075586905827,1671.6565295755327,16.968162881421886
2026-06-01 14:49:00,66.49805606823057,111.79703120939021,2.934988413111331,1669.397792122437,17.15625387576273
2026-06-01 14:50:00,67.33077372588411,114.86857999821015,2.9147262613125418,1674.563941454713,17.748047418738047
2026-06-01 14:51:00,68.2049983593019,113.11707190304281,2.9673306242175546,1675.8661995029322,16.80790154660758
2026-06-01 14:52:00,66.71879109682185,112.60330157297378,2.774518714905568,1695.3086807625414,16.9826704373166
2026-06-01 14:53:00,68.53663545064438,115.95922306233983,3.0492835963017746,1686.436730655754,17.17199600577785
2026-06-01 14:54:00,68.21456612735695,114.71109006413175,3.0518755845774983,1732.4885333129837,16.631381036604417
2026-06-01 14:55:00,69.57052485340951,115.45004716215975,2.8985456603811492,1685.3820445353258,16.796936156877447
2026-06-01 14:56:00,68.2224501076223,114.30060267209588,2.9825649614382184,1689.970860601928,17.037346698670312
2026-06-01 14:57:00,68.42922052709169,113.58283796731037,2.6554921751708207,1677.944412203747,16.23009787753518
2026-06-01 14:58:00,68.096260009806,113.75677395543885,2.966493771736124,1682.8822908199636,16.51934000637316
2026-06-01 14:59:00,66.27643432971077,114.41821751488621,2.8789168970146304,1703.2127107491958,17.06791352451294
2026-06-01 15:00:00,69.80048301089906,115.41527019050213,3.1259680920183173,1702.379856824274,17.227259344908926
2026-06-01 15:01:00,66.70961929094834,113.88366739417194,2.9012361125344373,1659.886158058564,17.482640528018944
2026-06-01 15:02:00,66.6305726954875,116.37294301693423,3.0560257822933603,1669.807331230631,17.128239054276282
2026-06-01 15:03:00,69.25616226642265,114.16524765735483,2.9014594511231446,1689.9834414582565,17.205183976240182
2026-06-01 15:04:00,68.7686449703491,112.06151793203564,2.5727067638739753,1675.3676828592634,17.382791720750106
2026-06-01 15:05:00,69.2207276928665,112.46871621887482,2.935139119082971,1671.1690067089673,17.09812356089428
2026-06-01 15:06:00,68.48806097718804,111.81897856725794,2.952467522181225,1686.3278615475265,16.7888192398574
2026-06-01 15:07:00,65.45203504139309,113.02776446059835,2.9242481996656315,1652.1526377555758,16.736362019064547
2026-06-01 15:08:00,67.44825467399448,113.64552369653435,2.9531555972490016,1687.553895712356,17.14215883704159
2026-06-01 15:09:00,65.65212710578707,114.39476224096671,2.829074714695221,1691.9582189602984,16.761172400552763
2026-06-01 15:10:00,67.96144324746446,113.63422759813623,2.862678013000964,1695.338468161959,16.2402595408679
2026-06-01 15:11:00,66.77978053627758,115.02082804033543,2.7649672765645468,1684.6190596084925,16.897754586490134
2026-06-01 15:12:00,67.08165969993178,114.10582878752635,2.63730630939889,1710.021668135009,17.01335587211953
2026-06-01 15:13:00,67.79974741863147,113.7104893386834,2.896982057981761,1687.5645723944046,16.893059974464975
2026-06-01 15:14:00,69.19503540627503,113.47977011352027,2.833072068447311,1701.6578855893072,16.90663381139303
2026-06-01 15:15:00,68.31181074579237,115.92659876866526,3.109941511262477,1678.5492789305426,17.31199271071602
2026-06-01 15:16:00,69.05379031655647,112.46104500074124,2.6259575241569593,1713.475537374342,16.50520277009549
2026-06-01 15:17:00,68.47518362462176,114.3840488944183,2.978484589575753,1686.9219887631523,17.177542095283354
2026-06-01 15:18:00,68.36449784289735,114.05043911112658,3.269451067412803,1713.897161688908,17.851353767262047
2026-06-01 15:19:00,65.70605914755897,114.22901728393938,2.8586338197346404,1697.5844562017435,16.40273267047429
2026-06-01 15:20:00,67.9630358669737,113.73056608934597,2.9166252111132267,1687.2720550706804,16.90082483777878
2026-06-01 15:21:00,67.66374790260564,113.59700812173186,2.969727727161909,1687.2404462997565,16.694507737149724
2026-06-01 15:22:00,68.47188128898549,113.55836333648499,3.000899977464635,1682.3453678328176,16.847097297488837
2026-06-01 15:23:00,67.58360567549852,115.3388839530761,2.84985565072375,1669.9386072249883,16.422100608712928
2026-06-01 15:24:00,66.63406747967579,113.78732076730196,2.7677178155080844,1692.720422223894,17.688840278104006
2026-06-01 15:25:00,69.34192360793912,116.75840719335805,3.057563168927372,1700.091641662374,17.351726975442407
2026-06-01 15:26:00,67.54923878740786,114.1018683237483,2.6321355802738045,1659.3888693272247,16.619267280046916
2026-06-01 15:27:00,67.50613464221321,113.97227410779274,3.0545784012632913,1684.7071441727524,16.65922255206636
2026-06-01 15:28:00,67.26089747147033,113.57391071878732,2.8577837594306152,1696.330923029298,16.89875202220503
2026-06-01 15:29:00,67.12115350883026,114.5137759053935,2.9229080814978246,1706.4751180924623,16.051270564954372
2026-06-01 15:30:00,68.33462501047147,113.10570294620533,2.8419438188923425,1695.0367475086866,17.32701630413373
2026-06-01 15:31:00,66.74649664511601,114.11538509483685,3.1439986745942448,1663.1142552576546,16.76470687038245
2026-06-01 15:32:00,67.5084892433413,114.1614034125226,2.9807942058199033,1672.871852780984,17.231336902767744
2026-06-01 15:33:00,68.32165665275146,114.68263471936264,2.9045618006911385,1685.374543313091,17.32040783871864
2026-06-01 15:34:00,69.06520214588505,114.30713712516102,2.8733212812302,1706.1435221305449,17.329670046840793
2026-06-01 15:35:00,68.77781875809318,114.44959101563015,2.9089229070937828,1677.1231507559692,17.18064879818278
2026-06-01 15:36:00,65.56975766876604,113.55510085108985,3.2556220368588606,1695.0952008566555,17.01787761463872
2026-06-01 15:37:00,68.59362967965758,115.63900819514704,2.719521813408241,1674.0700244269522,17.285764195129573
2026-06-01 15:38:00,69.20136329744814,114.56799614134958,3.0998265646069014,1695.4681148569357,16.898358186025646
2026-06-01 15:39:00,67.13044985674713,117.16201180481382,3.0208710103156684,1673.03061617314,17.87796904004321
2026-06-01 15:40:00,65.6523430903329,113.89457654368408,3.1532887530888134,1681.556197164938,17.058526971394052
2026-06-01 15:41:00,68.00911826403649,115.18414373190336,3.0299232046758715,1670.1384642595463,17.00553093591779
2026-06-01 15:42:00,68.7200209869701,113.0397816797155,2.9279071653726976,1707.1270359277567,16.6190785842641
2026-06-01 15:43:00,69.5134240834142,115.80115436016058,3.094351294545525,1677.8466451466616,16.97728405683504
2026-06-01 15:44:00,66.98984096502015,112.9981106641252,2.9573487495360324,1661.3694881803167,17.0823681146893
2026-06-01 15:45:00,68.69375545748012,114.1931397084222,3.0229824770492715,1657.5530599241679,16.861153845261995
2026-06-01 15:46:00,65.91750137130495,113.5326110021022,3.137561162504828,1683.3841564614013,17.655940933352984
2026-06-01 15:47:00,65.43834441588163,113.40880181001279,2.871637492971541,1664.6808771579683,16.277202169934537
2026-06-01 15:48:00,67.37995120262215,113.57510438475158,2.860132910685416,1694.4889871941105,17.20015379415355
2026-06-01 15:49:00,66.20970488591739,111.69681416028351,2.7463560625619,1665.0588220451648,15.871739491694594
2026-06-01 15:50:00,67.4743895908699,112.8919630613017,2.948772648410118,1693.727810618649,17.48222020495694
2026-06-01 15:51:00,68.49725661979939,115.7168349966963,2.79273732850652,1679.1112751474955,16.456014501135236
2026-06-01 15:52:00,66.66193327489408,114.43191817915158,2.8722750324875945,1700.3463847915107,17.7653071007252
2026-06-01 15:53:00,67.44158128236849,111.82912299260973,2.746580887642297,1664.054885245333,16.63353577283779
2026-06-01 15:54:00,67.42205185668516,114.82186838239325,2.9767448104898415,1657.5487898525373,15.85988382046024
2026-06-01 15:55:00,66.92060147292597,113.05897747418209,2.8290962671181514,1676.0338506422156,17.605212355686273
2026-06-01 15:56:00,65.48446895590871,114.46107115514481,2.711592730441207,1663.9893919955816,16.81744994161076
2026-06-01 15:57:00,69.59792438495406,115.0475646535838,2.792301451660085,1673.174086694621,17.01050694414228
2026-06-01 15:58:00,67.26988116598622,114.44655286288643,2.828135432753676,1688.9645200586124,17.110162795304152
2026-06-01 15:59:00,66.62516951655167,116.05048459465961,2.84973205018267,1680.3906855724122,17.179092079484228
2026-06-01 16:00:00,68.20551088477883,113.19165510399051,2.9834528444245536,1691.2736209074722,17.258845464723684
2026-06-01 16:01:00,67.76525269113918,114.46996364418851,2.8915571675709835,1691.0733731857413,17.32252039091111
2026-06-01 16:02:00,66.72124562243178,114.90526959680177,2.9484641698558494,1653.2980594205048,16.79790139300488
2026-06-01 16:03:00,66.07508658526417,112.88632771193268,2.978147728940093,1690.6601270631984,17.089058587669395
2026-06-01 16:04:00,68.86321995971905,112.78248292181588,3.0229007412765387,1664.2870903642154,16.62998786461136
2026-06-01 16:05:00,67.35434911674685,112.93086232425135,2.598858804864224,1668.3541981501828,16.943969270659448
2026-06-01 16:06:00,66.94174745787083,113.99470435259128,2.7379181416044878,1653.0184456288334,16.59555157509144
2026-06-01 16:07:00,66.67593680426354,111.76343473573954,2.98030009274267,1689.2321183607735,16.278186746714614
2026-06-01 16:08:00,68.19336179150622,114.61456832689781,2.96190424715234,1660.702534662288,16.893938058808175
2026-06-01 16:09:00,66.46210709552976,111.99283801596613,3.0587334167705786,1664.4370622582007,16.731138835307526
2026-06-01 16:10:00,67.42743120020637,115.13664201645733,2.6740403574214686,1664.214882299888,17.16342268898542
2026-06-01 16:11:00,66.20465346768063,114.25113990229278,2.8377014612898077,1679.8635293993468,16.23602957779066
2026-06-01 16:12:00,67.40442626500247,116.02619466580202,2.8709047974841306,1680.683319043997,17.302666722851402
2026-06-01 16:13:00,66.75629448969497,114.64811635752139,2.948022957850972,1696.7861487027376,16.673598061310084
2026-06-01 16:14:00,65.82090239213093,112.99197224765096,2.8958939254467246,1676.533921496123,15.69288432385088
2026-06-01 16:15:00,68.00100728672373,112.38380203565339,2.9598426404968983,1692.3827506584064,16.188151561469375
2026-06-01 16:16:00,68.01380610577166,114.26988196486543,2.9150160855021565,1692.1327019336804,16.868592293581802
2026-06-01 16:17:00,67.21642834703033,113.48895087318125,3.107533879266849,1666.154498121421,16.94031614627532
2026-06-01 16:18:00,64.83303500252723,114.64443628754887,3.1350860214389007,1666.2730088671499,16.557214925849856
2026-06-01 16:19:00,67.07532078244991,112.66211851500756,2.7507462266323235,1706.344898704031,16.404415096025897
2026-06-01 16:20:00,67.92806821747314,116.20463166180801,2.9254032989565193,1702.1387837646732,16.578360771330804
2026-06-01 16:21:00,66.51245033692874,114.70830299214336,2.9982705187684235,1688.0754548126965,16.112141309720446
2026-06-01 16:22:00,65.68458135956557,113.4596742520157,3.0013927044780124,1697.0510395605393,16.9554538148171
2026-06-01 16:23:00,67.87177405805141,116.01041693952803,2.862358913840506,1691.6839741538918,16.890278534517325
2026-06-01 16:24:00,67.7772425409357,112.80224403497925,2.9543629160568834,1688.2532367700342,17.11650765370814
2026-06-01 16:25:00,68.66026405145746,114.06333497434751,2.6835897345716133,1684.9674193636715,16.200234311388165
2026-06-01 16:26:00,65.88207342283951,111.6713638971115,2.8773373288324597,1701.5244606167173,16.38797134229475
2026-06-01 16:27:00,65.64859548644247,115.9370083388372,2.695696126409732,1675.9784596710506,17.672081841828337
2026-06-01 16:28:00,66.25949698251628,111.55159261628303,2.9780939640701947,1683.9839242734784,17.020642138026457
2026-06-01 16:29:00,66.06607095865901,111.74333145936234,2.7307304074436,1654.0007635213128,16.61748783466014
2026-06-01 16:30:00,68.34006187034194,113.11369165558554,2.9494781351524657,1663.5438746904558,16.542732052227056
2026-06-01 16:31:00,65.93755392363559,115.64226000678731,2.9849107783749624,1714.6337214918592,17.470834840693996
2026-06-01 16:32:00,67.93638530100175,115.29334909782459,2.9545485989993407,1697.8855070888371,17.686836066811882
2026-06-01 16:33:00,69.14309244314957,114.14768878601882,2.83862227270316,1683.4925627712103,16.541146922416598
2026-06-01 16:34:00,67.14867675734273,114.79416484693866,2.873208322035651,1682.1275807211193,16.364099187501825
2026-06-01 16:35:00,68.13266194290856,113.56930777533033,3.091014366563705,1662.398891316091,16.965422493774547
2026-06-01 16:36:00,66.34591377673807,114.33659075691106,2.8582871548067277,1677.9738830073798,17.063751514356557
2026-06-01 16:37:00,65.9857095299566,115.61572186104817,2.91212455405923,1659.9099559198867,17.00993667813274
2026-06-01 16:38:00,68.41823591127793,113.33827832465582,2.8254297441645657,1677.3600312800465,17.5544584237794
2026-06-01 16:39:00,67.76065016396406,112.92019179075308,3.0757199939759854,1694.7359936245625,16.531324315481438
2026-06-01 16:40:00,67.22797203979403,114.13712233220573,2.9165197012749284,1687.7685324964968,16.802281470262727
2026-06-01 16:41:00,65.8443775299211,114.2577790651932,2.7767005584773434,1702.0961232525342,16.973202535300477
2026-06-01 16:42:00,67.00401707038213,113.59423312818532,2.898515178353828,1683.9102787041875,17.01501571740978
2026-06-01 16:43:00,66.63132911078982,114.97809715917819,2.882114523293174,1646.4766246789968,16.62789383067854
2026-06-01 16:44:00,68.11473660704654,113.3411091604808,3.1143953248985494,1710.3616069254138,16.547980389846053
2026-06-01 16:45:00,69.54560016553022,113.83472301031803,2.905408060611951,1669.81183686883,16.65714505149152
2026-06-01 16:46:00,67.94422942263498,114.22802814892769,2.7111568860663002,1686.1453929138268,17.570652043709515
2026-06-01 16:47:00,66.41804063528657,113.80783211747284,2.972328243589289,1681.034074823149,16.340110975647807
2026-06-01 16:48:00,65.57365268489669,115.73621562979282,3.1879324266478744,1687.6173430709798,16.77042097385234
2026-06-01 16:49:00,66.02254687151134,114.128526581573,3.0918769055367776,1683.1883365251647,17.152710337009776
2026-06-01 16:50:00,67.64185076043015,112.8342980858986,2.71449199436916,1676.9715534339484,16.163965358025518
2026-06-01 16:51:00,67.17696956672333,114.63373956245931,2.8930348797292407,1666.8442625552607,17.103288021175242
2026-06-01 16:52:00,66.53397098050753,114.62594045125252,2.8897521529238404,1717.675667183527,15.947847140331639
2026-06-01 16:53:00,66.65848949133778,113.99619688565977,2.8683586282717113,1683.9997360066886,16.61059770919703
2026-06-01 16:54:00,67.68234640913307,114.1108263702174,2.9403614308982804,1677.4216414037164,16.64507853747486
2026-06-01 16:55:00,66.34755380350414,111.45595149800077,2.8319589601999007,1704.3428259165753,16.692249685765237
2026-06-01 16:56:00,66.82378540764674,110.58274431148139,2.7675737221921954,1664.904590312526,16.439306740606874
2026-06-01 16:57:00,67.00562081011986,115.00447944000041,3.04104751672005,1692.681337798405,16.828170729565656
2026-06-01 16:58:00,66.4048992064784,113.98013366534225,2.728365402985812,1671.0525740748326,16.711133024218007
2026-06-01 16:59:00,67.01840384516869,113.71283670396319,2.795597825770629,1689.218054170206,17.389012986157674
2026-06-01 17:00:00,67.63565183187552,114.48624950226039,2.740737771732778,1688.4077739157801,17.08167340263454
2026-06-01 17:01:00,67.43672411991233,115.95701737562148,3.001448228839318,1646.8760460729407,16.242529757377895
2026-06-01 17:02:00,69.04673839850976,115.36696447564714,2.927352501520988,1660.801396670333,16.502329502424328
2026-06-01 17:03:00,67.81306712498942,114.8856587232029,3.047925145345067,1706.8765085790685,16.618954157711038
2026-06-01 17:04:00,66.74525725458061,111.8480996486536,2.7430323480984358,1668.379792501906,16.528239511555856
2026-06-01 17:05:00,66.01028269782303,112.52550645603692,2.7076250604181373,1709.139108285718,16.649180808000473
2026-06-01 17:06:00,66.1948900321375,110.02369648241539,2.792573663349909,1691.483642974125,16.37438891658678
2026-06-01 17:07:00,66.52311310341649,114.31096525901056,2.8760086796758246,1677.372532656184,17.90246778746857
2026-06-01 17:08:00,67.39047263294694,114.86740764810824,2.9338347802424996,1675.8663518165176,16.56336888764302
2026-06-01 17:09:00,68.25210408184014,115.27885985710395,2.671017668451784,1709.4015289297563,17.48166948982526
2026-06-01 17:10:00,67.82358768947404,114.70236287266856,2.9979327166349807,1716.7699164421033,16.88697870189827
2026-06-01 17:11:00,69.11583228674321,113.41010562490892,2.7721965795753523,1676.967454743146,15.926083229233694
2026-06-01 17:12:00,67.9077243666472,112.70553732138805,2.7950656708610566,1701.5080780430994,16.767865309675972
2026-06-01 17:13:00,68.29575651633698,112.68654236972793,3.0878551046736695,1697.8100134632791,17.286182383524917
2026-06-01 17:14:00,67.35490425763894,113.17562783287322,2.5639696499734512,1696.3280448305836,16.93924766807266
2026-06-01 17:15:00,68.46749722210834,112.35501277928641,2.950268923005853,1681.8959127003504,16.86666229692279
2026-06-01 17:16:00,66.4972248018581,115.93054499792703,2.9693693025045715,1674.2257326253252,16.921190419224132
2026-06-01 17:17:00,67.81421249362228,111.7961471359362,2.767781786780047,1662.3042878167626,16.481633096457806
2026-06-01 17:18:00,66.74064701125401,113.53035729815974,2.850737433891051,1663.9936205653935,17.241904824950474
2026-06-01 17:19:00,67.00284743302312,111.4036972680212,3.0983009779319097,1711.692124730115,16.689898339287726
2026-06-01 17:20:00,66.92181560593421,113.59221665890011,3.176861919951817,1676.6488492777369,16.362040467354106
2026-06-01 17:21:00,68.61424443216478,113.81097369816955,3.080631156691209,1667.0128211817964,17.07116988377647
2026-06-01 17:22:00,66.53742169726564,113.30199307693816,3.1982235169177775,1698.1049647415964,16.74504098247679
2026-06-01 17:23:00,66.69013053060071,112.43074329713538,2.7996390923912973,1673.4846931913094,17.287387450159958
2026-06-01 17:24:00,66.65756656139905,113.29272465440414,2.648972086811006,1667.4323067705077,16.831797339796942
2026-06-01 17:25:00,66.37029905369481,112.60634286070861,2.876086502310769,1707.8160962651755,16.318660040631766
2026-06-01 17:26:00,67.3935805127606,113.19093596464621,3.0110739575415986,1658.1084893588481,16.21969782027771
2026-06-01 17:27:00,70.10534461030379,116.02721726105968,2.6336742346663353,1685.9030608613193,16.60971388098673
2026-06-01 17:28:00,66.79127726015516,113.4345230057383,2.742892162378845,1667.5083368227088,17.549137781373677
2026-06-01 17:29:00,66.70175250648141,114.28439547807447,2.787354391281778,1670.6751666218254,16.72744832456195
2026-06-01 17:30:00,65.24340543404033,112.58294831845917,2.929504937643104,1653.2462582852213,16.873464362274024
2026-06-01 17:31:00,66.64134086942906,112.50944938853905,2.9308610679056892,1680.237379660021,16.203127324592227
2026-06-01 17:32:00,66.33595028899741,113.51652584277184,2.7866642239016963,1667.479153025677,16.33880503222562
2026-06-01 17:33:00,68.86191254975091,117.24864756390797,2.9765674368593045,1698.7898200779873,17.04659551106327
2026-06-01 17:34:00,66.5545123482854,112.75153428595625,2.701375723607433,1673.9141967242836,17.228663015581038
2026-06-01 17:35:00,67.53050516160715,114.38424522665134,2.8660709356152236,1681.317551377365,16.45896614118049
2026-06-01 17:36:00,68.69430377331457,112.55909166303512,2.7138262708393106,1667.6807643882778,16.524691131466373
2026-06-01 17:37:00,66.67343974066492,110.32457235194633,2.886190912366006,1703.2059067347068,17.1761270728477
2026-06-01 17:38:00,66.98927529861285,112.59461247814771,2.7827539496024425,1691.6006737418281,17.408240486487013
2026-06-01 17:39:00,67.790751440905,116.49656208692109,3.012870296616725,1671.6426704137991,16.99481664733058
2026-06-01 17:40:00,67.63284875812342,114.17407077522348,2.8933787674949456,1659.0732899451368,17.000148580747844
2026-06-01 17:41:00,68.90479481861576,115.91047584195474,2.895413040611999,1657.5650528944723,16.611914531591605
2026-06-01 17:42:00,67.07816249546038,112.95041597421451,3.1563974990913835,1695.296069655584,16.154673125587824
2026-06-01 17:43:00,68.5283203486395,111.01559776949655,2.980412899486432,1698.2215286121914,16.46356805007209
2026-06-01 17:44:00,66.08860103947036,111.97989298439143,2.832133140024968,1693.1698049569725,16.305828536025153
2026-06-01 17:45:00,67.70473769072372,113.9615657744747,2.8114487686852017,1677.9974904235337,16.832808966170777
2026-06-01 17:46:00,67.08620139348538,113.46634566980387,2.7015713782223214,1687.8396342131418,16.102749231978542
2026-06-01 17:47:00,68.4881485603393,113.62641105437436,2.899378724532997,1697.2601724187057,16.919620312448043
2026-06-01 17:48:00,66.53643817610936,113.29929467002252,2.9751815970195685,1684.7609822935174,16.84172210082061
2026-06-01 17:49:00,66.23129464017178,114.60617939049021,2.6114116388799484,1674.3413858171134,16.514253085962103
2026-06-01 17:50:00,67.54323669152593,112.84074594921488,2.6915599348209716,1664.5872375829747,17.07519605964357
2026-06-01 17:51:00,64.21245112953197,113.53615160091378,2.80036933872454,1681.9491846608566,16.199773477234746
2026-06-01 17:52:00,67.25785686584202,113.66651976144479,2.7307479568430115,1687.483220351106,17.290344758927095
2026-06-01 17:53:00,66.89356621160204,112.5806584037938,2.874679378625789,1667.540129996996,16.8437679006299
2026-06-01 17:54:00,65.99220103500167,112.16909535527354,2.9090995142041005,1672.024217035176,16.217284631890635
2026-06-01 17:55:00,66.79263354633622,113.05559666914533,2.886213413024242,1677.6524786600417,17.26509087480884
2026-06-01 17:56:00,66.93255495538374,116.14427855582512,3.0089216426468126,1697.1477148758172,16.50467131041311
2026-06-01 17:57:00,68.26854583823057,115.67782920292726,2.868455942832002,1670.623671730135,17.688677796007745
2026-06-01 17:58:00,66.25410837819554,114.54854806742084,2.881386376923084,1661.0756189637505,16.795214310793085
2026-06-01 17:59:00,67.31493563225264,112.98684787778275,2.7782099173355332,1669.45521179524,16.333652987384273
2026-06-01 18:00:00,66.5561089460134,111.84789861656022,2.9475680057019105,1678.7470312016376,16.268411540328394
2026-06-01 18:01:00,66.69247614187925,114.77043304380533,2.908362222315948,1684.1243578160834,16.565330133708912
2026-06-01 18:02:00,67.03318744931828,114.71555616346153,2.7288754484613285,1665.6980031811142,17.16203596687192
2026-06-01 18:03:00,68.53671242737481,113.68340222576204,2.8779879906354853,1693.8844674893282,16.691075811659008
2026-06-01 18:04:00,66.75134623540455,113.08869930984893,2.8965498640065506,1702.3843707818621,16.688425351712972
2026-06-01 18:05:00,67.03103419401775,111.62112342545011,2.934008919518494,1684.5783911025544,16.704996260733218
2026-06-01 18:06:00,65.70065585601299,114.12196164785121,2.91978985029214,1691.2562664405787,15.742506947354055
2026-06-01 18:07:00,65.60354748530345,114.4609741909474,2.7609962460243356,1660.1072465593945,16.848496140002126
2026-06-01 18:08:00,66.03027801872534,112.88197631026628,3.027672513653622,1669.2547672873998,17.384306892680016
2026-06-01 18:09:00,65.57919983897753,112.50302689772566,2.973001446400102,1686.6279785788088,17.02481770922473
2026-06-01 18:10:00,65.67960337173832,114.81187530774092,2.77948646131787,1677.0586392351845,16.491905979586793
2026-06-01 18:11:00,67.1555156843871,112.73404175281735,2.728880717133812,1666.6587524253414,16.398122975888427
2026-06-01 18:12:00,68.34200967171333,115.87540762317049,2.8188129447887187,1704.5828522667077,16.437492880744657
2026-06-01 18:13:00,65.68371173262739,113.42565956763305,2.6830209196601964,1685.2354758945053,16.325004481631993
2026-06-01 18:14:00,66.17270120167076,112.84210727313493,2.918266398236121,1687.9457088753,17.55881580897702
2026-06-01 18:15:00,66.64868643619329,113.92522910329286,3.102273955250492,1674.834221405942,16.90402056830716
2026-06-01 18:16:00,67.74339747570266,113.51345149426793,3.145059213722542,1711.5640878503607,17.3505791779016
2026-06-01 18:17:00,68.16559903286098,115.00394658256485,2.7467649019450744,1679.6942876876792,17.16610104687995
2026-06-01 18:18:00,67.2359401843207,114.85969522029399,3.037802175910608,1699.242158890566,16.955405706844367
2026-06-01 18:19:00,67.71746591283525,115.18346729659851,2.9378577813677778,1676.2941128303535,16.56620783430691
2026-06-01 18:20:00,68.85365821268131,114.06616143661661,6.598717501527945,1687.1262211452004,17.12984632874831
2026-06-01 18:21:00,67.7473654679499,113.14289696380176,2.8628419184869465,1690.907838610233,16.412251688313596
2026-06-01 18:22:00,66.76474614848995,113.67553300765842,2.845874861625785,1712.4165709244642,17.084126901357152
2026-06-01 18:23:00,67.45402301792375,113.15260924474326,3.0925190440380446,1675.5833654304593,16.416972234571077
2026-06-01 18:24:00,65.69599250004512,114.93893167040302,2.7479578806253735,1678.758651059422,16.415043895520647
2026-06-01 18:25:00,67.7746504896376,114.92186090828272,2.9990684813938,1691.799594772256,16.6844325948941
2026-06-01 18:26:00,66.61806817355252,112.99307034491851,2.8574632847617614,1653.4827062738398,17.1110296814257
2026-06-01 18:27:00,65.45030719566142,112.16024752990457,2.667929814709112,1644.345135383076,15.662370531936158
2026-06-01 18:28:00,67.9446201196695,115.75125791872502,2.843988889908324,1670.4257773568374,17.883439510802138
2026-06-01 18:29:00,67.43405864218064,113.92807958694183,3.1473486272942677,1698.028480028274,16.559667235229398
2026-06-01 18:30:00,68.35384630742777,113.80285124260897,2.9045978973511786,1711.8667995470687,16.9301813674787
2026-06-01 18:31:00,67.5294753184423,115.29178210247625,3.0313599815101027,1665.251202239706,16.881422196555587
2026-06-01 18:32:00,66.7198061723089,112.55698466845094,3.0055863594590844,1657.3347756958485,16.715507817821152
2026-06-01 18:33:00,66.64422883859498,113.06067947905395,2.828986539693891,1702.2664131044219,17.059147856453592
2026-06-01 18:34:00,67.8408352049498,113.27017485607838,2.710625668184622,1672.1464071390092,17.017691924148913
2026-06-01 18:35:00,66.38385847735252,111.96127134323015,2.72997087392148,1674.9718634960695,17.585375206688905
2026-06-01 18:36:00,66.660725670773,114.23745407124545,3.1416548318942326,1706.667964993866,17.221924088337833
2026-06-01 18:37:00,64.2660192976686,112.49631062904449,2.9168355666316397,1698.235502516235,16.65861747884278
2026-06-01 18:38:00,67.19625111708034,112.94131586046167,2.648338959635399,1695.693408556878,16.59188563559398
2026-06-01 18:39:00,65.79291838157026,112.3797551913005,3.0067659302725858,1650.6623034005545,16.380997441440137
2026-06-01 18:40:00,67.63397068864995,112.9533993099301,2.6424978801079764,1663.2282854960472,17.34623928425975
2026-06-01 18:41:00,65.47276112193701,112.51817416176728,2.7777394647020897,1697.139241568105,17.464516561320504
2026-06-01 18:42:00,66.08260443361782,113.59683065031268,2.8988723983639453,1682.1040013374684,17.051727230705687
2026-06-01 18:43:00,67.28736711421016,113.26886388377642,3.2751012349693007,1667.7416537447773,15.462019391194804
2026-06-01 18:44:00,66.1207440846687,113.52991626672367,3.020553928477959,1674.4623699825509,15.837293197629526
2026-06-01 18:45:00,67.22295648007834,116.2723212323488,2.824159909180437,1695.9684553560692,16.720862942454858
2026-06-01 18:46:00,67.6774125554437,113.87484189843002,2.9416814987848054,1710.401024083499,16.964080745201603
2026-06-01 18:47:00,66.97754933333752,114.22783513726439,3.0380829151957247,1679.935707230667,16.758912451194643
2026-06-01 18:48:00,67.39534593682566,114.32210928504927,3.110586811348022,1669.1576934500638,17.2305018817784
2026-06-01 18:49:00,66.57207372453813,112.82949010378582,2.8231819456876877,1667.9331782206018,16.93321501741325
2026-06-01 18:50:00,66.608581496509,113.5958527415803,2.8516937121994017,1697.0432340344582,16.703612229947677
2026-06-01 18:51:00,66.26492074789765,113.48290232021525,2.772697023621643,1699.2938604780452,16.119479985265848
2026-06-01 18:52:00,66.29894711003459,113.57575917482293,2.988619742089686,1680.6830089555933,16.174662849256016
2026-06-01 18:53:00,68.4184510711149,113.2506232431049,3.0841920249357995,1678.1169019463264,17.004193274571236
2026-06-01 18:54:00,66.16692470678316,112.89891021528884,2.608661514882845,1696.1343231527185,16.912710909805913
2026-06-01 18:55:00,67.716587062839,113.94982687401529,2.869113775925046,1710.0711037561246,16.477836623997227
2026-06-01 18:56:00,66.81742832291305,111.19678342817993,2.722187616787748,1659.0382992334637,17.04574258705169
2026-06-01 18:57:00,67.03195454607751,115.35260933408473,2.926457509296659,1677.2778179439915,16.077710435121848
2026-06-01 18:58:00,66.23485318683868,116.11416922671805,2.7157173733400595,1697.6212464708758,15.69530571253589
2026-06-01 18:59:00,65.61958445246135,113.75499027902518,2.705350173558121,1681.7793509593137,16.42523402770697
2026-06-01 19:00:00,68.55009361573042,114.86531277418257,3.106311209538733,1680.2278679078026,17.5826002489831
2026-06-01 19:01:00,66.48517673125374,114.15420500029201,2.8322899327791164,1674.2036322565984,17.03738195606249
2026-06-01 19:02:00,64.4744412277124,111.36448690936155,2.854620115475353,1678.2817724876136,15.839069549230558
2026-06-01 19:03:00,67.08187272074636,114.507299430344,2.957643828781263,1661.675651711804,16.089287980219932
2026-06-01 19:04:00,67.99147797322372,113.05073806735273,3.049787232343263,1682.1948041418789,17.0856069351425
2026-06-01 19:05:00,68.01064192911049,116.51582562163051,2.85500817817041,1689.0694233567667,16.707202299697453
2026-06-01 19:06:00,67.07405697127106,113.47778507310753,2.8541325799236494,1675.3532752114438,17.398397984089673
2026-06-01 19:07:00,66.1419412740566,114.5381878527346,2.83774796658579,1667.6192662931667,17.022049087094686
2026-06-01 19:08:00,67.80729441153593,113.65716045759581,3.086976732567901,1676.8817658048408,17.302185385851168
2026-06-01 19:09:00,67.95128545559758,116.51256001185658,2.914881644177717,1670.4566935174037,16.60951225416567
2026-06-01 19:10:00,67.32592985544298,113.00982166281244,2.864644714764507,1694.4212005825216,16.989845550722194
2026-06-01 19:11:00,67.57629944046822,115.258310117074,2.9826480362656387,1670.0481125715921,17.736655249901084
2026-06-01 19:12:00,66.4442962298756,114.40722226352923,3.1850353836059364,1684.9051002208676,16.8845037457389
2026-06-01 19:13:00,67.15216343837172,113.89217835665931,2.9049428984834402,1673.1471008561407,16.685502446348785
2026-06-01 19:14:00,67.95040273331223,114.06166845014444,2.878706887557578,1673.2320289409538,16.719152528936526
2026-06-01 19:15:00,67.38623518543123,112.8123737212947,3.1989690272006075,1702.0737642710449,16.16561992992406
2026-06-01 19:16:00,67.25304309731176,110.47885651810648,3.104945185712844,1679.133235695644,16.351483725533328
2026-06-01 19:17:00,69.39490467233227,115.31502307122163,3.1127739203792157,1676.9690424794035,16.656147186139822
2026-06-01 19:18:00,65.2020492219407,112.26416919238656,2.781615395187356,1659.866901171625,15.767667848377798
2026-06-01 19:19:00,67.35100953010047,114.56645089848601,2.7875545474570766,1680.5917139455216,15.964072474958186
2026-06-01 19:20:00,65.88146030644018,113.65637726240762,2.6071661613889012,1688.856683786908,15.637896121422566
2026-06-01 19:21:00,67.8546300620564,114.92404293906978,3.0436531866345127,1698.8444531389177,16.428863062020437
2026-06-01 19:22:00,68.02391257045963,114.48088028932897,2.9127901902355804,1677.7332796731853,17.02940378972952
2026-06-01 19:23:00,66.05575801955662,110.18746527456402,2.606206784521209,1671.85202778459,16.445942186869342
2026-06-01 19:24:00,67.93693434437057,114.04195669005854,3.0672159370158796,1679.3520746564113,16.527246610878986
2026-06-01 19:25:00,67.06270009443432,112.93132510978135,2.838979736365814,1680.4233458692208,16.978579127041424
2026-06-01 19:26:00,67.98138379838701,115.73961430037154,2.923994658937796,1679.640494788505,17.84638650381978
2026-06-01 19:27:00,67.99529123452115,114.85675724918042,2.7162084891175904,1710.5669564325915,17.982986225969285
2026-06-01 19:28:00,67.87760863057417,114.20926223840316,2.972876392280592,1680.1426515905068,16.800654016973194
2026-06-01 19:29:00,67.74368027526455,113.17592290203172,2.9754397876586323,1688.0559568916597,16.638586638783345
2026-06-01 19:30:00,65.69240668304973,112.17429207154724,2.8774298338467066,1683.2924118273536,16.46947814680083
2026-06-01 19:31:00,65.97711298730108,112.5247950677621,2.8068816044856515,1679.9824535946025,16.75861028533934
2026-06-01 19:32:00,67.33117571401877,111.42430795006165,3.299582056702148,1666.060930701946,16.729566957305572
2026-06-01 19:33:00,66.23883150834641,112.61404510834747,2.7076586789254224,1677.5367606254679,16.60013708226541
2026-06-01 19:34:00,69.0841492365472,111.8419638094764,2.798381433098741,1715.5305607420567,16.764889572372077
2026-06-01 19:35:00,66.48087304793984,111.42168206209841,2.982703245783695,1699.100477790742,16.19663089499397
2026-06-01 19:36:00,66.7527291993636,113.54086409271447,2.741239974570065,1681.0363079239473,15.767666181598225
2026-06-01 19:37:00,68.3065709618569,114.31780379062997,2.7485653000654264,1676.8563007444432,16.570777912713194
2026-06-01 19:38:00,67.19767111816967,113.70676879681011,3.0860558618324245,1649.9989191117545,17.455452211008023
2026-06-01 19:39:00,68.33199574226383,113.1644782300789,3.008313880533466,1676.0469816551474,17.445703855386924
2026-06-01 19:40:00,65.15459733192945,112.10750182951121,2.955580138177336,1675.4156017090525,16.998108837850562
2026-06-01 19:41:00,67.43652276472179,113.51909141002146,2.95392192741291,1680.5698931080628,16.752370069008812
2026-06-01 19:42:00,67.65137346369112,112.41939091502137,2.789914228174948,1675.0322112159326,16.38682384249712
2026-06-01 19:43:00,68.93377820726836,113.76341312485273,2.8846866687920665,1693.8539371198447,17.5692435895971
2026-06-01 19:44:00,66.67859808472679,111.8227791986711,2.898046599548294,1666.976228501685,16.39105671582909
2026-06-01 19:45:00,65.77169196698026,114.08335573182445,3.0097174288384805,1680.6467709149692,16.636646488379572
2026-06-01 19:46:00,67.57943543674158,112.88230179973178,2.9680612145861565,1679.1826389826285,17.457167001498426
2026-06-01 19:47:00,67.04185429907068,114.22164898784122,2.778832860668916,1670.367323382428,16.934648917986767
2026-06-01 19:48:00,67.47989732151534,114.91204622261725,3.0415899893544855,1709.743302636246,16.806298698493237
2026-06-01 19:49:00,67.94947985686586,114.01762297685526,2.656502620412263,1692.8728538601451,17.27602448575959
2026-06-01 19:50:00,67.82275308953476,115.08796956493067,2.8938712171540497,1676.5909020460695,17.093313523676805
2026-06-01 19:51:00,66.37720294897426,111.49480465967652,2.7603441951108794,1694.0890566030885,17.06585429720293
2026-06-01 19:52:00,66.15629720309866,113.00715437934701,2.778006641715504,1660.4724982097985,17.405176323964273
2026-06-01 19:53:00,67.81536534124223,115.2273924364799,3.2159013041281352,1675.4304848229442,15.93388013681614
2026-06-01 19:54:00,67.0330862343487,114.87298782254298,2.7301930364743585,1710.0723786006286,17.27449219911643
2026-06-01 19:55:00,68.30838215950943,116.4912111653354,2.828657908045962,1695.5801264180009,16.829999561858696
2026-06-01 19:56:00,65.52566373709311,115.36492705100459,2.964538297367342,1681.6635660788606,16.57694591112033
2026-06-01 19:57:00,68.1385433175798,113.77280661738443,8.350910793562775,1693.6484686248225,16.751830590189943
2026-06-01 19:58:00,70.01199826003314,113.83756774944854,2.9659964657558833,1697.7017328767831,16.799782800141237
2026-06-01 19:59:00,65.91387724415634,112.23009100733461,3.106446942437125,1674.4121262182277,16.78151760185468
2026-06-01 20:00:00,66.813806052702,112.73322927569355,2.985140815605236,1691.4353970578547,16.806245658919945
2026-06-01 20:01:00,66.3484540203699,113.06849221279646,2.8335902143569833,1655.444179803039,16.860576490250672
2026-06-01 20:02:00,67.41979606271657,113.12172524132203,2.9021836962352205,1674.4362035660672,16.961377897902732
2026-06-01 20:03:00,68.80311820389363,112.57816607347524,2.991602326185503,1680.9480204999315,16.793045410552008
2026-06-01 20:04:00,66.66480908746912,114.00097186785162,2.9965204624457336,1688.4703346132949,16.720366817852405
2026-06-01 20:05:00,66.80190694115676,115.5513360692439,2.9041374746772926,1675.3299240303409,16.78944129099065
2026-06-01 20:06:00,66.26065385450794,114.62724675602135,2.9545805922849477,1653.3369386958707,16.3767030168111
2026-06-01 20:07:00,67.83818904994985,113.07371470398459,2.951611950984207,1650.6077424414752,17.238356056436512
2026-06-01 20:08:00,66.21422207587713,115.62925233606903,2.9469938648291087,1691.1441788474935,17.169763613742536
2026-06-01 20:09:00,67.28708532037412,114.23664262900637,2.830591798293852,1677.108854630802,16.74898032224334
2026-06-01 20:10:00,67.96517221989582,113.95209532647789,3.044785376210057,1673.029549302379,17.15880783488475
2026-06-01 20:11:00,66.65457461635474,113.46797096934084,2.9498838685782287,1665.0638405499853,16.749983200020182
2026-06-01 20:12:00,68.06325069603703,113.44627897934012,2.600266852295149,1684.4894026516336,17.340153244137767
2026-06-01 20:13:00,68.02463097081088,114.31278391910197,2.7782249768347866,1699.9539800761052,17.12362555308889
2026-06-01 20:14:00,64.77768592254336,113.12126286515519,2.79147650955492,1674.7233576420385,16.514005420583317
2026-06-01 20:15:00,68.35357492000028,112.46528544139943,2.859123149720716,1697.5926094182926,17.045262420068287
2026-06-01 20:16:00,65.28790901486383,112.28103550625289,3.061475607104362,1670.5668987535832,16.700736372431926
2026-06-01 20:17:00,67.20126503118814,113.45226502046174,3.3526942350903797,1681.120704493965,16.080945325400098
2026-06-01 20:18:00,66.93026820838365,113.91958448359748,2.5248570549781593,1699.0166290529478,17.058548565447204
2026-06-01 20:19:00,67.92707171611143,113.7892571237211,2.9899953737383416,1686.4987653488015,16.322329803227227
2026-06-01 20:20:00,67.18838862276974,112.39953433595971,2.9276339902570205,1683.8287990062674,15.47222832475972
2026-06-01 20:21:00,68.29760335937942,115.66336493645599,2.917073651429358,1683.2121678803555,17.360301809624698
2026-06-01 20:22:00,67.9709772805626,115.1484470269683,3.008249031506707,1694.2492135285656,17.12848569270164
2026-06-01 20:23:00,67.29868986843684,111.63255487359883,2.9569620894047244,1700.4328371804334,17.15940433269125
2026-06-01 20:24:00,66.84525885354971,115.12370491782245,2.8468652643105954,1685.4852740723932,17.313925405192837
2026-06-01 20:25:00,67.27849850137108,113.69674742305696,2.934220958236047,1682.5252821572028,16.963872760699992
2026-06-01 20:26:00,67.05361833693387,114.24081347532905,3.0176735983297256,1664.3418662640713,16.855114386816968
2026-06-01 20:27:00,66.59640082462028,114.99099276535644,2.9775623625634093,1680.9418876942277,17.131218479569526
2026-06-01 20:28:00,67.01983798607147,115.95295539006878,2.959622102550547,1683.3861445953876,16.699436945549117
2026-06-01 20:29:00,67.61558271734062,115.17929166582516,2.8442064107551124,1689.8846523918983,16.892682979583146
2026-06-01 20:30:00,67.63618833082297,113.9343408019648,3.332545046032035,1683.6866062070378,16.923581286588625
2026-06-01 20:31:00,67.05083850274823,111.82636628613935,2.952402670658433,1703.2812570562137,16.8715841862928
2026-06-01 20:32:00,68.50496656136939,111.03126718123875,3.011885842101783,1669.0571232700688,16.598162755711844
2026-06-01 20:33:00,65.9275901215347,114.90176699308472,2.8470280498211964,1661.010737763977,16.72779641134099
2026-06-01 20:34:00,68.2238542236877,115.53462714025154,2.956715435814975,1668.517845309934,16.514127817126315
2026-06-01 20:35:00,67.1899672432661,112.61484169321764,2.9334022466016347,1671.7278622192227,16.48133779546911
2026-06-01 20:36:00,68.33704959432231,113.51852070252589,2.6360246424185947,1700.7935297099198,17.648763723472875
2026-06-01 20:37:00,68.59231645288486,113.34085307865571,2.8264723622626144,1667.335656559573,16.898555360212846
2026-06-01 20:38:00,67.92404727852788,113.3273402511312,2.8249298530172173,1669.583238260544,17.089710762603442
2026-06-01 20:39:00,68.76272360373852,115.60225470859692,2.8640849042474223,1697.039277010443,16.559639442767587
2026-06-01 20:40:00,67.87279979962712,114.49607534428532,2.7884593020578996,1702.5266258492768,18.142298165763044
2026-06-01 20:41:00,67.60047171448204,113.27974989182444,2.9102293298117576,1657.4916037831515,16.432795937115092
2026-06-01 20:42:00,67.22583298722456,117.55349093907381,3.167234919715519,1664.9454046069811,16.71220373168399
2026-06-01 20:43:00,68.03018029503389,111.98305449324815,2.9331972764305894,1670.9267453015784,16.827706756192658
2026-06-01 20:44:00,68.34425619141545,114.83889077119711,2.768235929876024,1698.9457316374176,16.73370704893126
2026-06-01 20:45:00,67.39562292292885,112.63386233439023,2.7715401662932844,1687.383551048248,17.092310658329435
2026-06-01 20:46:00,67.31981665100145,113.56399735888633,2.860303767970537,1672.1226800562056,16.271803390854
2026-06-01 20:47:00,66.54985277127923,113.51697094083018,2.6768993481140364,1688.9395204327197,17.124122092490147
2026-06-01 20:48:00,68.7054698258224,114.84732827228112,2.967922789842062,1686.31542530557,17.292850392094472
2026-06-01 20:49:00,69.43051060695495,113.10843956398485,3.0977553530102213,1677.3441714847024,16.663456650485013
2026-06-01 20:50:00,69.3444441903956,113.74393604818144,2.8592326191259625,1664.9084162917234,16.42992899184702
2026-06-01 20:51:00,68.25484743726469,114.01865191561204,2.968323688216061,1679.822942391298,16.85187571083324
2026-06-01 20:52:00,67.8316177609927,112.36795292722083,2.8465823069014684,1711.5391954156344,16.856958317826813
2026-06-01 20:53:00,68.53473286871035,114.7568065304422,2.838758140170622,1681.596066689092,16.514812952843254
2026-06-01 20:54:00,66.64851339580058,114.03192223181746,2.9413911426469834,1668.2390422614203,16.428031245586467
2026-06-01 20:55:00,66.4471778379621,114.25011104344739,2.8156980846245565,1677.305011292794,17.283673957556413
2026-06-01 20:56:00,68.25605267816984,114.06988710761195,2.8222958461699457,1690.4974515048661,17.1386361688359
2026-06-01 20:57:00,68.47413729478113,113.68253205444188,2.684705333131253,1698.7699664641843,17.006325097743318
2026-06-01 20:58:00,67.61459086361491,115.86273914472504,2.9731561500839985,1702.0098587859727,17.436993139791134
2026-06-01 20:59:00,67.00338609178486,115.01619595714261,3.0793882221065187,1673.71842244943,16.8294969549794
2026-06-01 21:00:00,68.93640282311738,115.93690143138379,3.0553723668121857,1708.928862212171,17.095768042007656
2026-06-01 21:01:00,67.97978276502323,114.42031515899843,3.1553457954258506,1698.5296845739633,17.16899520639976
2026-06-01 21:02:00,69.50775790942619,115.81056642005998,2.8446473155554637,1682.4879231013335,17.41727798636988
2026-06-01 21:03:00,66.50924006281592,113.31986784537399,3.0488992089752363,1682.3325863492596,17.108824718515084
2026-06-01 21:04:00,69.76802153285162,113.70212264967644,2.7641480934262477,1694.9186334880467,17.555727643539026
2026-06-01 21:05:00,66.62576755021817,115.36220165695526,3.0349275136949787,1701.828295741867,16.9738925229078
2026-06-01 21:06:00,65.80997102894865,114.72875684791792,3.161071491982274,1660.1086625002456,16.319456863856804
2026-06-01 21:07:00,68.29456972617213,113.82230948658712,3.0194805571258163,1690.0014150032785,17.520733212223174
2026-06-01 21:08:00,67.43658718056273,112.91656727835611,3.1940768866468785,1688.494159243785,16.988004104213267
2026-06-01 21:09:00,68.2887260491086,113.9151082417813,2.854181219633419,1680.2386944745274,16.772456634795823
2026-06-01 21:10:00,68.83642726633987,113.62586225521936,2.9430456324897802,1683.999040672119,17.50879196173761
2026-06-01 21:11:00,68.69588708875183,116.49565740820529,2.8243976610051953,1708.1656892049048,17.36143529332703
2026-06-01 21:12:00,67.09371254125651,114.79586945573067,2.930806522835446,1693.1377808169077,16.4304112196254
2026-06-01 21:13:00,68.57231131512175,113.19398610366488,2.9813239528343134,1719.7740947062252,17.32479871187082
2026-06-01 21:14:00,67.38410974998412,112.56500056810091,2.9251712407881216,1675.7063041350275,17.659221609781426
2026-06-01 21:15:00,68.91890764097234,113.08401194364279,2.863411682716397,1688.9635220757793,17.138441125700346
2026-06-01 21:16:00,67.5276754415345,113.16539633561898,2.848791744012617,1689.125325394354,16.815519815661133
2026-06-01 21:17:00,68.24204498980018,114.30684099149009,3.018901019733955,1706.8663472677338,16.585738525535508
2026-06-01 21:18:00,66.91970630374051,115.47239316166467,2.9184361186213166,1708.8420227990025,17.88795599993346
2026-06-01 21:19:00,67.79312303904976,112.80558502248061,2.7582565686982843,1687.609577922877,16.775918561115663
2026-06-01 21:20:00,67.77244465696411,117.14134885084297,2.675000703572508,1675.4970906221315,16.633756680184202
2026-06-01 21:21:00,65.69934426497717,112.2576965898961,2.8033205185664016,1667.865584470207,16.73916640397154
2026-06-01 21:22:00,67.30526962956513,111.75079461381026,2.6887698155674484,1681.3629394741877,17.124125532871624
2026-06-01 21:23:00,67.1572511585136,116.31565939411033,2.8273107419687333,1707.3706752579556,17.639212711709124
2026-06-01 21:24:00,69.27807459838724,115.6596666676648,2.874781542208273,1665.959376456974,16.768192128262992
2026-06-01 21:25:00,68.4002704711207,113.9174301244946,2.9205017028532296,1670.9332735835187,17.028714047185733
2026-06-01 21:26:00,67.30154432327605,114.12590799219744,2.8113197394827285,1693.6014251841852,16.83431972549964
2026-06-01 21:27:00,67.30096517311982,114.55227190570255,3.2663060970762343,1668.1207783739396,17.422817671793663
2026-06-01 21:28:00,69.96661905733818,114.84161552462417,2.789338585635766,1678.8254654955447,17.575913956998154
2026-06-01 21:29:00,68.65554398489625,112.77315851972251,3.1366441330835326,1708.100514675011,17.27271683798129
2026-06-01 21:30:00,67.72666232586688,111.15940920083025,2.918132786548063,1685.183770387242,17.43481549068025
2026-06-01 21:31:00,68.08054544712962,112.94667142611607,2.8320605642925227,1681.6707248881305,16.435344300281777
2026-06-01 21:32:00,66.61158285507072,116.15829090335625,3.020063442206098,1706.9098154533053,17.15780263096221
2026-06-01 21:33:00,65.6192457595287,115.690249935656,2.829651949468683,1663.572066602384,16.82051539937994
2026-06-01 21:34:00,67.47396702405781,113.87085358875858,2.824625826777374,1670.1743378805338,17.07252629863971
2026-06-01 21:35:00,69.01298273408614,113.21712339297076,3.22625018267057,1715.993927209464,17.083470467205213
2026-06-01 21:36:00,67.2886659893753,113.97938178708536,2.5805400812870998,1685.4416522301926,16.87647800725505
2026-06-01 21:37:00,68.68958428014821,114.45197786841223,2.8916156217662605,1695.8649103712892,16.73452497907903
2026-06-01 21:38:00,66.82742047179227,114.50256959991643,2.9472911548583562,1679.089821227084,17.981769789095964
2026-06-01 21:39:00,68.14908798538812,110.8122424370964,3.1341818370767394,1682.9967150296595,17.465928120291235
2026-06-01 21:40:00,68.22026322512377,117.94498725411019,2.8839473542245107,1678.185911780032,17.51500390325868
2026-06-01 21:41:00,66.28493226342526,114.87865381126137,3.3004645672908506,1685.034256642842,16.547971174236057
2026-06-01 21:42:00,68.97758968881007,114.09723533163228,3.0695126442768954,1703.5995509870254,16.784458773779665
2026-06-01 21:43:00,68.71108877227881,113.51977597324448,2.6037026870159967,1694.699050382237,17.10619369203631
2026-06-01 21:44:00,67.66846438144928,115.27064670127832,2.7210062485470528,1703.725332968783,17.08860379279977
2026-06-01 21:45:00,66.87846346466574,114.0169056355167,2.930368906617115,1688.9016962595956,16.131860035066058
2026-06-01 21:46:00,67.64271355971248,113.98374591987262,2.753297990345207,1669.2489516103071,17.12857519169239
2026-06-01 21:47:00,68.97191101708788,115.09743229631991,3.052003702426319,1691.7945829914752,17.70657521263307
2026-06-01 21:48:00,66.36921180658913,113.21437963818936,2.8219167433942056,1671.2693223027998,15.780550623700202
2026-06-01 21:49:00,67.124603707465,114.56651598815073,2.7595481240375266,1699.0919287622708,16.681993387850607
2026-06-01 21:50:00,67.73991304059507,114.7116857750838,2.7779816175042953,1691.4578166993929,17.411158804310528
2026-06-01 21:51:00,68.23972713422692,114.85292956550046,3.0905169952020892,1694.4567308890707,17.370060783515605
2026-06-01 21:52:00,67.18891074189905,114.35169319599346,2.6300627629476394,1701.9049903899106,16.65476430939652
2026-06-01 21:53:00,68.47117076620367,116.0032974805963,3.1122489118243597,1663.1063330577333,17.460077405304894
2026-06-01 21:54:00,69.35900179269134,112.46936173537466,3.1202398828329687,1682.7649170232612,16.955259261583702
2026-06-01 21:55:00,69.69390653550923,113.8152491304081,2.935136170409365,1689.1951331412415,17.291905311218272
2026-06-01 21:56:00,67.90820684237853,114.19843312770954,2.7337709572093947,1692.663486556414,16.6277292143265
2026-06-01 21:57:00,68.23467051724813,113.47003258225612,3.0397712101496066,1699.5704687396224,17.179702732554865
2026-06-01 21:58:00,68.09500223339244,113.31793676592798,2.8465911565449447,1683.8893941628157,17.30386401242074
2026-06-01 21:59:00,67.28553759128187,116.14675324288788,2.746163221450762,1674.9617767388154,17.109729701921918
2026-06-01 22:00:00,68.68158668251677,113.84308217682933,3.221160857230482,1693.0595414215938,17.269106561195468
2026-06-01 22:01:00,66.67568537057745,111.89239576200409,2.8065012719624067,1689.7535807727018,17.023760546032612
2026-06-01 22:02:00,67.37705431612169,113.7466802461889,2.7294900550831573,1668.0318319691078,17.55894800686708
2026-06-01 22:03:00,67.18499300329464,113.86793864311326,2.962637811914643,1679.5450094676137,16.71388643152165
2026-06-01 22:04:00,70.41893247096303,114.38904401725677,2.945917323111395,1696.829255948914,17.792716222125158
2026-06-01 22:05:00,70.47944894500826,115.2360016581141,3.1941787039530682,1719.048222064575,17.557013899311844
2026-06-01 22:06:00,69.30947421795724,114.94140829636633,2.90106475918163,1675.2924969822498,17.28367620371266
2026-06-01 22:07:00,67.9119363625746,113.64675991173793,2.865396634492688,1696.029822988913,17.01887857215742
2026-06-01 22:08:00,67.02747816063456,112.82700215762775,3.000860892664242,1673.9682252753466,16.943330352961485
2026-06-01 22:09:00,69.17378031111691,113.9948197884411,2.9982068142102856,1674.5966978634733,17.050358049682586
2026-06-01 22:10:00,67.04858368586737,112.99664858241152,2.9507710205927777,1665.0792039434175,16.976867190564366
2026-06-01 22:11:00,67.32818317946031,113.64863475995574,2.9735100127821115,1695.6186667311642,16.515886285950607
2026-06-01 22:12:00,69.28779713521,115.4113795739246,2.996824266342004,1696.3747612532165,17.05031190638924
2026-06-01 22:13:00,68.4348739298487,114.89080426817954,2.8979196197369292,1687.358073456785,16.828038419083995
2026-06-01 22:14:00,69.6040291467217,115.44310161146335,3.0885212898468897,1699.5914098407325,17.455875837351993
2026-06-01 22:15:00,68.24006699982684,114.43351556263514,2.938976416712133,1699.20452653216,17.682018629684503
2026-06-01 22:16:00,69.02602736461327,116.29304203530992,3.086186485531585,1694.7645721232445,17.74863344536765
2026-06-01 22:17:00,68.38811925523541,115.35310473213939,3.177877547710005,1689.389754125246,17.13898799224797
2026-06-01 22:18:00,70.00720536277355,115.3021386311634,2.9095326707629963,1686.819554256804,17.260621271139975
2026-06-01 22:19:00,68.83571218102472,115.02002142397423,3.3137395476484106,1715.9830137126226,16.56028419037166
2026-06-01 22:20:00,67.35956926651875,113.31579528074616,2.8348885827772223,1709.3625779598879,17.171733963152505
2026-06-01 22:21:00,69.13208433778597,111.9698442540155,2.860881727413432,1717.1903713952127,17.808892353637564
2026-06-01 22:22:00,68.8494443254972,113.78162180194856,3.0483091210462256,1685.3723759682675,17.22498375606694
2026-06-01 22:23:00,67.92334471485033,115.12285545218653,3.0146281675589393,1679.4498456916779,17.123606040452714
2026-06-01 22:24:00,67.78389387023095,114.1764351771466,2.949450679127825,1681.5190046269988,17.037602315861346
2026-06-01 22:25:00,70.05402507072829,114.92463192462546,3.128659882652506,1717.296048051478,17.646020786796548
2026-06-01 22:26:00,68.38558966540651,113.48252135279526,3.0045564688907302,1693.3295114325292,17.64878439039421
2026-06-01 22:27:00,68.38207278226643,111.84120760990314,3.255741206358554,1681.0281058669846,17.86177476351688
2026-06-01 22:28:00,69.15482349856707,116.39849714292772,2.9712616805157066,1701.3070238105151,17.54366358396093
2026-06-01 22:29:00,68.28535399449916,114.13771632190243,2.830971957567157,1680.7824661620807,17.419303369197582
2026-06-01 22:30:00,69.97209462223643,113.83466483928039,2.8739176333078786,1671.0039473673446,17.079349259228962
2026-06-01 22:31:00,69.53360980914069,113.79473341503545,3.044079252962475,1696.6146435058643,17.257229582872185
2026-06-01 22:32:00,67.79488107271489,115.55595240255857,3.009594448292089,1679.5992408768661,16.976739276600746
2026-06-01 22:33:00,69.21659235448055,115.60757297976565,3.0009682051150257,1693.7938586303624,17.12851720795894
2026-06-01 22:34:00,69.22681309504735,113.86344724517993,2.8741834376715762,1660.0489000692985,17.563077738980727
2026-06-01 22:35:00,68.84297519704441,115.99364779928588,3.139376967407183,1681.2347739545387,17.54804790626324
2026-06-01 22:36:00,68.44310692874342,114.17549994184148,3.247187561473042,1690.6519337191519,17.20021487307089
2026-06-01 22:37:00,67.635428589822,113.58378123329028,2.958812588875957,1668.139898521933,17.046007852617855
2026-06-01 22:38:00,69.01305711061006,113.99925207195021,3.22836320387877,1669.118664296899,17.22619296076771
2026-06-01 22:39:00,68.40478105984859,113.46467891035155,3.0902474401975977,1692.6433487953598,16.818375237109503
2026-06-01 22:40:00,68.46288231641012,112.78857530188547,3.2910449312092678,1702.1720997343184,17.508150025123307
2026-06-01 22:41:00,69.08106082333607,115.69937551392769,3.05543117060644,1683.5311702736126,17.21874554215071
2026-06-01 22:42:00,70.32592643288778,113.71448114934888,2.952445593378375,1682.4591265396682,16.527675987935336
2026-06-01 22:43:00,68.9980359743197,115.50471548760378,3.110631121428909,1693.2688471436604,17.56673001711998
2026-06-01 22:44:00,67.14054205843432,114.74239780812695,2.894811704150542,1668.5351776269208,17.40342402849938
2026-06-01 22:45:00,67.98190469874068,115.28917447137775,3.0364626173625373,1712.8372930299447,16.971489759986103
2026-06-01 22:46:00,68.97933538282057,111.73076247584359,3.1453372431484596,1686.4015934779716,17.34240090580216
2026-06-01 22:47:00,70.92684937400492,113.88873131110078,3.11818280904644,1696.467654205552,17.71798167106705
2026-06-01 22:48:00,69.27489223988,115.59340270297136,2.989367351055189,1704.3969510126337,18.245034783016095
2026-06-01 22:49:00,70.6843211540744,113.30078387621985,3.018767719726935,1674.3411513624221,17.321280307878467
2026-06-01 22:50:00,68.78230173588508,114.5421929685802,3.05328584172897,1701.725879336121,17.0255068044706
2026-06-01 22:51:00,69.45626381292405,113.13507846283417,3.095595255392245,1713.1448143490747,17.159243227753503
2026-06-01 22:52:00,69.15744091139678,114.70263174940024,3.0913695887497203,1697.8799617084082,17.538919620011892
2026-06-01 22:53:00,68.31694462845071,116.01811269638236,2.989990664056883,1694.7481163662176,17.04122036143743
2026-06-01 22:54:00,69.83534019334866,115.49620790621081,2.84743082193851,1689.331311109072,17.678515490313718
2026-06-01 22:55:00,69.697069303803,112.46872768873462,2.8795348588066547,1708.810968407687,17.17122825877485
2026-06-01 22:56:00,68.96528645540394,115.77141223360086,3.05273278461079,1684.367458372063,17.565425604793166
2026-06-01 22:57:00,69.15266983295304,116.83270360736255,3.1011200952788296,1694.794261585981,17.227870970733388
2026-06-01 22:58:00,70.95803448565118,118.04293107313092,3.084391224331348,1696.2291104361495,16.606263907735755
2026-06-01 22:59:00,70.29604422981488,115.61762748095138,2.9018865989466036,1700.0535542467253,17.77498457205621
2026-06-01 23:00:00,70.65462355214494,113.34227769665699,2.975963668340567,1715.7646455819443,16.790570874093724
2026-06-01 23:01:00,67.94786917291316,114.2795941651862,2.7410569064458534,1716.2628137790846,16.81519658829392
2026-06-01 23:02:00,69.27708305013223,116.44443874547679,2.7598989265570784,1692.0750899911561,17.20705223796635
2026-06-01 23:03:00,69.2497086243987,114.35686893649296,2.9843135451951865,1701.4736945366517,17.287339610521805
2026-06-01 23:04:00,68.9408876698248,115.36321829224148,3.1444892936908357,1676.116756219007,17.074668101537185
2026-06-01 23:05:00,69.91836594620942,113.6642024803272,2.993085672037751,1711.1018365888779,17.350850082325987
2026-06-01 23:06:00,70.26003335428783,115.4712831896915,3.287850933393673,1692.563853967752,17.65745871034703
2026-06-01 23:07:00,68.10544809104009,111.34273363753505,2.9307330080400176,1738.2466424721256,17.121622174788083
2026-06-01 23:08:00,69.8354344446211,113.6230912418871,2.988915494561445,1671.7854856734218,18.42802582257488
2026-06-01 23:09:00,68.73480725938316,114.38686202754059,2.810962753299049,1724.1344348967032,17.060146309814012
2026-06-01 23:10:00,68.70092921490183,114.03773889529721,2.912831200632033,1707.8518924472612,16.74783982867847
2026-06-01 23:11:00,72.39292394400553,113.56421058888544,2.829839370424845,1684.8323936034024,16.998470575029973
2026-06-01 23:12:00,67.81948918931336,113.92577768003787,2.7365570818733724,1728.4632607197416,17.525985296753436
2026-06-01 23:13:00,70.43321252723183,115.22878717815452,2.812940382082959,1683.8498587841023,16.779946473079974
2026-06-01 23:14:00,67.58902857170875,114.03610955902366,2.9554301077319676,1683.8128060919714,16.585892314925154
2026-06-01 23:15:00,70.63707596226325,115.33918486923932,2.907231376990943,1684.0985754672058,17.091526271612008
2026-06-01 23:16:00,71.84403449692641,115.77294480453003,2.917991226784155,1696.3976512998622,17.630147967106804
2026-06-01 23:17:00,68.5610327905244,114.25366875231192,3.0391781850048205,1694.749060712883,17.86501494980512
2026-06-01 23:18:00,69.21952320566167,116.53032412442404,2.7609676217725623,1711.1079358893028,17.072076740658307
2026-06-01 23:19:00,68.6062667164885,113.1230135737832,2.966164665686525,1727.3765569075722,17.32388600253753
2026-06-01 23:20:00,69.51080034594571,117.40789001969682,3.133497112465217,1693.5627498367228,16.492365172649155
2026-06-01 23:21:00,70.00480570390731,115.98442666817064,3.116769277767104,1654.0276145378004,17.026492118733824
2026-06-01 23:22:00,68.95479192453827,114.26401040007978,3.0568989065759644,1705.6102419955919,17.586593833133243
2026-06-01 23:23:00,69.7459866463287,114.26420702202732,2.96626529061142,1686.5638654380732,17.180772872269912
2026-06-01 23:24:00,68.1189544577919,114.83923559155006,2.879182690969508,1721.8255061415578,17.6931879840585
2026-06-01 23:25:00,68.51496700668392,115.69862122005001,2.986327260627508,1699.2174455981617,16.596831948777613
2026-06-01 23:26:00,69.52692789351126,116.16851586861699,3.238356680077621,1686.6810775427323,17.133538518382064
2026-06-01 23:27:00,68.7057647484382,113.37157601181605,3.0396456310109814,1684.5426108878548,17.671241354262055
2026-06-01 23:28:00,70.79181901364083,115.31353308818773,2.9698745155656425,1706.5246600178207,17.57037898320256
2026-06-01 23:29:00,68.67952430342913,112.41186644495731,3.0813328183637605,1695.227230693419,17.68261587463421
2026-06-01 23:30:00,68.52696282684828,114.46579550548984,2.9860290432280894,1717.7296899768526,17.422282694351736
2026-06-01 23:31:00,71.29013810581793,117.22431610326407,3.065843682516453,1703.2361054990945,17.282160750165623
2026-06-01 23:32:00,68.22454255987665,112.64568602130093,2.919446884121166,1712.51019386911,16.86176249600325
2026-06-01 23:33:00,69.18923982587019,113.28288975764414,2.9512243436142707,1681.9909882538807,18.52754148236247
2026-06-01 23:34:00,72.11310615718644,115.505521534022,3.1654378666671126,1677.1282704499654,17.116532801859734
2026-06-01 23:35:00,68.3607970493371,116.2459670429395,2.6795176828365856,1706.8518415851886,16.72429762199966
2026-06-01 23:36:00,70.86697253053337,115.90246392956769,3.105922886396592,1699.860141244024,18.027951243636554
2026-06-01 23:37:00,70.12937596884613,112.86282351620761,2.9383780515225086,1698.0249369688847,17.150474651662794
2026-06-01 23:38:00,70.86339346810634,113.127818977611,2.7240563353098253,1686.7847314373573,18.290671979398454
2026-06-01 23:39:00,70.11219042476216,114.98844994762796,2.8452188685063153,1681.9995356382153,18.529355702233612
2026-06-01 23:40:00,68.94675624664102,113.38900763525798,2.98153298916618,1706.9229871003256,17.305673430674126
2026-06-01 23:41:00,69.36526830728496,114.9769885933066,3.002752887083546,1697.2234911195092,17.530263378555656
2026-06-01 23:42:00,69.81740312377471,115.23466467122441,3.110965370680623,1684.089923229741,16.769872340531663
2026-06-01 23:43:00,71.21755389299298,114.72148413442783,3.14181561166288,1715.9807334884536,18.067238666190796
2026-06-01 23:44:00,68.96486157759759,117.12746470748081,2.7646433924987326,1716.953829482551,16.579425065069284
2026-06-01 23:45:00,70.87141288383182,115.33702286513476,3.0318563525669484,1693.4136811667502,16.7784165416177
2026-06-01 23:46:00,69.70416390885886,116.60966436396622,3.1196652833076293,1717.1247362289619,17.625314558215127
2026-06-01 23:47:00,70.37561256774147,116.29600415249932,3.045592129311368,1687.523673869132,17.814715914440892
2026-06-01 23:48:00,69.30779629658525,114.93780564983008,3.08322581772567,1710.2300524854475,16.96538778054531
2026-06-01 23:49:00,69.26483774903846,114.91834577756826,2.720234044307406,1704.4486862237143,17.358827791514
2026-06-01 23:50:00,69.0070422325472,114.49614843571013,2.8416872502479396,1686.1704833573856,16.762017160592954
2026-06-01 23:51:00,68.54840847831305,115.47973622922251,3.1824012854387993,1726.2947257361002,17.204395935655008
2026-06-01 23:52:00,69.04297983218417,113.90675451290778,2.937189933395719,1699.3208612197357,17.02329466278714
2026-06-01 23:53:00,68.14393448828483,116.53359278608939,3.2977024709202354,1683.9850733324356,16.977497707304458
2026-06-01 23:54:00,70.62008025903933,114.1367759965951,2.8103579156628813,1700.718616220172,17.77639609344341
2026-06-01 23:55:00,69.25809895870566,115.19961312423662,3.230715372001889,1686.1844913714745,17.58374919422835
2026-06-01 23:56:00,68.96859776320879,114.56692810453002,2.8978491633179804,1680.537825126099,17.64538732052288
2026-06-01 23:57:00,67.87298482738511,113.55272798207564,3.0689440613982177,1681.174438707752,16.995159706249
2026-06-01 23:58:00,70.01970101464542,117.21953117880052,2.9298736347325085,1689.1105129569426,17.59313046284495
2026-06-01 23:59:00,70.83131540187597,114.80284202179887,3.0393322042853805,1692.3334892668192,17.650815133276687
2026-06-02 00:00:00,69.52147277605215,114.43494678279015,3.0760389761114753,1716.1081955270324,17.203751874653186
2026-06-02 00:01:00,69.0830091184734,114.3177621490771,2.915645175265631,1690.0429843185607,17.7855893329588
2026-06-02 00:02:00,68.277601580619,114.64513291308168,3.093224904181551,1680.6283533698934,17.128573414451346
2026-06-02 00:03:00,69.87976412409786,115.32967839725355,2.9902020071960913,1688.2308102496822,17.593827373229203
2026-06-02 00:04:00,71.01142160221691,113.63986655479435,3.0255721774996878,1680.5431916372863,17.918793071540744
2026-06-02 00:05:00,70.66391939149912,114.61049060927971,2.6112065871818095,1717.0082345546978,17.949502307177877
2026-06-02 00:06:00,70.78470231291328,116.46862321136707,2.99853299950488,1713.6991656610883,17.74964446216377
2026-06-02 00:07:00,70.54998228492259,116.73312401929789,3.222913951585517,1717.0314438347189,18.09951273537078
2026-06-02 00:08:00,69.2605269763454,114.9891802942262,3.1015602153123143,1714.747803665826,16.968920914686674
2026-06-02 00:09:00,69.05315836325042,114.95171741696134,3.125043420030058,1693.4128191741918,17.323926359977193
2026-06-02 00:10:00,70.30377198015724,114.53457149147381,3.0058486901853563,1721.6538041293595,17.183162442218865
2026-06-02 00:11:00,70.21984435802251,114.62200662497553,3.266436953255326,1693.5958028904345,17.611768132112513
2026-06-02 00:12:00,71.75880758361627,113.94344905823039,3.0463949204245924,1684.1899322008846,17.81730274240051
2026-06-02 00:13:00,70.93321973530163,113.09848659275728,2.8987493835250118,1705.1571290720321,17.70550382826641
2026-06-02 00:14:00,72.11103864140338,114.68879117558714,3.1637196102338083,1709.2579139627608,17.93371554801932
2026-06-02 00:15:00,70.66476903258223,116.14870516712048,3.1426458690107193,1702.995619350527,17.586917526148685
2026-06-02 00:16:00,71.250895620649,115.28521110729076,3.147406112950277,1725.8233059723195,17.833508194581448
2026-06-02 00:17:00,70.75500371646116,114.7231630839859,2.9487856171750826,1703.4383045264506,18.04966767890356
2026-06-02 00:18:00,71.02750216809544,115.2147019222016,3.0857731032677647,1713.406232626671,17.208031032620536
2026-06-02 00:19:00,71.76703711674567,116.72505733708077,3.224425938355392,1723.4794805189572,17.34899608861055
2026-06-02 00:20:00,71.16266707863258,114.30556270145871,3.0996072849141902,1709.5951717787957,17.874323721017234
2026-06-02 00:21:00,70.04962651196199,115.25233311860778,2.772993560332157,1706.3454736810875,18.07108715817019
2026-06-02 00:22:00,69.87693985395182,114.80548150171991,2.898194833929847,1677.236162905849,17.305485595018155
2026-06-02 00:23:00,71.96860089973391,115.36970606903634,2.917923124222624,1759.629857262362,17.539725200261294
2026-06-02 00:24:00,69.75971706821271,115.74657915618081,2.9170753993939593,1682.1821477122626,17.210711882972273
2026-06-02 00:25:00,71.82138478789115,115.24397519119977,2.6949991721884476,1694.248423230824,17.37108122520885
2026-06-02 00:26:00,69.41885059429019,115.73551308410785,3.269179083842786,1688.5749816929895,17.67523567661198
2026-06-02 00:27:00,68.41153799194738,114.73311979274445,2.8531054304685664,1728.5299472674865,18.01583175294808
2026-06-02 00:28:00,68.90755840358925,116.84791476656268,2.863051959865338,1687.7198506602022,17.260017290040928
2026-06-02 00:29:00,67.997377829465,114.71238774658214,2.6860111863957226,1702.0816824991966,17.009916194938874
2026-06-02 00:30:00,70.98019518879691,113.18447463704389,3.145206674114994,1694.6069784095193,17.642217947198343
2026-06-02 00:31:00,70.24894478356877,116.30576200169547,3.0223562435281384,1691.595738380759,17.124022759246934
2026-06-02 00:32:00,70.54440396368906,115.67525108167439,2.961011953595075,1711.2851291662862,18.09660024435086
2026-06-02 00:33:00,69.9816026357035,114.57616854389973,2.9244407641852783,1683.0436981136454,16.776264069017696
2026-06-02 00:34:00,69.79135841433519,114.85300039984868,3.0991363907463136,1705.3069949231406,17.70775989264937
2026-06-02 00:35:00,70.14420780617067,112.64180250054335,2.9399531320850762,1711.7916595668075,17.70927034568553
2026-06-02 00:36:00,70.68420935732316,113.52723844790917,2.7592282621058954,1740.114007768078,18.182821838324916
2026-06-02 00:37:00,69.29725926189879,116.78099553912685,2.7932011071549874,1678.4536752368472,17.50422308177334
2026-06-02 00:38:00,72.3199551562412,114.42776500429198,2.8071704870237317,1699.446013758915,17.56626918002417
2026-06-02 00:39:00,72.15390665116216,116.92452457299954,3.092349680207382,1708.538359835594,18.054329484807997
2026-06-02 00:40:00,70.57914720269383,113.4718258410158,3.165867240673596,1705.2867983343535,18.03160869770263
2026-06-02 00:41:00,70.382468051586,114.17967928582377,3.2489314604982353,1744.344143047281,18.43653720875866
2026-06-02 00:42:00,70.58135052216562,116.12209775560345,2.7752810786995044,1701.5030598037306,17.212856398158127
2026-06-02 00:43:00,70.86157883297548,115.25576787277193,3.1182917882119066,1667.2414109116323,16.953765205763492
2026-06-02 00:44:00,70.70373693858015,116.16469695853563,2.942372411312562,1703.9501550997884,17.14099095412619
2026-06-02 00:45:00,70.52362653132963,115.03343050824058,3.441838017496089,1698.8882029727042,16.799584853750677
2026-06-02 00:46:00,70.3621809585482,115.31326311849033,3.2450310846175694,1703.8839685600742,17.301361851592908
2026-06-02 00:47:00,69.0204133033018,114.07750912783473,3.24818842659648,1687.8011599875174,16.91613561590371
2026-06-02 00:48:00,71.11691222179236,113.9775747409601,3.1477245015754023,1685.652181165471,17.53864220094571
2026-06-02 00:49:00,69.8088641915896,117.05513034489957,3.0820758159526505,1737.350882891332,18.027993409730954
2026-06-02 00:50:00,70.86275679118907,117.02054242180537,2.9489306540243803,1706.6380220050619,17.82047989754851
2026-06-02 00:51:00,70.63705664995157,114.07779702424153,2.9317179163718614,1701.43960346264,17.413227717363927
2026-06-02 00:52:00,68.8390016964585,113.8257696133078,2.8900285393374285,1733.9232499752272,17.360988691390336
2026-06-02 00:53:00,70.13217967709896,114.60496241741859,3.094122361264307,1687.2673372385004,18.315455624414565
2026-06-02 00:54:00,69.14004994692831,115.65260564113554,3.2503326614286125,1712.2905744635386,17.85995580348741
2026-06-02 00:55:00,70.60535410348004,114.80715039832975,2.948167640416726,1681.6018425287111,17.581748996403615
2026-06-02 00:56:00,70.72047270185448,116.05914616092474,2.9222958173443874,1717.3910047137565,17.778461751169463
2026-06-02 00:57:00,71.52927595580101,114.96510555416414,2.7790881086484798,1683.305294494705,17.396403326260877
2026-06-02 00:58:00,72.03537650145604,115.4516057432399,3.0759812911242927,1714.9124540144553,18.595836755481987
2026-06-02 00:59:00,69.20636439887383,117.92315368605348,3.1862207356144543,1729.6646593759199,17.43779087752268
2026-06-02 01:00:00,68.82008829488582,114.5880961910651,3.2064551046066048,1704.3129451555255,17.66888834482296
2026-06-02 01:01:00,69.81025059301172,117.17510207061187,3.2205768643200283,1669.8734886912184,16.94405607704667
2026-06-02 01:02:00,70.61979628329539,117.53463726399687,3.115537764134587,1711.1819266468844,17.644654462514602
2026-06-02 01:03:00,72.47308578646685,116.11115986638417,3.047278139498325,1713.9567490764666,17.532836727464808
2026-06-02 01:04:00,70.69162005850023,113.03857768922275,3.215666898833025,1718.1805716180509,17.869485401518826
2026-06-02 01:05:00,71.88545375008134,115.60662834180296,2.871448100901604,1729.6953304471444,17.474592044254734
2026-06-02 01:06:00,69.35970589567349,114.17623160398233,2.920130948543495,1720.1200971483881,17.41625748440098
2026-06-02 01:07:00,70.6949746599932,115.44346315503742,3.284584167075683,1703.627293433717,17.467135215587685
2026-06-02 01:08:00,72.04952200284394,114.76225165956008,2.9079966255646457,1703.94591258914,17.57864937196496
2026-06-02 01:09:00,71.85426408364226,116.39202585324422,3.027132367705944,1689.6825594154318,17.28574104726139
2026-06-02 01:10:00,71.19216510455409,116.6534146825405,3.126128434189973,1698.186522476583,17.66635746935199
2026-06-02 01:11:00,70.397602850088,117.025764124915,3.0538537807943684,1715.4377572332003,17.852092713918616
2026-06-02 01:12:00,72.76242543958259,115.27359260489527,3.2212264302967397,1689.533043647319,17.788613511651917
2026-06-02 01:13:00,69.50675900452828,113.59919557940253,3.220218772116862,1684.3705053766882,17.102107652777423
2026-06-02 01:14:00,69.57810198103934,115.39327673983526,3.070033584046564,1708.0512735223563,17.430527025473992
2026-06-02 01:15:00,68.82688892876195,117.65253577185906,3.244859181215653,1697.572647640838,17.643538622126496
2026-06-02 01:16:00,71.05529819916202,115.35715682465272,2.8789579645381926,1709.201650345661,17.220197701936037
2026-06-02 01:17:00,71.85709720484982,116.43090004989467,3.035578684562783,1699.627261017055,17.9773054767475
2026-06-02 01:18:00,70.89225646905169,115.12424983682669,3.3878558751147265,1709.7324141716722,18.427209757673147
2026-06-02 01:19:00,69.53077197569345,114.32235160921613,3.2865406202617797,1687.4420565343678,17.40342470396567
2026-06-02 01:20:00,69.80507780776438,115.9225571662607,2.8173008533973016,1673.238701317357,16.981880783770254
2026-06-02 01:21:00,69.09288121798978,114.56699265892043,2.977703824038818,1710.2629901373891,17.934554292330045
2026-06-02 01:22:00,71.28067551831049,115.93930090453952,3.0507494213587973,1695.6292280986884,18.2303853086899
2026-06-02 01:23:00,71.4611368560612,116.08392954754969,3.0941402769670945,1702.6028311444168,18.310471611145733
2026-06-02 01:24:00,70.63560095206708,115.82723331835007,3.2184539400152676,1695.1023766771532,17.6882196127716
2026-06-02 01:25:00,72.49379153372236,116.53674715239976,3.333695247049631,1719.731443475519,17.620238582508257
2026-06-02 01:26:00,71.75543623726892,114.88570091172934,3.0662329457420245,1717.121637552432,17.59744357088463
2026-06-02 01:27:00,70.60605812401691,114.40788440164172,3.2019458447784217,1714.8609973018126,18.208849511775863
2026-06-02 01:28:00,70.0017360396875,114.8703558619521,3.0919961984579816,1690.7102116648841,18.103102479977448
2026-06-02 01:29:00,70.41880566555757,115.73088381586282,3.0470408766433987,1709.2961734299236,17.508429461986584
2026-06-02 01:30:00,71.6674410814638,115.11384582503666,2.7946518216519727,1716.130594012317,16.862273958313978
2026-06-02 01:31:00,70.11202214258354,115.96208426919993,3.1976299705726787,1732.1498451013497,17.82932756705313
2026-06-02 01:32:00,70.93889966706567,116.9704015345272,3.149481764667892,1716.338510643101,17.578566884219985
2026-06-02 01:33:00,68.87038158590288,116.66768160462227,3.0746162082262076,1688.1853199139414,17.33842719361986
2026-06-02 01:34:00,72.26140687634962,117.89546446642001,2.9328601288640357,1720.0284114319384,18.00508747828329
2026-06-02 01:35:00,71.92029037953836,113.73852971317692,3.314956704913933,1701.7422562942334,17.82209527725785
2026-06-02 01:36:00,71.57608235668276,114.43927355432383,3.0785289052189264,1681.1506151521169,17.605050464540415
2026-06-02 01:37:00,70.73461624473893,114.76229949846623,2.8361185950506487,1673.7876341238775,17.60936759867346
2026-06-02 01:38:00,72.56777203345659,115.4393043070122,2.8275159735495627,1703.5754618412,17.62101855862137
2026-06-02 01:39:00,72.48904507914357,115.79679859569535,3.173814206757834,1714.7056533291943,17.119310806055367
2026-06-02 01:40:00,70.49914525575117,114.89249024949173,3.1431312906750946,1702.987519839302,17.99581877879001
2026-06-02 01:41:00,71.28160490059538,115.52652800315518,2.9900038025958047,1725.153792012214,17.765512978882644
2026-06-02 01:42:00,71.43423309023483,116.29682984874722,3.1171839916547586,1695.530856953477,17.352881595749633
2026-06-02 01:43:00,70.7340451624044,114.02463350315614,3.1414863140010896,1687.4761456831093,17.51969103235839
2026-06-02 01:44:00,71.6869540354761,118.87874042476794,3.0921029043271,1701.837439799682,18.114542189921043
2026-06-02 01:45:00,71.97307390327346,115.6176276399941,2.9342945243872065,1698.7524975687788,17.81471093994025
2026-06-02 01:46:00,71.0910755994091,116.39609216047013,3.1532084115348056,1700.9287051591514,17.825310672507204
2026-06-02 01:47:00,69.55083728230235,114.73816976001324,3.154589738838388,1693.824406610945,17.891721250395946
2026-06-02 01:48:00,71.03815092211947,116.53556277924955,3.1415748905553924,1679.158682083043,17.454530258177577
2026-06-02 01:49:00,71.23972369963766,115.92557289197848,2.9286377921222497,1672.1999340237821,16.72100806456653
2026-06-02 01:50:00,70.92428204649603,116.25067551744787,2.8151788222931495,1704.8141266449945,17.65961486594578
2026-06-02 01:51:00,71.87669852013494,115.2427427232767,3.0435531882052134,1689.4795972780537,17.992939995526942
2026-06-02 01:52:00,73.22095622625542,117.39156721992578,3.1747483982867126,1676.9822259383284,17.683867746277247
2026-06-02 01:53:00,70.82813860805987,113.80987160555854,3.1960785069804847,1717.378634477426,18.064411100799962
2026-06-02 01:54:00,70.27334515614426,116.44221266004656,3.1078548793689214,1727.2172363780141,17.25082490471799
2026-06-02 01:55:00,71.53679965439663,115.67543552758289,2.9679633280125306,1705.689412864366,17.628078285383044
2026-06-02 01:56:00,70.4714891944194,114.28663924674412,2.913277642320316,1710.8083524351641,17.386084993864433
2026-06-02 01:57:00,71.81601419115559,118.30687088423053,3.061762764845426,1717.0122963252393,18.261115087860514
2026-06-02 01:58:00,71.6307129798777,118.19980900533338,3.0643171835363976,1678.387704286083,17.62652554854217
2026-06-02 01:59:00,69.30384009864899,113.21193672429801,3.2127997351855466,1722.6708773490727,18.674230503479325
2026-06-02 02:00:00,71.36336270659879,115.84452932605377,2.9702020446344166,1727.0300673431755,17.615396383091667
2026-06-02 02:01:00,71.44938775091781,116.6444333248569,2.993678492451686,1738.1871644829673,18.218091429746334
2026-06-02 02:02:00,72.04965486461428,116.04638078218576,3.3426709991878742,1700.320169668959,17.562509243416816
2026-06-02 02:03:00,70.85017233495977,117.24152553439946,3.260876002422388,1688.6117256816365,18.246493603423207
2026-06-02 02:04:00,69.9771835167234,117.0596499987049,2.9002823171378775,1726.9182394634238,18.265049032089586
2026-06-02 02:05:00,70.96895277771506,115.90594076562996,3.2594938473786774,1715.3198683952332,17.66435158079594
2026-06-02 02:06:00,69.19654513976317,118.16723004203021,2.8606981184904123,1718.9160317070439,17.827232615836333
2026-06-02 02:07:00,70.70714323823363,116.96215458044576,2.9907537761750054,1701.466371332822,18.4285524347065
2026-06-02 02:08:00,72.53599197149225,115.59209620427141,3.019549715226017,1717.590684230686,18.128628757392516
2026-06-02 02:09:00,70.45071221530496,114.66147516983992,3.0099807421633997,1688.522898323852,17.293855874397156
2026-06-02 02:10:00,72.36498264336853,117.30549782945337,3.147195985638647,1710.7679097012028,17.93477040421366
2026-06-02 02:11:00,69.91744813624173,114.79393589663556,3.0656697289743615,1704.7214310894383,17.573451476479523
2026-06-02 02:12:00,71.64485319850816,115.4277252228334,3.153503180370044,1747.4121245943882,18.020103495334983
2026-06-02 02:13:00,71.25670642898734,115.53107194410298,2.9942944182058824,1719.1435551713266,17.59429004316872
2026-06-02 02:14:00,71.54833025406775,115.81860976591997,3.0822551065236103,1672.944247818649,17.845035101396714
2026-06-02 02:15:00,71.4474873342778,115.22248852431835,3.0421542630965517,1706.038516080684,17.01180255805043
2026-06-02 02:16:00,72.20903457583385,114.26725135210543,2.848258250693409,1716.8241171851523,17.475015965528456
2026-06-02 02:17:00,73.5388113653998,117.54733735305517,3.1493076424680773,1708.2618177012735,17.759131373582512
2026-06-02 02:18:00,70.07623660071944,114.70007476553222,3.026765181544566,1685.9299875028112,17.52859093645896
2026-06-02 02:19:00,72.98549090391043,118.38263544039432,2.956827770676211,1722.6905827165185,17.374523813932694
2026-06-02 02:20:00,71.59913759152194,116.58203926482467,3.017423764476444,1701.8092055943293,17.755243038613504
2026-06-02 02:21:00,70.77491784457541,117.34045900347658,2.9946058897634633,1719.5624560775761,18.22115342213724
2026-06-02 02:22:00,72.67442762194736,116.79314899939129,3.032336574327898,1698.126712182075,18.376923610796375
2026-06-02 02:23:00,70.12711495764657,117.24352129993477,3.3082073030405983,1700.8641973353726,16.81927698410907
2026-06-02 02:24:00,72.14994854004647,116.53027481417297,3.369929367091069,1725.6204914596046,17.6882357553798
2026-06-02 02:25:00,70.88243138908291,115.6828930178431,2.6178068919684785,1712.6801506087743,18.210279673817467
2026-06-02 02:26:00,71.2353445581266,116.50081209782917,3.085821572030338,1702.9903999057967,17.74888101755637
2026-06-02 02:27:00,72.31307811048323,119.16348317873403,3.22193048135795,1715.2889974639,18.253097849821717
2026-06-02 02:28:00,71.2592872698579,115.2834677300849,3.008070087058846,1709.4546183483394,18.029270883061233
2026-06-02 02:29:00,71.94997725146655,116.72519501383333,3.1906323546214916,1698.4106428079263,17.50206915036082
2026-06-02 02:30:00,70.4642992950162,115.49091556051984,3.28127245114238,1683.8790006506713,17.834216943706636
2026-06-02 02:31:00,70.42570497226083,116.10260583371814,2.827246035414155,1715.1420616868459,17.936361033801404
2026-06-02 02:32:00,72.12222535779493,115.92193117205194,3.0781536764644226,1734.5693793646853,17.978502476369055
2026-06-02 02:33:00,71.3961052841436,113.12047630287157,3.340829927615229,1718.527064142559,17.697430707519352
2026-06-02 02:34:00,71.76847537486626,115.80693919306903,2.8841460884739214,1717.774762958668,18.00434714788544
2026-06-02 02:35:00,72.0830661881818,117.27411282134021,3.0543582644297658,1696.200761963401,17.58126552456125
2026-06-02 02:36:00,73.35611856721493,115.12198753254985,3.002089440617362,1727.027420469693,18.265780406225552
2026-06-02 02:37:00,71.68686173485268,117.12577396180815,3.225826459686771,1720.829425546765,17.436185254193777
2026-06-02 02:38:00,72.47727989316681,116.64777878916463,3.2738500782058577,1730.4348347377752,17.887220197545552
2026-06-02 02:39:00,69.91180536478483,115.40909173523235,3.0669411285386934,1724.0267701232003,18.092154196851773
2026-06-02 02:40:00,71.86151955881218,117.03467941700897,3.0680114581811226,1736.426117234574,18.089953037947033
2026-06-02 02:41:00,73.14349264023296,117.12623076789744,2.829394017546492,1700.7324111152484,17.960836355804624
2026-06-02 02:42:00,73.37602652313807,116.85819050073432,3.3036859791914694,1698.7124661956223,17.49178206739457
2026-06-02 02:43:00,71.19179514908585,116.7716907772272,2.983865754955847,1709.5904512104548,17.757852192324705
2026-06-02 02:44:00,72.5454306804427,116.1340998944953,3.038010035297481,1698.0339862799235,17.693120457872492
2026-06-02 02:45:00,73.37789442432477,114.42285581182345,3.2388369738202862,1702.1838379787598,18.39039443873981
2026-06-02 02:46:00,73.18306779152047,115.69260875612454,3.1060635382478985,1733.5861536512773,17.86652723907906
2026-06-02 02:47:00,72.90224494127243,113.89211850110935,3.221069719791403,1698.9627465192996,17.328433958215566
2026-06-02 02:48:00,73.13276355990158,116.72722829295824,3.153070887162014,1712.345866355409,17.41570253333285
2026-06-02 02:49:00,71.65106533362635,116.96884974059124,3.0901287213546724,1687.440746503393,17.77590715382516
2026-06-02 02:50:00,71.13805562681196,117.22989372091023,3.1198898112939077,1715.6102663422964,18.09343226822563
2026-06-02 02:51:00,72.41595275655646,116.52940251987982,2.894416680067143,1730.3087817546652,17.505689627616224
2026-06-02 02:52:00,72.64489045901904,117.17173410904756,3.0450012441604573,1731.666051701757,17.70171790774326
2026-06-02 02:53:00,73.35870450935302,114.1594300914031,3.232697330644488,1729.692937501786,18.3426664447244
2026-06-02 02:54:00,72.68325309492091,115.70003009883943,2.920478019140707,1709.8792258659275,18.358412981828675
2026-06-02 02:55:00,73.95019475636732,114.49900920926798,2.972502481251137,1732.631346394787,18.20922010406631
2026-06-02 02:56:00,74.32840508468747,116.48626541484605,2.9958070869073476,1732.0013647113612,18.34411570095554
2026-06-02 02:57:00,71.21022786948029,117.45309178108401,3.057246402733554,1700.2636681392999,17.508229085683578
2026-06-02 02:58:00,71.18914881035295,117.46045227253241,3.286950504829444,1721.0397581756752,18.2899735547707
2026-06-02 02:59:00,71.90240734780782,116.62270754786759,3.1372716698299286,1724.3246368424784,17.78743506040516
2026-06-02 03:00:00,72.02575920457413,116.01593667071482,2.755714342690082,1696.5359775661768,18.484991468595368
2026-06-02 03:01:00,72.32769862161256,114.88693156409859,3.1692434370500187,1698.4836793813538,18.428696324442154
2026-06-02 03:02:00,72.64047476093576,116.52286532648533,3.0202486322082676,1715.1582393522867,18.3132469368564
2026-06-02 03:03:00,73.23159664725934,117.75991588627639,3.171547678744048,1700.701693302014,18.014504131076443
2026-06-02 03:04:00,72.19560750404605,116.6285818229495,3.053357376088977,1696.6160391844228,17.900214054451954
2026-06-02 03:05:00,73.59433941181383,114.52033268259241,2.965808958538449,1712.6666823189337,17.554099805405876
2026-06-02 03:06:00,68.59102092646361,115.51030526492083,3.0149307404791115,1720.0101312882111,17.671323866137122
2026-06-02 03:07:00,73.29137914852309,114.27369831371878,3.0384256278903283,1735.526493306422,18.251369306536198
2026-06-02 03:08:00,73.38109021931496,117.17456979772366,3.1267938554330734,1720.9435252492713,17.553764215649274
2026-06-02 03:09:00,74.34571234851913,115.59322747319702,2.9620883610116486,1721.7020384567388,19.158080012725033
2026-06-02 03:10:00,72.0654756342335,114.2722076019392,2.8806147406134803,1741.178220183073,18.09247536891207
2026-06-02 03:11:00,73.07009887156332,116.8426130220273,3.1672186922380976,1703.391018436345,17.594369848095607
2026-06-02 03:12:00,72.45214624952605,116.82975213108031,3.243559173635599,1719.0627617108732,18.900926148918476
2026-06-02 03:13:00,72.23023945232427,116.39285345068836,3.161273648656893,1706.0181766057779,17.858567730889646
2026-06-02 03:14:00,72.8402408297552,118.83840369416777,2.9832410186381626,1696.8000687229016,18.436312693986967
2026-06-02 03:15:00,72.90367309268206,117.2151140630046,2.9858637937140258,1737.1480727652015,18.261610165542088
2026-06-02 03:16:00,70.57911057707271,114.82854995983045,2.937793166739559,1703.455228851507,17.61654571867342
2026-06-02 03:17:00,72.44479420087701,117.0515378390732,3.2287921193353153,1729.4689055203494,18.079469976412444
2026-06-02 03:18:00,71.39646471791393,115.7998007093117,2.952448906037935,1711.5493121044994,18.646207442704966
2026-06-02 03:19:00,72.59012996856505,117.60382473261284,3.204853686200176,1733.1490794191277,18.392349101535846
2026-06-02 03:20:00,71.42457763872638,116.04490474255951,3.1427176132428203,1694.477877904518,17.804904095206197
2026-06-02 03:21:00,72.32012580384001,116.7600852927838,3.272604203804946,1734.847722007545,17.331959061995192
2026-06-02 03:22:00,70.4130620340747,113.7023624275379,3.188353263166364,1719.189140808492,17.838373416373994
2026-06-02 03:23:00,73.11625941594949,116.42972911289843,3.17180548197518,1691.1618662037747,17.679463607587294
2026-06-02 03:24:00,72.06053292757518,115.65056816642524,2.8275703019312197,1701.821627001644,18.074480782647182
2026-06-02 03:25:00,71.46731699964498,114.9568079521719,3.170576862940174,1731.1239509484863,17.807310478380167
2026-06-02 03:26:00,71.24617543234,115.87235980041363,3.0931984477435366,1739.735402155546,17.82530956852353
2026-06-02 03:27:00,73.82128164551538,117.05173977281018,3.0459343952179125,1731.1169359863904,18.009184588979327
2026-06-02 03:28:00,71.15673256862095,116.12320006049309,3.2795616091405706,1709.0972230752022,18.472415751184005
2026-06-02 03:29:00,72.39357505160213,114.28327316237123,3.042485835725012,1698.5121455312767,17.282389350813823
2026-06-02 03:30:00,73.36962576229419,115.71018900180916,2.9897859425672384,1722.34047321141,18.314129359764554
2026-06-02 03:31:00,74.44712351157116,116.01423808758048,3.2736662808176002,1714.6212555040881,18.424854226597166
2026-06-02 03:32:00,73.30798278415608,116.59105858346263,3.029825586846677,1712.3644807288483,18.150367024521046
2026-06-02 03:33:00,72.73943106141698,116.18883079885295,2.9854887985452385,1711.1202020404594,17.86387649137094
2026-06-02 03:34:00,74.0712286900301,115.64091569040225,2.9065836423273583,1728.3577083379369,18.26201848497788
2026-06-02 03:35:00,69.61151102813616,115.19871764711756,2.9262745154031884,1736.956859879376,17.69374817565028
2026-06-02 03:36:00,72.28866696277125,116.41073485739928,2.978512782367126,1733.1374266885573,17.98540547123868
2026-06-02 03:37:00,72.05762600053905,116.84498836662276,3.1391182123899095,1709.3354881993225,17.870209564854868
2026-06-02 03:38:00,72.62359482829666,116.78108084453493,2.9435866353495443,1705.801584598831,18.911258332829732
2026-06-02 03:39:00,73.51892026786541,117.97123200083875,2.8055607559807187,1726.861476677686,17.52662582990235
2026-06-02 03:40:00,73.85814396436317,118.30464278091593,3.1751387105046005,1750.912490812266,18.672688477735353
2026-06-02 03:41:00,71.91025456986198,117.69844873624693,2.9650692888950867,1727.0854713407884,17.89399787984224
2026-06-02 03:42:00,72.1910415798449,117.84774383778449,3.0779193393599544,1719.1878411965297,18.014457006096602
2026-06-02 03:43:00,73.14073310088895,118.65491035405657,3.3109871252961147,1716.3897420024823,17.77889694524334
2026-06-02 03:44:00,72.76425853132184,115.21720187835452,3.117463261985132,1726.5238944202858,17.598173070831287
2026-06-02 03:45:00,72.29361464342911,116.81525233647241,3.295665887512083,1731.1631930233464,18.155143181236145
2026-06-02 03:46:00,72.01638595056728,117.78000362504946,3.0776459001193848,1721.0582197406484,17.6512725815348
2026-06-02 03:47:00,73.27262198818535,117.9338618269241,3.234712074916554,1715.1822289033926,18.534062817419926
2026-06-02 03:48:00,73.20776596395503,115.41773003651964,3.007392089329354,1707.5925652279545,17.764952788332227
2026-06-02 03:49:00,72.98344193007816,116.84081101856887,3.0862838901345784,1752.8674576144067,18.24636796888226
2026-06-02 03:50:00,71.57344261102382,116.32853472584962,2.9426075361342052,1703.1465765698415,17.88872444710029
2026-06-02 03:51:00,70.21877080251673,118.00564829958208,2.9304818685771536,1695.7719863490606,17.644987731038857
2026-06-02 03:52:00,72.62186975508472,114.64785923052172,3.0538073142096307,1719.9629172077273,17.790762613299837
2026-06-02 03:53:00,75.1401095698874,115.48738704181245,2.89475552778345,1715.778212538476,18.379993877973842
2026-06-02 03:54:00,73.43443586795159,114.03797383278315,3.1046196239433614,1731.492565043249,18.3915959642607
2026-06-02 03:55:00,71.15214803086259,115.97139208327368,3.0077761719264164,1726.4947155342913,17.77271336660339
2026-06-02 03:56:00,73.5042307273623,119.29891883303219,3.140674356994783,1702.8830294197971,18.527637661652413
2026-06-02 03:57:00,73.379003783255,116.34525718641008,2.8962524942311747,1707.3127674818468,18.20427688294896
2026-06-02 03:58:00,71.05456783011769,116.19587919838109,3.176902460687797,1701.1973461277917,17.5036283595785
2026-06-02 03:59:00,73.51884694273802,116.87185964850302,3.335413591404387,1727.9222184974883,18.25719982241375
2026-06-02 04:00:00,71.56373526822746,115.70928870283336,3.279569117211197,1717.742925661937,17.80420376255851
2026-06-02 04:01:00,71.91680569111439,116.43390640637324,3.35189765832359,1707.689952846098,16.95161915017775
2026-06-02 04:02:00,72.3074080075525,116.61484414319608,3.0826439918543183,1718.5018600207566,17.915786198395462
2026-06-02 04:03:00,74.2701726200328,115.662602271781,3.058968838952393,1705.4696840444012,17.66123500743324
2026-06-02 04:04:00,71.63601136032456,116.00722248958324,3.1478094338766955,1703.7960888781292,17.567423370763024
2026-06-02 04:05:00,71.64873245889223,117.39747374314818,3.064743983382936,1700.595082772427,18.1539964588447
2026-06-02 04:06:00,72.57182585058898,117.27102214801019,2.8160498148427187,1717.6054221442962,18.048277865330164
2026-06-02 04:07:00,71.15651428218878,117.95392236299678,3.2159429520959733,1720.735020146454,17.863838770924627
2026-06-02 04:08:00,72.32312260118206,116.6845260187846,3.05030656730667,1702.3278573525947,18.351921536944772
2026-06-02 04:09:00,74.12829630433181,117.01634128971571,2.8858569793864315,1727.510115886483,18.24889053190864
2026-06-02 04:10:00,72.80342081941052,117.07029468655932,3.0017625167651114,1731.4577007949613,17.915444830784427
2026-06-02 04:11:00,72.55741932703597,115.1480429809423,3.025702126273471,1696.0329782678432,17.948245455792136
2026-06-02 04:12:00,72.34013124590919,115.15899021448647,3.0632365495271494,1707.3975233633523,18.442986095664534
2026-06-02 04:13:00,74.28807792489448,116.0301477377486,3.0822370940538875,1723.4363865305686,17.229825721018987
2026-06-02 04:14:00,71.4647754002738,114.4376623117347,3.26986519851082,1712.8069200985226,18.503651378242864
2026-06-02 04:15:00,73.25525077561244,116.95665364304278,2.9046104410969997,1698.997739197226,17.987529362108774
2026-06-02 04:16:00,72.06642486301254,117.46735906339325,3.057742415397739,1709.500977896608,17.792661945372352
2026-06-02 04:17:00,74.89229966391552,116.21137695018578,3.005717378546227,1720.4026999773057,18.37084463102918
2026-06-02 04:18:00,71.6158671951269,116.35474257584598,3.2439294742187466,1708.5445828461595,17.561600248311496
2026-06-02 04:19:00,74.21062124714423,115.66281541066411,3.0103000621587888,1716.9861174353412,17.79273633092715
2026-06-02 04:20:00,71.61749878268496,114.80118517110935,3.016497242606392,1737.1044440543033,18.349268144722934
2026-06-02 04:21:00,73.55408993781923,118.68086761113442,3.2384005953790616,1713.061691864757,18.17097134806693
2026-06-02 04:22:00,73.28924712106912,115.20468798509629,3.292540739921046,1692.9936682068799,17.436607328931977
2026-06-02 04:23:00,71.31409445053711,114.13484847119793,3.26556230754229,1710.300723022938,18.104659874617557
2026-06-02 04:24:00,73.31668591328857,116.69902449796669,2.849624103751261,1745.434479888784,18.432060020783897
2026-06-02 04:25:00,74.0966904247462,117.26606523151435,3.202026412560634,1723.4111223812306,17.878084492930842
2026-06-02 04:26:00,72.76388098833566,117.04023719149504,3.123154783171895,1709.956143683409,18.191882774268777
2026-06-02 04:27:00,72.7467614860545,118.8576028364769,3.089391356318993,1714.838197086981,18.47624821151586
2026-06-02 04:28:00,72.81519677018856,115.75567800988273,3.1225341358726055,1731.271957396274,17.702398458144113
2026-06-02 04:29:00,72.40017391902514,115.6399912019289,3.2818071180102604,1713.1475762181997,18.281171946290797
2026-06-02 04:30:00,71.07654650205639,118.14209783897572,3.2365571335371914,1693.419604018211,17.835726870954776
2026-06-02 04:31:00,72.08473833584574,116.83253835351677,3.181576306325722,1699.3312103889516,18.06967149067369
2026-06-02 04:32:00,72.17801481759696,117.54317060298274,3.136575329616947,1720.1372738459477,17.91807732065618
2026-06-02 04:33:00,72.54440996858987,115.65142137178043,3.4312062038550732,1726.1578860946533,18.596529216283876
2026-06-02 04:34:00,72.702078426298,117.4428870610513,3.0126946531722427,1705.8171968052789,17.9484966539353
2026-06-02 04:35:00,73.54349900769495,117.39981020122475,2.853338508595171,1714.7033353690756,17.972037933023852
2026-06-02 04:36:00,71.0308115159381,116.45271125444718,3.0418978332855566,1717.0107718203074,17.82362512683882
2026-06-02 04:37:00,72.41487149020865,115.54226160291417,3.0916056600746407,1704.9276502847624,18.471695031295535
2026-06-02 04:38:00,73.54158702096949,116.71493029597134,3.3012706567046926,1719.7824072437638,18.004182425156543
2026-06-02 04:39:00,72.05315744838299,117.98395654666649,2.990404775838351,1720.4184738227889,18.42706448993565
2026-06-02 04:40:00,74.52272700014082,115.41097221387658,3.1886000789044275,1705.1856654609967,18.44723456041663
2026-06-02 04:41:00,71.32747082796638,115.03269929227287,2.844577237106408,1717.8296092173812,17.44198477492457
2026-06-02 04:42:00,70.79107072411122,115.46178889204688,3.243222806381717,1699.8474170927923,18.11796757532968
2026-06-02 04:43:00,74.63429559103312,116.50003200159746,3.143115738088997,1710.5192020565778,18.51525253002023
2026-06-02 04:44:00,73.08329968808862,116.73760026806646,3.07501554206665,1713.477850821369,17.81097997720376
2026-06-02 04:45:00,71.49252030591379,117.59996162583357,3.4163929564129134,1739.810293670949,18.228151090135572
2026-06-02 04:46:00,72.15384292386469,116.69402335545989,3.236507823152112,1689.4766628353466,18.28703519109782
2026-06-02 04:47:00,73.51598037533105,116.33877625789695,2.928408184704762,1709.9176729765302,18.584144611462712
2026-06-02 04:48:00,71.88653264338672,116.78095953891484,3.0801623917228254,1718.9174721355323,18.658017903994708
2026-06-02 04:49:00,74.7484981014914,117.1886398216026,3.5064379756117674,1736.705668445391,19.175538538206673
2026-06-02 04:50:00,72.13632301883978,114.38526701175904,3.3903767944634877,1747.9299861648556,18.201890874406637
2026-06-02 04:51:00,72.91616900822166,117.70918119256605,3.233329813706664,1712.6466930290578,18.433160725730076
2026-06-02 04:52:00,71.76498326778795,115.37844906956934,2.8142857528591194,1726.358990738848,17.94257835138622
2026-06-02 04:53:00,72.04081511998724,115.47155097510223,3.26674010216469,1711.9652468168833,18.75557353685782
2026-06-02 04:54:00,72.45955450190114,116.69179876569835,2.9902739842283617,1715.5957805651533,17.78526406696494
2026-06-02 04:55:00,72.23732887368503,116.62397500417025,3.312825156645332,1726.9585364359527,19.092925516610734
2026-06-02 04:56:00,74.32344608444501,116.61570878395415,2.9603592108095715,1689.9699313700066,18.700071098963
2026-06-02 04:57:00,72.37736266722241,116.55700970336638,3.165778845349034,1717.7726254624524,17.87945109043102
2026-06-02 04:58:00,72.00346895651855,115.85232075670774,2.983925572782797,1722.7549691882023,18.514290583985975
2026-06-02 04:59:00,73.73640093260823,118.31509591781419,3.044213694688426,1706.8446650515295,18.422985259883525
2026-06-02 05:00:00,74.1160014769059,117.18197742352571,3.1821494144237636,1724.625105657844,18.001355493316606
2026-06-02 05:01:00,74.68872351013007,117.25632779802606,2.92841770369021,1699.323670161625,18.392569920640426
2026-06-02 05:02:00,72.24744871522721,117.43522021585547,3.4628091322335517,1722.7927833232955,18.408289228564186
2026-06-02 05:03:00,72.29173803724967,115.21391002357798,2.916603807573325,1734.2700895547734,18.174408493495108
2026-06-02 05:04:00,71.8085259998882,119.26653808307812,2.9479815989515155,1718.811975140227,18.926082746486085
2026-06-02 05:05:00,73.17059916074044,114.91945290654151,3.1754112350453787,1701.6555819198477,18.340799008913084
2026-06-02 05:06:00,71.26276142754213,116.42125835913534,3.2794882351056027,1695.7623481576177,17.834780405836213
2026-06-02 05:07:00,72.46586812855821,116.21050305938152,3.05505889126085,1726.5807271672186,18.574555095247707
2026-06-02 05:08:00,72.62550053929257,115.92473362074635,2.9268816754707556,1731.4406577654977,17.45795241350242
2026-06-02 05:09:00,73.81774570023212,116.18576211808194,2.9770345120741437,1722.2368534948537,18.210800769254963
2026-06-02 05:10:00,72.2554342857355,115.30603899102768,2.9276364638318775,1709.4725170637696,17.99991890178568
2026-06-02 05:11:00,73.77559232921952,117.70617333968636,3.1315711241242425,1688.105223106807,18.403407419661146
2026-06-02 05:12:00,73.11921193182637,114.82466677953681,3.074189424189941,1718.797908866759,18.843476670059626
2026-06-02 05:13:00,73.1135329716921,117.47915326264095,3.1504666636171548,1706.9793534028843,18.236515841432166
2026-06-02 05:14:00,72.61576832560344,117.57788980526077,3.174706715714152,1714.5187566607412,18.255275792768344
2026-06-02 05:15:00,74.6791279354122,116.20274745067272,3.234301297161579,1746.377129833034,18.05059626758248
2026-06-02 05:16:00,73.32839580732742,117.62455270192774,3.070869994444595,1699.4481891443097,18.82672848869952
2026-06-02 05:17:00,75.69797166190575,116.96449003652214,3.032867213019373,1703.7032198347238,18.499049902684188
2026-06-02 05:18:00,73.94909054907292,114.844459645555,3.1011552603728822,1719.0121159570178,17.881552493337995
2026-06-02 05:19:00,73.40449879522626,115.18866639906253,3.091563950901193,1714.1828255029427,18.62910827705223
2026-06-02 05:20:00,73.0743135471941,116.91088135428892,3.112899571122286,1707.2093437383394,18.52988601564375
2026-06-02 05:21:00,70.02376881007977,116.96933669868466,2.976246546196908,1720.6904662043366,17.738782801578374
2026-06-02 05:22:00,72.424805366066,116.58081734641222,3.182359503366479,1721.0440177224937,17.54656826547954
2026-06-02 05:23:00,73.20842868713336,115.69352824039025,2.9008005473441405,1700.906748152518,18.04256088386799
2026-06-02 05:24:00,73.07154087269762,115.93744848866595,3.011673389692256,1706.6707424152949,17.626888053736202
2026-06-02 05:25:00,71.90273523381123,116.04859316354874,3.2653066634663235,1719.9334599376225,17.70880581899215
2026-06-02 05:26:00,72.00203890715962,114.02217530731471,2.9048699741150408,1717.419578981436,17.642991530806768
2026-06-02 05:27:00,71.44513793178068,116.81061906827833,3.273344134713616,1730.4103408951153,18.787169384598148
2026-06-02 05:28:00,72.75054635591242,116.83702187533851,2.869306830159065,1707.386888480237,18.365192008993148
2026-06-02 05:29:00,73.15167635323702,117.41030009564308,2.9174940879957414,1736.2613318644883,19.64757625755632
2026-06-02 05:30:00,73.60788618777285,118.47473096319443,2.86603745811418,1732.278575530032,17.91909116693191
2026-06-02 05:31:00,73.96540532276329,115.3041381432987,3.118161772893143,1720.8310586224218,18.786740626450225
2026-06-02 05:32:00,71.82094029271916,115.30689241184972,3.1827871540412507,1713.127131479732,18.24753098357084
2026-06-02 05:33:00,74.41988117010463,117.16105300769108,3.3273177964414065,1723.1525859871895,18.27816013229488
2026-06-02 05:34:00,73.4787369962631,117.11872815998667,3.303677812754235,1715.0886288932543,18.354433913368954
2026-06-02 05:35:00,73.35384525312051,114.29870891852278,3.2347487389752936,1706.9991017761383,18.065624330259965
2026-06-02 05:36:00,71.25767661824257,116.81097967826926,2.947748620782563,1710.0311528981508,18.147360454974624
2026-06-02 05:37:00,73.60929977997944,116.85363304816048,2.977634659285598,1727.5040217073977,18.67250705038018
2026-06-02 05:38:00,71.00038178331164,113.61339345114588,3.1952798471443034,1702.0848790453606,17.93090394686695
2026-06-02 05:39:00,72.40088381094449,116.7923628477421,3.3420238640230937,1724.6345121464744,18.805560715241608
2026-06-02 05:40:00,73.37655828005356,115.76680064036718,2.961132232459688,1720.289123700846,18.877017398983202
2026-06-02 05:41:00,72.8779653068969,115.97949204811641,3.295665231927897,1746.9801533706282,18.859306753893822
2026-06-02 05:42:00,71.7467679876924,114.15874236001206,2.762913599864978,1721.0345148085994,17.413053760745626
2026-06-02 05:43:00,71.88209497591397,116.7002768984598,3.1385454630270666,1726.6098042624365,18.080764720643437
2026-06-02 05:44:00,74.91390216236786,118.81680607155397,3.0979405374915974,1736.5029978742396,18.635110331976517
2026-06-02 05:45:00,73.84979097625326,117.1786817813792,3.0934151044327773,1716.6232982262595,17.995632780486535
2026-06-02 05:46:00,73.84621170497385,114.23869221896406,3.1266875456769836,1745.0507557724213,17.891146077384207
2026-06-02 05:47:00,72.19775431225281,116.36269884996295,2.939939378924691,1715.9873617988274,17.999427452490906
2026-06-02 05:48:00,73.97914788350992,116.3548434435369,3.172805714845025,1720.5088209316389,18.129019284083864
2026-06-02 05:49:00,74.06666822093219,115.48171210296739,3.1292954150970664,1705.8180871060697,18.33252581638883
2026-06-02 05:50:00,72.35575764516284,116.42542026036735,3.207034833197037,1707.3234150407745,17.81199678980162
2026-06-02 05:51:00,73.5817316833907,117.55218987350194,3.338323372815926,1693.4638792592978,19.112192512380826
2026-06-02 05:52:00,71.70278621040461,115.77904678174941,3.1244534675742983,1717.360425087519,18.105960338768632
2026-06-02 05:53:00,71.38866390113348,114.4365916378268,2.971130312480968,1710.143101105219,18.438787246089138
2026-06-02 05:54:00,71.8268278654448,113.52983074339153,2.8922376262914233,1706.6092289085136,18.179357261921254
2026-06-02 05:55:00,72.64572810904995,115.60311149529535,3.34820001323049,1697.903113812689,17.525440824232728
2026-06-02 05:56:00,73.26700770255474,116.21497575054632,3.328994609505717,1729.2417845374005,18.78723763637793
2026-06-02 05:57:00,72.92691306174017,115.8362430936317,3.2301357262389168,1728.2939864235054,18.478044258158377
2026-06-02 05:58:00,73.12729486150083,115.51096294577387,3.0977048491169024,1743.0920389482403,18.228231378328356
2026-06-02 05:59:00,71.73768793456829,117.04856150766244,3.213413639052014,1743.1497785514866,18.606514345322577
2026-06-02 06:00:00,72.96758057426486,117.04347937067102,3.2948756815120084,1722.1842602890727,18.224931246623104
2026-06-02 06:01:00,72.19259881477781,116.87223418588425,3.016154593603546,1737.1206695396825,18.669133571462577
2026-06-02 06:02:00,73.12671605897565,117.38840019695219,3.0983769523860785,1722.7011188244835,17.453818058557005
2026-06-02 06:03:00,71.25132559181057,115.58940798949624,2.9258631236514243,1711.9493957369891,18.51549898533706
2026-06-02 06:04:00,73.33360358725454,115.21400667214064,3.082472606436622,1716.1945703786755,18.337192531596195
2026-06-02 06:05:00,70.67153702098493,115.29656785377847,3.293198916165455,1721.8953848463145,18.041390583190836
2026-06-02 06:06:00,72.97837081668511,115.93303319961315,3.271288603305746,1783.2201330707364,17.984383926250544
2026-06-02 06:07:00,73.71420506739577,114.03758410986175,3.120193117352705,1737.4915269506234,18.1620342159715
2026-06-02 06:08:00,73.20389258789456,115.85631193105155,2.696747985734665,1723.8427003641468,18.15624888605625
2026-06-02 06:09:00,72.25759951429941,118.1128845128581,3.0207686944603718,1731.084391331036,17.937882439873853
2026-06-02 06:10:00,71.2875402709614,116.87375179009976,3.0762094062871363,1719.2927289513757,18.099684326493136
2026-06-02 06:11:00,70.61114201715804,116.53634304711704,3.028021148299043,1710.7272960227745,18.58233240562432
2026-06-02 06:12:00,71.80436411177368,116.73802710761329,3.1102549175751744,1732.4148564024613,17.721527337984654
2026-06-02 06:13:00,73.08503543950211,118.2341306806679,3.1360853181396253,1717.6074145013183,18.443824177134044
2026-06-02 06:14:00,73.54474923602885,115.27605380674883,3.023164904842076,1705.4707283031694,18.105952372914246
2026-06-02 06:15:00,73.06878526118489,115.20035771595073,3.089413708348731,1725.333596501558,17.96471063714972
2026-06-02 06:16:00,73.87340580722723,118.04480650608795,3.0906269704357543,1731.8387528227981,18.377731575028186
2026-06-02 06:17:00,73.54180518038447,116.80879280675302,3.012897395222088,1721.4884802523845,18.42380153747409
2026-06-02 06:18:00,73.06242920257031,115.83515672033214,3.3863220285553446,1726.5221461330248,18.39415680410145
2026-06-02 06:19:00,71.97474397080067,117.07890926833302,3.02297119769202,1733.3013414959341,17.755953573603993
2026-06-02 06:20:00,71.3719067243062,115.33582487682772,2.719334300150133,1710.7159852040656,18.36696216475309
2026-06-02 06:21:00,72.39187779928533,115.71944765920584,3.3824550959311064,1716.2879825215186,18.394694297877063
2026-06-02 06:22:00,73.04309337313055,115.82119072197554,2.997032795484954,1714.1550970787737,18.66733675900786
2026-06-02 06:23:00,73.44278209829355,117.07167953420277,3.247374272436376,1718.6708220248527,18.828749539032273
2026-06-02 06:24:00,72.36153535965157,116.47486871079894,2.979726376638404,1739.395246761569,17.345496796606778
2026-06-02 06:25:00,75.83822808118343,118.51331894542095,3.1982732420345124,1719.6009161789466,18.59879508724897
2026-06-02 06:26:00,72.42039691380263,116.40040959998151,3.109345675727607,1728.7053072886968,18.30858534114422
2026-06-02 06:27:00,73.8144161428788,116.58866822121462,3.280532796248526,1721.2294585240795,18.886173975921192
2026-06-02 06:28:00,71.31298681142422,117.9535464868259,3.0496767809338765,1710.1930185485055,17.792459693364847
2026-06-02 06:29:00,72.5299133975367,117.60284720108945,2.996373417141336,1705.744747880371,18.584174029861305
2026-06-02 06:30:00,73.14502326911534,116.88522687191903,3.1526429049446825,1724.3220943656559,17.933672180849378
2026-06-02 06:31:00,73.68294775601004,114.63030660041419,3.042861031447398,1712.2906632299494,18.412646284547073
2026-06-02 06:32:00,71.94067441361962,115.1759780837571,2.787304326823306,1734.4410196297238,18.1888050337717
2026-06-02 06:33:00,73.0646682514301,115.34394820887223,3.0170323549359734,1719.8389592165154,18.242261981223777
2026-06-02 06:34:00,72.96999020039708,116.70086441746668,3.5407901654163116,1721.427003189589,17.915727002363166
2026-06-02 06:35:00,71.89702087395612,115.89892179715109,2.8273894750923274,1717.4163583456243,18.106986318411085
2026-06-02 06:36:00,72.57313408065889,118.47089386045745,3.1393180060562527,1726.1980686792654,18.64285054007565
2026-06-02 06:37:00,72.50021618660222,114.51715812280582,3.057091114382322,1741.0687501825416,18.79655085673737
2026-06-02 06:38:00,73.90488487276643,115.5293044227254,3.403657123145231,1710.042186769339,19.24312007361799
2026-06-02 06:39:00,72.86341069672648,116.50168097532914,2.913886015097709,1720.2754985532947,18.31478133814816
2026-06-02 06:40:00,72.41435359360953,116.92673866040619,3.1019298754879774,1693.8151671841215,18.251078237108235
2026-06-02 06:41:00,72.7569723898703,113.37479322345268,3.2015534326141992,1738.0728796575484,18.419247846853153
2026-06-02 06:42:00,72.10048661252274,114.6560763786579,3.0890103708636936,1721.5588490481846,19.140691825046382
2026-06-02 06:43:00,72.4807149049249,115.70813921379117,2.9531646182062143,1691.2358252772171,18.220480651506715
2026-06-02 06:44:00,71.6019851907637,117.70660410802383,3.068627358312407,1695.2547595801682,18.074557300509117
2026-06-02 06:45:00,72.31741732715268,118.1251724305448,3.0108995213062792,1723.6731424335128,17.819808008760063
2026-06-02 06:46:00,74.01254320729781,115.9822986363116,3.0518009998756144,1694.7597957955215,18.175931470463397
2026-06-02 06:47:00,72.11582090577542,115.92830009066041,3.215145282887503,1719.2820162884836,18.221097867816
2026-06-02 06:48:00,71.88506371157796,115.34761745935376,3.1505661953639654,1711.5965542391327,17.875352844500476
2026-06-02 06:49:00,73.31516134285403,117.42410779652486,3.1937157060412473,1719.268757897877,18.081554677254285
2026-06-02 06:50:00,72.822923987305,118.10621669583776,3.1343431737212746,1706.8520589988134,18.11046218813992
2026-06-02 06:51:00,72.81238017417418,118.03962297244183,3.246141932443028,1706.1392252940364,18.085432987464
2026-06-02 06:52:00,72.29227672220122,116.33695298966585,3.2870892034095847,1710.9785001631103,18.424471834735815
2026-06-02 06:53:00,73.77423213299714,115.65546513605734,3.0677732268685185,1730.735594954682,18.600421400138703
2026-06-02 06:54:00,73.60024922135717,116.6109297059727,3.2296598892678476,1716.959155941827,18.405552298158636
2026-06-02 06:55:00,72.22183427947328,117.9063770411878,2.888867288721818,1722.977597186858,18.320673991727766
2026-06-02 06:56:00,71.48644319457917,115.92422754537792,2.7556981424143845,1715.0977099819447,18.249461377261586
2026-06-02 06:57:00,73.89904131605613,114.58845454865897,3.391758714016894,1732.7282619941436,16.86658157701983
2026-06-02 06:58:00,72.52660728853367,116.13822341766243,3.054678535407869,1727.1605940177678,17.934770715900694
2026-06-02 06:59:00,72.23443344238738,115.69664938685956,3.1066362787308246,1705.6422578082345,18.2986780272792
2026-06-02 07:00:00,73.41207410091327,114.46001636426162,2.925922574467884,1707.6358240247064,17.987260316208243
2026-06-02 07:01:00,70.73243765639056,116.40024259741033,2.884084962894444,1729.2920935112418,18.40306530683476
2026-06-02 07:02:00,73.80326454913174,117.47640519670772,3.0176717229852708,1712.7218332547943,18.799251276338595
2026-06-02 07:03:00,73.91345103356511,118.98278364441474,3.2131621599154485,1730.8572747103992,18.26925899108303
2026-06-02 07:04:00,73.56743830561439,114.93000583847126,3.024442459020329,1720.8511687172675,18.028211550004837
2026-06-02 07:05:00,73.06838187009656,117.36387035215627,3.0487810748221102,1712.883989395268,18.24745875777812
2026-06-02 07:06:00,71.16929101582845,117.53572330690511,2.980024666556243,1724.7822730776493,18.170155388893004
2026-06-02 07:07:00,74.30149330300377,117.2634593437496,3.2841958285050317,1742.3836951003775,18.570758404146662
2026-06-02 07:08:00,72.97526550024594,115.11506172369299,3.218494413569672,1727.0256609589258,17.225167590490326
2026-06-02 07:09:00,72.04374629225912,115.22528886098674,3.0275911546942247,1721.9820236868459,17.957972677069918
2026-06-02 07:10:00,72.75410104002974,116.80879183881875,3.215427822213767,1746.8842862029624,17.941119277971705
2026-06-02 07:11:00,72.70508284025009,116.36826492822279,3.0472178987819634,1691.6866808816542,17.122704843078026
2026-06-02 07:12:00,73.02728125952964,115.57040636289108,3.0321494100232926,1699.8732720493279,17.922938109381015
2026-06-02 07:13:00,71.7421078050928,117.61620346132538,3.063625986800901,1707.2497658468517,17.433280429073765
2026-06-02 07:14:00,72.86670764384615,115.62224175998098,3.170028005329404,1735.9984326582266,17.89657785151706
2026-06-02 07:15:00,70.30953973834026,113.59943570786737,2.9242951794865815,1725.767587520133,17.740754337353327
2026-06-02 07:16:00,72.44048579133225,116.36835868269783,3.184507625972841,1696.0853943473219,18.49996517579366
2026-06-02 07:17:00,72.26612457855435,117.53513591110887,3.505260338850967,1719.571811835576,18.37933752781564
2026-06-02 07:18:00,72.96519772506295,117.25191430215261,3.1502389050319053,1704.6967465278883,17.744195097646557
2026-06-02 07:19:00,73.05433910022847,116.32500578086453,3.06695362554458,1711.712422136393,18.10058474985878
2026-06-02 07:20:00,74.90023245295976,118.41978214987374,3.095841204920638,1735.2207566674872,19.281453479450985
2026-06-02 07:21:00,73.85551019230594,115.49617022281825,3.193993009841058,1739.0870590904278,18.846991331328212
2026-06-02 07:22:00,72.02518721348716,115.75951527163019,2.842970439574142,1720.9263366463688,18.405677024062634
2026-06-02 07:23:00,72.68896216676731,118.28720188933652,3.3507051155143297,1712.733188834864,18.138386557993705
2026-06-02 07:24:00,71.97467736167522,113.43718286014726,3.2003782247792296,1709.2090412706364,17.702638587688327
2026-06-02 07:25:00,71.70568062732312,116.41359931767387,3.001858129563261,1729.956302074088,18.014902713942746
2026-06-02 07:26:00,71.69511752550028,117.55126377142706,3.076502646727613,1749.5636641200326,18.134536083991698
2026-06-02 07:27:00,74.05412412892288,117.90992433580222,3.0132714256706574,1701.598238404449,17.772178712073117
2026-06-02 07:28:00,71.00826175492435,116.71455455260914,3.1063795805967027,1736.1316051598244,18.04934690431911
2026-06-02 07:29:00,72.50311652733002,117.37369538548366,3.112613844414563,1724.3430851127732,18.010130489823197
2026-06-02 07:30:00,73.39690112757502,115.44394535372876,3.1471732401574006,1734.8794401139035,17.660798266641187
2026-06-02 07:31:00,72.52320880558602,117.79615999970615,2.9223082673544862,1718.0887893180586,17.803076687163106
2026-06-02 07:32:00,71.57935777455148,114.59960645221257,2.9970805078161966,1734.9253121480315,18.520319221360356
2026-06-02 07:33:00,71.52433131151828,114.3628842792103,3.220667347098917,1714.6969535451042,17.921041198851615
2026-06-02 07:34:00,73.0776837297018,116.76111500875162,3.0063090329073736,1707.54412113674,16.726830414304033
2026-06-02 07:35:00,73.96613953580028,115.60687164353405,2.683375088998941,1722.7315655798614,17.82979335509131
2026-06-02 07:36:00,71.70902922197115,116.15304840160721,3.0377395997399996,1728.9684570693462,18.31381029201734
2026-06-02 07:37:00,72.97405953224612,117.02046918739556,3.461960246053237,1720.0505277230257,18.13242766671238
2026-06-02 07:38:00,73.68186346029444,118.36368247900607,3.2093283688676033,1685.2881326308345,18.324492792291608
2026-06-02 07:39:00,71.63965525964962,116.55996347582374,2.981677727318035,1712.135912585616,17.861629493807644
2026-06-02 07:40:00,71.32669749151594,115.4508487938727,3.0719490640251683,1717.37862070841,18.170121238262233
2026-06-02 07:41:00,73.55634734024804,117.48985962968379,3.2138505108229736,1721.7004001468456,18.353155269229298
2026-06-02 07:42:00,73.93045803937304,115.53665396955282,2.8388795006235696,1713.0312871313383,18.00902454236608
2026-06-02 07:43:00,72.91291678922842,117.40782616978558,2.9590604534626914,1737.3391135018203,18.384612143559654
2026-06-02 07:44:00,72.99023262393862,116.61147607847131,3.162013536298675,1684.857784175982,18.879576927532305
2026-06-02 07:45:00,70.83535635225816,116.47768810477135,3.3056420210971686,1714.7034666015181,18.15237536521754
2026-06-02 07:46:00,72.65752974902759,114.21532780008353,3.02424236092363,1719.6478934919098,18.2176405757212
2026-06-02 07:47:00,73.75385416957835,113.68277040004486,3.327296946840478,1749.8716669244704,17.8545624000594
2026-06-02 07:48:00,71.40382400223449,114.39384975483681,2.966555382948822,1715.7242522745655,18.47306419571507
2026-06-02 07:49:00,72.73252868698904,118.55908823985399,2.5897839816051182,1726.2066097290515,18.02766033571349
2026-06-02 07:50:00,71.8827846410213,114.71860042595748,3.1846640402624216,1716.493670546618,18.27246790234103
2026-06-02 07:51:00,72.40269168054459,117.35919943091412,3.1797550193534403,1721.1554589383575,18.544893138637786
2026-06-02 07:52:00,73.17829644511077,115.71968966205493,3.209759577236706,1746.310771445629,18.639992747197347
2026-06-02 07:53:00,71.24702047920272,115.15815202403587,3.1343116070175974,1689.2743721630802,18.12554482328398
2026-06-02 07:54:00,73.69689628392672,116.62165307396288,3.140450333500613,1712.3294931435396,18.725642223393013
2026-06-02 07:55:00,70.02015291701876,117.37333447732924,2.987897746789204,1716.656577362309,17.19791093237359
2026-06-02 07:56:00,70.93744275061756,116.82852148999197,3.0420377336032836,1718.8808035368077,17.71992636499566
2026-06-02 07:57:00,73.44260759099762,117.07838818927094,3.038696351141791,1717.3028811490642,17.759184359121072
2026-06-02 07:58:00,72.01595981948212,117.76638564486755,3.0206312205478985,1715.0796010886206,17.529245641207208
2026-06-02 07:59:00,73.19553475773513,115.10260619047895,2.78584094821066,1725.2081017934038,18.541345296956493
2026-06-02 08:00:00,73.44944173113527,117.25292855950337,2.882581607104206,1720.2219051907205,17.59108691115279
2026-06-02 08:01:00,74.80020179892239,117.68538809589326,3.0824084707279638,1710.6898911203743,17.851300736257663
2026-06-02 08:02:00,70.67989604216763,116.78387161738993,2.7116027783315295,1713.1132102815388,17.835648682787873
2026-06-02 08:03:00,73.71110916447525,116.44178690404698,2.807344489716483,1720.9570547665119,18.015513126808553
2026-06-02 08:04:00,73.23520265648216,115.74444244640758,3.0344723620701055,1723.9792631845178,19.039371740783515
2026-06-02 08:05:00,72.4559818005889,114.88086083267339,3.042393643012694,1707.512487472028,17.852954575790836
2026-06-02 08:06:00,71.92453309432557,115.13540688688047,3.0265984124846828,1696.5957242140532,18.23008226286596
2026-06-02 08:07:00,72.96405399269797,114.86994525389267,2.707704635974561,1723.0237124305693,17.67299199106312
2026-06-02 08:08:00,73.06425939807761,116.97215701868349,3.3349885971239024,1728.6551503891926,17.601155846422493
2026-06-02 08:09:00,73.07912505091797,116.21431649956072,2.8837867381839533,1741.0737528189077,17.952674739914396
2026-06-02 08:10:00,70.2684108956913,116.26701906577254,2.927231761332493,1690.2477500614273,17.587478509228678
2026-06-02 08:11:00,72.79677374343997,116.72593930747415,2.8867668612061244,1714.1506787282742,17.780247203929235
2026-06-02 08:12:00,71.78977093557178,114.72734288806885,3.261457973005083,1709.8646658102227,17.359502024643362
2026-06-02 08:13:00,73.65678753829931,115.33475998577838,3.1727118332600375,1715.9565305902709,18.375670404219548
2026-06-02 08:14:00,71.87968895516934,115.57140653785486,2.9854001316719088,1688.162021522798,17.788181085958083
2026-06-02 08:15:00,73.60169556104967,115.79832828152279,3.0336831589337443,1707.0520395145713,17.74747001917294
2026-06-02 08:16:00,72.43056501598161,115.17707336954594,3.109176847576833,1720.5053919769753,18.15929309183522
2026-06-02 08:17:00,72.41188839128188,117.9261287126666,2.872437141601486,1704.3878157600493,18.250545243724485
2026-06-02 08:18:00,71.90690002595242,114.19298130147735,3.1259780455039547,1701.3772813592195,18.4955956992385
2026-06-02 08:19:00,70.81981157380304,118.41966206741631,2.9838355913685968,1734.682401259142,17.027876240864575
2026-06-02 08:20:00,72.14784957675681,116.19299420585973,3.134368713680599,1746.890383764218,17.63081114325185
2026-06-02 08:21:00,71.85961636139395,117.43689633028313,3.156419069433773,1715.8656883538797,17.57839441610357
2026-06-02 08:22:00,70.64618775050813,116.8947979931232,2.9678114980678703,1688.8379782073678,17.665473299257513
2026-06-02 08:23:00,70.30870755333805,116.30360212304531,2.7296433461434124,1713.456080992102,18.33704660791965
2026-06-02 08:24:00,72.42591100410148,118.0938207092798,3.0362843842541025,1683.3810758860066,17.7589237957503
2026-06-02 08:25:00,71.26040505247583,114.36991002130372,2.8271663790900177,1688.6649440212213,17.644388714816845
2026-06-02 08:26:00,70.25412763727287,115.79248297717149,3.0771376715843766,1719.273227627359,17.658439469393365
2026-06-02 08:27:00,71.55137495046903,114.90573355745468,3.023457543465041,1691.6326516686665,18.614947944198413
2026-06-02 08:28:00,72.8085618669062,113.90129300622434,2.9742399975822313,1708.0473380984763,17.04838818260789
2026-06-02 08:29:00,73.22754733181124,116.00080259200911,2.9252851202088466,1701.6694797121695,18.174599331338733
2026-06-02 08:30:00,72.28152571843339,118.45401081445631,3.258481942227349,1716.936605792535,17.75723446905877
2026-06-02 08:31:00,73.35368447649046,116.0514856264131,3.0159240333150623,1733.6438828872465,17.44135424892213
2026-06-02 08:32:00,71.93458468957843,118.02931549750767,3.396275739001103,1699.4618915731303,18.265435600536154
2026-06-02 08:33:00,72.78097378258146,118.48477905236189,3.0706918718338123,1712.7992398065799,17.269651685766345
2026-06-02 08:34:00,70.2589631604792,119.83265946069638,3.1353052725367925,1704.2756842746214,17.935472812647305
2026-06-02 08:35:00,73.11175453228454,118.14905967368338,3.063379699208083,1700.3127340141086,17.89974128760783
2026-06-02 08:36:00,73.38539593882405,119.26789603364142,3.147111612493583,1706.7046113353765,17.918700349418128
2026-06-02 08:37:00,73.57074111192526,116.19098103961983,3.2172884326494198,1722.4660185345056,17.206684470877423
2026-06-02 08:38:00,71.51719324402464,116.34552091474603,3.2370690852332853,1693.084497853802,17.968459506171286
2026-06-02 08:39:00,70.54413402771591,116.33125448957595,2.8001719935844314,1708.0548190259733,17.68399093201051
2026-06-02 08:40:00,72.40250049036622,116.19843750802548,3.2082154674415895,1722.1254246468636,18.42264084967446
2026-06-02 08:41:00,71.68510550242861,116.13229744531822,3.1380843583295945,1726.3496648541693,18.182795380832292
2026-06-02 08:42:00,72.64161290744939,116.96195993846287,3.0760065539066623,1720.7336554380395,18.807381147621875
2026-06-02 08:43:00,72.99095957375445,115.50652702268684,3.327916535124203,1713.117277446264,18.076744719875535
2026-06-02 08:44:00,71.75366077032993,114.25859895774632,3.3236982256282914,1703.6233062027857,18.19157446494665
2026-06-02 08:45:00,72.354009306885,116.70963042885462,3.2205752986012093,1730.8569168259721,17.99306998606035
2026-06-02 08:46:00,72.80807604288236,115.36358429244495,2.998133241416359,1702.924303022484,18.782166775724765
2026-06-02 08:47:00,71.97994082547919,115.38537368205098,2.8939609889572666,1701.7836406163854,18.050358585650905
2026-06-02 08:48:00,71.69917379563758,115.8142758618005,3.178865335703521,1733.4285501290656,17.951768216451345
2026-06-02 08:49:00,73.52828875171272,115.9027185369456,3.2938827271416984,1723.3944647768783,18.390876327303605
2026-06-02 08:50:00,73.07815374966472,117.36721672309096,2.764712384572743,1719.7363066942264,17.759599315879896
2026-06-02 08:51:00,72.88612215070196,115.80938473037773,3.23024251474703,1722.437899684846,17.80489045208764
2026-06-02 08:52:00,72.12229135260995,117.52097712684724,3.0369993401568776,1713.6230097661705,18.280162183147382
2026-06-02 08:53:00,71.49123372922716,116.84875195844545,2.835418405485493,1699.7883700476218,18.59365976860208
2026-06-02 08:54:00,71.25334451910986,115.57971989178927,3.1161397362253,1712.9135613780627,18.081803631876266
2026-06-02 08:55:00,72.02262201187084,116.50436759455039,3.2240415320881617,1717.2531926567497,18.125178408369518
2026-06-02 08:56:00,70.91833668906462,113.96110251531167,2.9813682581889873,1693.9280225818616,17.86370011651621
2026-06-02 08:57:00,71.74239701103704,116.54532748997039,2.9173724627665667,1698.8593525310087,18.453986460696093
2026-06-02 08:58:00,73.0682091596553,117.56142767759185,3.3596403405017337,1719.867282662833,17.833610061258888
2026-06-02 08:59:00,71.592336738165,117.40089913299059,2.9804963601045897,1695.791386234281,18.106496428081954
2026-06-02 09:00:00,71.19912144130882,114.48923879288833,3.2480440273022055,1712.673515987472,16.891363525624353
2026-06-02 09:01:00,72.75392767814277,114.06511100335145,2.832234934291432,1707.8778996097562,18.240037735233216
2026-06-02 09:02:00,71.34563002249857,115.41649582649934,3.133112627587819,1712.3551280768866,17.71729378512566
2026-06-02 09:03:00,71.94239899048812,117.63266167473296,3.122863863324875,1718.9873964983572,17.68310991888493
2026-06-02 09:04:00,72.37600102390046,116.07136504560538,3.184758705863609,1720.0785791556862,17.85433761796416
2026-06-02 09:05:00,72.63205709904554,115.02067261133311,3.287301302253841,1701.9983037346858,18.22279517946967
2026-06-02 09:06:00,72.8199709873894,114.34851885141211,2.950758624036594,1727.6074888595112,19.002757016555588
2026-06-02 09:07:00,71.83751194146191,114.976822199586,3.1312901734447895,1707.3442307613184,17.27759065361871
2026-06-02 09:08:00,72.14142863460617,114.87925163967265,2.847089091871281,1736.7143607008695,17.550752073792424
2026-06-02 09:09:00,72.31872668012845,116.73286934939607,2.833987963230557,1699.353727475933,17.89653823655399
2026-06-02 09:10:00,72.60122371369661,117.34565591851461,2.988623334049224,1690.9047536568728,17.774611339469352
2026-06-02 09:11:00,70.87453250203289,114.912264943113,3.139542236873737,1728.1332602133866,18.420448851053706
2026-06-02 09:12:00,71.72356152069841,116.97699331670715,3.3230764425423756,1720.693567610832,17.969478774156936
2026-06-02 09:13:00,73.13384335101736,117.06928192523036,3.3647334149297428,1735.203237776755,18.498310983312244
2026-06-02 09:14:00,71.53890397992814,114.60467338573231,3.01478565820185,1718.2485286354977,17.910748986859623
2026-06-02 09:15:00,73.50932891928657,116.00603956526635,3.1196049690462466,1749.8550936784454,18.271264640055104
2026-06-02 09:16:00,72.0999356798209,116.48422375696592,3.2131334712053756,1711.503210154796,17.654768168012296
2026-06-02 09:17:00,71.97155426282478,116.14756012532945,3.178252578129252,1728.3835629571659,18.750807425345506
2026-06-02 09:18:00,72.52964640723414,113.7622762318861,3.0289098567345034,1702.983812871792,17.227598967992787
2026-06-02 09:19:00,73.1205835905566,116.79085069962197,3.1203112059734175,1729.155737951037,18.03361021816206
2026-06-02 09:20:00,71.79821386973006,116.59211399029178,3.038712603117261,1721.2182848802577,21.22176250152529
2026-06-02 09:21:00,72.23808916646878,117.65490819227577,3.0193702540492793,1722.6137110387544,18.19981697556797
2026-06-02 09:22:00,70.99082406223641,115.2817708372751,3.0210764544728663,1726.102502349003,18.258004369387585
2026-06-02 09:23:00,71.82099010495452,115.37007052959761,3.050358847660398,1665.1104993004822,17.525031996876777
2026-06-02 09:24:00,71.70840888088661,115.27190300324452,2.973964095916548,1705.9370827943264,18.1601170930643
2026-06-02 09:25:00,72.60385748796448,116.62514779022547,2.9147332632494796,1708.3825678637747,17.858427477057038
2026-06-02 09:26:00,72.98489421436433,116.0219349034986,3.1897546146138986,1706.4052359242519,18.107684267470876
2026-06-02 09:27:00,69.92998450425054,116.32053118096054,3.11712943311343,1703.6870079837806,18.046532181961535
2026-06-02 09:28:00,71.20825348023239,114.92990359663648,3.3668308912949376,1731.730475963351,18.0421154265756
2026-06-02 09:29:00,72.82780639635921,116.58225301868637,3.129162942475763,1717.7857360815942,18.416955629623374
2026-06-02 09:30:00,71.76020486380364,114.64312108965792,2.9730412807560223,1699.504211673532,17.7092463875129
2026-06-02 09:31:00,72.72759166281786,116.26909515167497,3.002107748605387,1697.190639416764,18.356042176452377
2026-06-02 09:32:00,72.52103901051244,118.14997809794538,3.0804623597849585,1737.6673548395454,17.940530894078616
2026-06-02 09:33:00,72.38502171444208,114.21653669564927,3.142559812250904,1702.2159375821234,17.199925036326093
2026-06-02 09:34:00,72.0875090789457,83.04585953879933,3.0545800641590435,1716.2967342613756,18.135236062331128
2026-06-02 09:35:00,71.3040289153491,114.40517888092151,2.8417783002323542,1744.54641737318,17.617910466715546
2026-06-02 09:36:00,71.89828685517392,116.05693452536963,2.9473653168434497,1702.3417590801394,23.40900249848105
2026-06-02 09:37:00,72.07984009521408,116.93616396211758,3.047922716615087,1704.9086044335322,17.29347181321182
2026-06-02 09:38:00,71.15845358963068,116.24919570797165,3.1807498533301506,1717.4241501288327,18.512812301489312
2026-06-02 09:39:00,71.85903924495807,115.86863965125025,2.8443730140934496,1689.3601181447339,17.93284064139178
2026-06-02 09:40:00,71.53414808762342,117.45885149135594,3.0974137640261494,1685.703265777975,18.09486519807749
2026-06-02 09:41:00,71.57036575950256,116.01460215946075,3.0743678787209316,1701.0157918073808,17.25703301584553
2026-06-02 09:42:00,71.77021792726708,116.87206757921123,2.9915027464817063,1705.1427974677015,17.820778063354126
2026-06-02 09:43:00,71.20982864458563,116.68157662002812,2.9668461841665974,1712.9902966404647,17.645786009432957
2026-06-02 09:44:00,71.87634674377765,111.98725857459775,2.918801242765698,1691.1800458099135,18.560670520477423
2026-06-02 09:45:00,70.35221730296765,115.29980907738701,3.047241721780276,1711.7338617416003,17.420167723088156
2026-06-02 09:46:00,71.76122589280487,114.7037621289534,3.2355195655195685,1680.9485994808213,18.460076398740025
2026-06-02 09:47:00,68.81054859079303,114.04669307677612,3.182459230074603,1699.5039403303715,17.987882603388492
2026-06-02 09:48:00,71.18626271974512,117.64808503940127,2.8899750619579567,1717.117067415798,18.39500015426132
2026-06-02 09:49:00,71.74893444052293,115.21827013533874,3.0164890588813873,1713.8338208041719,17.59646815342513
2026-06-02 09:50:00,72.65332835425231,118.46950522955142,2.750868422624588,1713.5373312487352,18.821170162245068
2026-06-02 09:51:00,71.78437621430713,113.96315520680223,3.0598697340616594,1698.7933386157083,18.631063212281234
2026-06-02 09:52:00,72.42623415000728,114.69231922429253,3.1558287987280296,1710.3582660790216,18.14320856802851
2026-06-02 09:53:00,73.01066469524906,116.58506752624884,3.2803272933735297,1727.4460116881462,17.648963820646603
2026-06-02 09:54:00,71.03745752428199,115.40822646940956,2.786556211442644,1701.9129523727725,17.564677489712015
2026-06-02 09:55:00,70.70288269828576,116.36800365043807,2.9034050681373595,1727.994472352072,18.188309076299912
2026-06-02 09:56:00,70.4271383980782,115.499022205824,3.063873213445858,1725.509208621379,17.842856115296748
2026-06-02 09:57:00,71.56889072026492,115.8948146089059,2.828302151326479,1688.1737038656645,18.106039101955943
2026-06-02 09:58:00,70.14693481332469,115.09811489883062,3.0567117013816363,1704.2537108402578,17.19245194059164
2026-06-02 09:59:00,71.76300631478749,116.0594308508251,3.1497196363162896,1696.587725063189,17.935199462264595
2026-06-02 10:00:00,73.05570775811833,116.79675786186984,2.876259635862798,1691.1630510783962,18.470935411214196
2026-06-02 10:01:00,73.11639926447575,117.87964258421688,3.082710205710598,1724.4449426105828,18.29724185709762
2026-06-02 10:02:00,73.03058440782894,116.07055376076444,2.905739613292797,1724.6140944930116,17.99113562889889
2026-06-02 10:03:00,72.72081790646767,115.03153411228918,3.2399072181442277,1710.670558657863,17.708333356728936
2026-06-02 10:04:00,70.34184086467673,114.68651578721398,3.051894890866691,1687.8971415727533,17.06940086838594
2026-06-02 10:05:00,69.54035000805915,117.18692324686954,2.932202570376982,1708.7993988890196,17.445490437892865
2026-06-02 10:06:00,72.67028427501842,116.74226078689053,2.8752035203119317,1692.5279976523796,17.82092410557015
2026-06-02 10:07:00,70.2478372487169,113.58051626933228,3.1156628794334096,1712.617014213377,18.183041357392472
2026-06-02 10:08:00,70.86576626598628,113.4031394987174,3.2526826147868997,1699.8751953081144,17.584902981368437
2026-06-02 10:09:00,71.1391591174493,114.36546521035783,2.90837672467009,1720.5823244925607,17.266373363713242
2026-06-02 10:10:00,71.76346103166351,116.19885764071653,2.995565507279298,1706.8552665755872,18.264413188677825
2026-06-02 10:11:00,70.48603666846333,115.27923527231785,2.9084721908524567,1707.7272915979297,17.490657814314968
2026-06-02 10:12:00,71.11270922238877,116.64640488653481,3.3019019272793146,1717.2161286836351,17.678757411383252
2026-06-02 10:13:00,73.05611646544955,116.32184705787817,2.815862542221404,1719.2947283325016,18.59115435181997
2026-06-02 10:14:00,72.3613941182626,117.4561345892909,3.2447877876624456,1711.9697421936373,18.07312916625419
2026-06-02 10:15:00,71.69270528528047,116.76489913055465,2.9993113184679863,1715.7349099475286,17.836194258197036
2026-06-02 10:16:00,70.35521687531705,115.60279071805377,3.02323765132106,1693.3500734449533,17.614337103079507
2026-06-02 10:17:00,69.2191770110833,116.48301120642151,2.956145061861129,1707.4921419781615,17.706113218350332
2026-06-02 10:18:00,70.28222600624228,113.4862633671251,3.066936854642547,1719.1573069312628,17.94798161642234
2026-06-02 10:19:00,70.93783607697661,115.20989488232429,2.9113291559272048,1710.1200144851719,17.73955695301489
2026-06-02 10:20:00,70.67453384926085,115.36484078704012,3.1720792051339215,1697.3517457631142,17.64816884225783
2026-06-02 10:21:00,71.64898949733313,116.86714138884784,3.241162729012771,1717.8786594761518,17.82969882812071
2026-06-02 10:22:00,69.63918970119853,113.64569941599775,2.899415218659628,1703.9288973406183,17.63326860386587
2026-06-02 10:23:00,71.79597931714655,115.41749626485502,3.148785681703733,1707.9520285181602,17.796262449310117
2026-06-02 10:24:00,70.31663059092946,115.99795121067612,2.9810191379686874,1689.0833335053258,17.374258763111428
2026-06-02 10:25:00,71.65576740332237,116.12485326173187,3.044562270846219,1728.0644397253834,17.344909945193947
2026-06-02 10:26:00,71.17008990241715,117.31084461780472,3.2879385551399527,1740.86549717199,17.907851238041662
2026-06-02 10:27:00,70.37450893499982,116.49622104785594,2.9377225180722757,1697.2065666420965,18.1869856650979
2026-06-02 10:28:00,71.61314727409034,115.67228961489488,3.18866940758386,1721.7299624313562,17.0434881190462
2026-06-02 10:29:00,72.92868969022456,116.33123365184022,3.1033197870496276,1728.8182248571266,17.604057174071443
2026-06-02 10:30:00,71.5419825555493,115.22974291866247,3.002321064504236,1691.9206510482513,17.844697032072034
2026-06-02 10:31:00,70.40077279206086,115.32202741966351,3.0648371135525294,1669.5688246992984,18.001871567824203
2026-06-02 10:32:00,70.22425157193223,115.92234799159057,3.035167466591782,1722.3331256594522,18.204251870800643
2026-06-02 10:33:00,69.55384248270119,115.42300663411918,2.858071508913952,1706.2100317826457,17.635549061870712
2026-06-02 10:34:00,70.23552939876679,116.00108846312263,2.946771479969341,1699.7636509177426,18.5723597989969
2026-06-02 10:35:00,68.30689300078812,116.31138856959333,2.853733345350333,1702.8143316708188,17.761135443648627
2026-06-02 10:36:00,72.43831804527642,116.38180729769442,2.9936544819305335,1701.493271912863,18.089296156045915
2026-06-02 10:37:00,72.31703347511204,117.02772855295136,3.2382594494698145,1751.6926967833126,17.347630435320788
2026-06-02 10:38:00,70.0712721611147,117.67264662761488,3.0790547482487263,1690.419502618262,17.62061445839851
2026-06-02 10:39:00,70.59736845801214,116.08815151580073,2.801420850893119,1708.171723688259,17.98254412838533
2026-06-02 10:40:00,70.02914676422022,115.08165832142343,3.0013421391453785,1727.8531466887775,17.54186304083623
2026-06-02 10:41:00,71.07054542344687,116.23718035320748,3.0765765755261434,1727.617977222714,16.76925259919201
2026-06-02 10:42:00,71.74312913058458,115.71718991371922,3.1219204596413137,1718.5012552527564,17.636906700480072
2026-06-02 10:43:00,71.18927356464476,116.27828321525656,2.9385229698485706,1700.8424687262673,17.685061388343307
2026-06-02 10:44:00,71.13843162561824,117.58909389597872,2.867390186388291,1708.3195123540172,18.435238334036647
2026-06-02 10:45:00,70.02410564330113,113.6943472748712,3.039233970143972,1676.9201114385298,17.64231588957824
2026-06-02 10:46:00,71.99898707919156,117.26397683809914,3.115179200554942,1704.8475184345077,17.441681682593963
2026-06-02 10:47:00,70.60263859063454,117.54985305739808,3.0571838273768686,1704.8834715403564,17.19610800634797
2026-06-02 10:48:00,69.14405720983387,115.95640694218632,2.8856131876695694,1714.7888100043479,17.38532747684893
2026-06-02 10:49:00,70.45587222117258,116.30820448088267,3.303035646083041,1734.9008755568511,18.86560295047208
2026-06-02 10:50:00,69.99714936851205,115.21961612248788,3.019150328429257,1717.4641765426522,17.120134868424042
2026-06-02 10:51:00,71.16187230801846,115.64122235207407,3.0712987786299037,1724.5081248401539,17.282700389849623
2026-06-02 10:52:00,71.12211057773115,116.31566229199822,2.9325795364763723,1706.1129387555002,17.71733877083975
2026-06-02 10:53:00,70.95327352318792,116.43818645862974,3.2111711055750396,1728.3034446184283,18.62878791501619
2026-06-02 10:54:00,71.53043883107588,116.31925245294725,3.1160704190122073,1706.2256619580985,18.023818586600278
2026-06-02 10:55:00,71.37334206414994,116.40715242180993,3.090876190099818,1725.8444281292007,18.44850652242118
2026-06-02 10:56:00,72.19925563788868,116.75277083380634,2.872231967492235,1721.0635323431343,17.683330551218067
2026-06-02 10:57:00,70.04585010899575,116.10978108971295,3.175158046374751,1708.1015885313457,17.026859426593173
2026-06-02 10:58:00,72.15308917372124,113.62919595174401,3.1040964026169533,1675.0012560320465,17.24952093153651
2026-06-02 10:59:00,71.2635983782035,116.85631633070078,3.2094129881969686,1727.8348007172203,17.87891596942493
2026-06-02 11:00:00,70.20778838033023,117.69553012656692,3.0365694827780203,1711.8750503075985,17.736996010045093
2026-06-02 11:01:00,68.91407386724231,114.83560505131297,2.979941302332135,1708.7727205602728,17.348184450802226
2026-06-02 11:02:00,70.15409573258866,116.96080009449503,2.9834476781990005,1706.8554419556856,17.81700588275032
2026-06-02 11:03:00,69.82595558181625,114.50003786736052,3.3819025067969246,1715.2995168059472,17.515629399166933
2026-06-02 11:04:00,70.79360986318152,115.24326465052711,2.9372317127489773,1723.2295403766327,17.268626475499186
2026-06-02 11:05:00,68.8815778097352,114.4335206305217,2.835590634332723,1695.5966190761915,17.119607624985033
2026-06-02 11:06:00,71.67020194700129,117.4254981067863,2.9953737487050707,1717.2870132140815,17.967226843395647
2026-06-02 11:07:00,68.97822748965987,116.9981863077591,2.9220052468430096,1688.7333339498657,17.557107580168488
2026-06-02 11:08:00,69.89092642247462,114.97894523008428,3.195509063750178,1709.9566096744668,17.985559357834195
2026-06-02 11:09:00,71.27255650939935,116.79973592224096,2.8228986132106564,1709.0288015614863,18.31602714237692
2026-06-02 11:10:00,72.72682194814772,117.42254785400732,2.945259432829981,1696.4260809572793,17.23794802772182
2026-06-02 11:11:00,70.07193842044886,115.42766678898288,3.059723102538289,1707.6338846644965,17.742993399941646
2026-06-02 11:12:00,71.05022393965353,115.74094088375371,3.229259858168375,1699.2725462286032,17.710476729592912
2026-06-02 11:13:00,70.151065486009,116.24537465646709,3.13130559351722,1699.197135557803,17.06782643554506
2026-06-02 11:14:00,70.195837908566,114.43482150548297,3.2725770748128205,1711.26699842173,17.511666296055726
2026-06-02 11:15:00,69.85776674648369,115.34698981948713,3.0661937821334844,1706.8909522973902,18.23408332903003
2026-06-02 11:16:00,71.26929914858121,117.87636751147815,2.989791943590684,1675.2597990915674,17.399430444675296
2026-06-02 11:17:00,70.23364792467409,114.71203008372883,3.1491365664277753,1709.717949246823,17.33642885520783
2026-06-02 11:18:00,72.47521561658453,116.36247421783175,2.817451375387383,1699.9551068035341,17.648120279255476
2026-06-02 11:19:00,71.33013792568697,116.12724259585,2.776762397062396,1700.4344110239686,18.114015005500114
2026-06-02 11:20:00,70.04602341322844,115.2304968806403,3.1749072705927888,1688.7862226367818,17.591637284173842
2026-06-02 11:21:00,70.24121456757112,115.53327546813486,3.049404314338989,1702.8829885661803,17.684719282333187
2026-06-02 11:22:00,69.36818963458542,117.10797752275602,3.1449228126039213,1692.2191840878859,16.58857711605709
2026-06-02 11:23:00,71.16288537400646,115.9257318017197,2.8895718160194663,1722.5883782588999,17.859638049791222
2026-06-02 11:24:00,69.14146899893105,116.07802871000514,3.2078006614222736,1676.7751501364953,17.701575817843214
2026-06-02 11:25:00,69.49951800210903,117.20717430873094,3.1196298017971906,1689.3563401921735,17.996941930965978
2026-06-02 11:26:00,71.29410652267376,115.53637918443873,3.054243390028422,1696.307809891867,17.194785922213907
2026-06-02 11:27:00,70.66257163335945,113.80180920761899,3.0349759941471053,1704.6546274527566,17.408060202529896
2026-06-02 11:28:00,71.65734093421362,117.45746322708604,3.074402274569018,1722.069537562874,18.053395932646882
2026-06-02 11:29:00,72.15006378378602,115.68664115472599,2.9063445088977895,1714.5176936720893,17.538632776960974
2026-06-02 11:30:00,70.87422094107781,116.2975108827387,2.9572604747962705,1686.582824710951,17.63301621016952
2026-06-02 11:31:00,71.71499234982437,114.97585696671216,3.1090451514138024,1705.4368943095296,17.781475893006295
2026-06-02 11:32:00,70.77448510502775,115.53562379388367,2.94085606109355,1688.7875788900162,17.38064680662291
2026-06-02 11:33:00,69.63146523182019,113.95721352104854,2.797822693013937,1711.263074696948,18.103619924984628
2026-06-02 11:34:00,68.38460041675495,115.00665090485768,3.039577521159766,1692.3252876925758,16.895724590573508
2026-06-02 11:35:00,70.46499584561911,114.28033506952103,3.1292613188714244,1679.5792683277932,17.50881108593472
2026-06-02 11:36:00,69.65840300232188,114.17828766612541,3.175711718873268,1711.856902697853,17.716441160251293
2026-06-02 11:37:00,70.75610123648848,115.04042610787133,3.1067914719381386,1724.3378554849894,18.077326931206628
2026-06-02 11:38:00,70.57469577067307,112.48742830742556,3.138712559560988,1700.5132076709933,17.57096669908285
2026-06-02 11:39:00,71.22846941293369,114.12310395746249,3.182458819338025,1708.6724974457027,18.145045669145148
2026-06-02 11:40:00,70.95472127270742,116.04114100845608,3.018764640670652,1678.7687354789352,17.529269693699415
2026-06-02 11:41:00,70.7147836552666,115.44176141977387,2.6837999478046575,1669.4389252733454,17.560097972794495
2026-06-02 11:42:00,72.0137684052853,114.63985983942045,3.2358927942196294,1684.6488673451074,17.996977547187
2026-06-02 11:43:00,70.1052558358759,115.88688231348378,2.8812978582319797,1702.3882934097603,17.876828096971945
2026-06-02 11:44:00,69.8637901645863,113.83493456024036,2.8229544841331813,1693.898073347206,17.661087801959717
2026-06-02 11:45:00,69.30268279700165,115.7561822096669,2.827143919680625,1706.7244966523072,16.999689107182256
2026-06-02 11:46:00,69.46039453228083,114.67000194678869,3.359937945475754,1694.485453520607,17.491193007689706
2026-06-02 11:47:00,72.82655871506854,114.97586220763131,3.0904828188251208,1719.6965607257914,17.899269630715473
2026-06-02 11:48:00,70.08413325369972,114.85991439802349,2.8417035885255224,1712.6732089238144,18.0692877421023
2026-06-02 11:49:00,70.58054788458797,118.1816100834778,2.9048325974980034,1696.6321136000327,17.151625302076226
2026-06-02 11:50:00,69.52836843820876,114.1358146552897,3.0029830188789184,1685.5667699401943,17.738566936385375
2026-06-02 11:51:00,71.37273362518566,115.55020784554054,3.099916396390676,1674.9687456908348,17.500014990130083
2026-06-02 11:52:00,70.20486997250782,115.73596846857939,3.0284489185023924,1718.814549359908,17.475905975399762
2026-06-02 11:53:00,70.06015421166772,113.5682406650651,2.8422514394439444,1682.170591046046,16.932168926691457
2026-06-02 11:54:00,70.38502222663534,113.19344520972916,3.054675622526158,1678.974219188222,17.547924281042572
2026-06-02 11:55:00,71.25337230253704,114.4916923414072,2.92252250275381,1704.7879958857848,17.734075308788032
2026-06-02 11:56:00,71.26922476447822,116.03729414491586,3.1654331400128064,1679.3660573460709,17.174918540520594
2026-06-02 11:57:00,69.78007568473508,114.36639413255388,2.993564375317903,1698.95674635336,17.96790350250637
2026-06-02 11:58:00,70.3409806245497,114.93900813824175,2.900522235718364,1697.839807440249,16.990478738047905
2026-06-02 11:59:00,70.28243016368866,115.87631026734893,3.088902231325112,1710.9670066147958,17.60671599516472
2026-06-02 12:00:00,68.96377656788037,113.87592671117025,3.0470559725720263,1710.4642904011255,16.450393498877165
2026-06-02 12:01:00,68.84616973282029,114.60376260528093,2.909454743651709,1712.686758768585,17.25314111175289
2026-06-02 12:02:00,70.71187512838816,113.56064845176786,3.134664321556479,1708.1240286022646,17.88048359282235
2026-06-02 12:03:00,68.94769848315185,115.55525494182214,3.105727037810508,1689.3967944066796,17.87024744029376
2026-06-02 12:04:00,70.97271502494621,115.43072789252983,3.190627956631275,1686.5176378046326,17.53551048883622
2026-06-02 12:05:00,69.91255108760913,116.29608465659156,3.1292835197428195,1696.5920993856091,17.57407071505513
2026-06-02 12:06:00,71.23186588681821,114.43022199400414,3.021543258073652,1740.6411807657241,18.129241946095632
2026-06-02 12:07:00,68.71222512148063,114.21115930208532,2.709182150191244,1688.8145043502682,17.60097721700711
2026-06-02 12:08:00,69.48370501862267,113.19197334813329,3.009739507939214,1698.763736188443,17.91491429148438
2026-06-02 12:09:00,69.23759288107965,114.46092972772209,3.035021150505554,1719.5290394538722,16.8618035063768
2026-06-02 12:10:00,69.3047532266901,116.45747072276666,2.986301210094021,1699.543530696391,17.259404205569577
2026-06-02 12:11:00,69.1618135599614,114.21985452576808,2.5220193618575024,1683.5003343409564,16.424966121191595
2026-06-02 12:12:00,69.30557552673625,113.1924963573251,3.0905978368477056,1708.7070337412997,16.868799727775066
2026-06-02 12:13:00,68.4814038420252,113.73412458609833,2.8331911082335433,1687.5725922587826,16.993342341378305
2026-06-02 12:14:00,70.88305894140235,113.07579770085829,3.1034544151289007,1704.4560775335708,17.85047474157419
2026-06-02 12:15:00,68.15128504335338,113.3624773480147,3.24959636227944,1706.5810834772622,17.26634516999583
2026-06-02 12:16:00,69.91477565041822,115.8448582258074,2.964725288777273,1693.1144072014508,17.40425102467065
2026-06-02 12:17:00,69.70719202288937,113.30561591536386,3.0685163248855423,1703.3443174942943,17.64059016926233
2026-06-02 12:18:00,70.46146001425366,115.43800772086207,3.0091308954400002,1724.8435385270823,17.263382211568786
2026-06-02 12:19:00,68.36409577815384,114.79465621874361,3.0630885374903123,1687.4521790964702,16.584012145318052
2026-06-02 12:20:00,70.61139054034234,114.8677755077566,3.049224059476154,1726.4948475004217,17.454434114688627
2026-06-02 12:21:00,69.78426602670724,115.20589688301885,2.917991413788081,1690.2502401207712,17.418249137776225
2026-06-02 12:22:00,69.45103077916083,113.17229213421552,2.817424397022917,1717.6641780631041,17.33612809393497
2026-06-02 12:23:00,69.36375834114037,115.55801846484448,3.208503536947127,1681.1544465500458,17.191947001232954
2026-06-02 12:24:00,67.69532224808526,113.48304805010338,3.020520041601145,1685.039583239272,17.341261629482435
2026-06-02 12:25:00,69.29381877795836,114.37825981013918,3.114037242889374,1720.515837642573,17.79083247307147
2026-06-02 12:26:00,70.29614830639284,114.18723240565562,3.046103009565493,1720.532206091426,17.845051785015954
2026-06-02 12:27:00,68.40571249614835,115.51053447173273,3.1252429634036485,1708.0519491607738,17.41050685516697
2026-06-02 12:28:00,70.77803222252697,116.07380651482312,2.893636495568378,1689.378575053652,17.25537289593379
2026-06-02 12:29:00,69.94349645501764,111.82935500941078,3.0108369772384007,1700.9080906831618,16.989692169543712
2026-06-02 12:30:00,69.73545399227103,115.32713174363764,3.0772922652007226,1700.312599389739,17.05027283320262
2026-06-02 12:31:00,71.1934045426527,112.42489016001609,3.1617938765818754,1680.741491052728,16.82924621387534
2026-06-02 12:32:00,68.65280859476316,114.0819108265336,3.367061207002459,1703.6725158972583,17.28551076675219
2026-06-02 12:33:00,69.95141756097888,114.66599389064628,3.047514641089184,1685.6269731006155,18.152878399432378
2026-06-02 12:34:00,69.04733515422707,114.40771814976304,2.889514090657246,1678.3769995238977,17.499856130956324
2026-06-02 12:35:00,68.85204129476111,114.81590451709948,2.768314967033549,1665.2192727834276,17.0738628063863
2026-06-02 12:36:00,70.11914246865113,115.57534807488024,2.8450282029960814,1721.8345118782136,17.74038434910764
2026-06-02 12:37:00,69.05584432351574,113.83494882507316,2.868089268446187,1689.1841879114304,17.050128398314314
2026-06-02 12:38:00,69.33200623078046,113.71612743848085,2.5440298912506862,1688.495872896892,17.760755914275475
2026-06-02 12:39:00,68.28769342513222,114.45879515613944,2.86544898955919,1677.8994017916941,17.638145134046972
2026-06-02 12:40:00,68.23981130820661,112.72518868224388,3.0793555837956057,1714.8877666649933,17.31243242114023
2026-06-02 12:41:00,70.18949019343496,114.1076533534922,2.9899784224593793,1675.0299387912032,18.177511815558262
2026-06-02 12:42:00,69.06457268098268,116.37158011890962,2.944798757877403,1678.65648282224,17.82303583173179
2026-06-02 12:43:00,67.87241297869768,113.09409074249922,2.750150530439329,1693.8612640985834,17.468981648365908
2026-06-02 12:44:00,71.48837166203579,114.62990253724436,3.160097721499158,1700.1837426799464,17.461560505790587
2026-06-02 12:45:00,68.59644414138518,113.90829922440149,3.0513760069659015,1704.8003314222292,17.13676563441895
2026-06-02 12:46:00,68.93110404408077,116.97042269720491,2.9690003359454553,1684.0540884730815,17.22975470052182
2026-06-02 12:47:00,70.9643933550955,114.18040062734644,2.6580110564996,1720.8427948271908,17.37219771858537
2026-06-02 12:48:00,69.62937820204313,114.29561287626642,2.917809853703743,1688.2533298213891,17.30789686109043
2026-06-02 12:49:00,68.97227744181384,113.31455544842558,3.0351559818728293,1678.890930648881,17.190148772590156
2026-06-02 12:50:00,68.84237880872497,114.9236447864634,2.9898788015503928,1682.2761526946763,16.97923215320059
2026-06-02 12:51:00,68.61779193992703,115.28702991584296,3.0263126735465207,1687.896023950392,17.254159441485186
2026-06-02 12:52:00,69.9670497046867,113.98709554103829,3.106155548114018,1683.1395880303794,16.886136062485818
2026-06-02 12:53:00,70.66963919052456,116.37616304649869,3.035857225345389,1713.792847348417,17.760620838063073
2026-06-02 12:54:00,69.02423455180524,114.71518341376452,3.0567783957900305,1676.85280213036,17.226977063435665
2026-06-02 12:55:00,68.9102723842456,115.66991974682871,2.849977011411233,1693.30944164295,17.27478576152484
2026-06-02 12:56:00,69.29720717064974,114.2467378321782,2.7926176009119525,1679.7634327400237,17.67474365653547
2026-06-02 12:57:00,67.73292798353114,114.89316918696636,3.045027301667445,1677.0677237248515,16.95525655625562
2026-06-02 12:58:00,69.22743585262697,114.1739353241864,3.0643380104330777,1708.9933959318128,16.930493848110736
2026-06-02 12:59:00,68.4739816292608,115.92164633611176,3.022674634488967,1713.007346710118,16.493729227183994
2026-06-02 13:00:00,70.85807924765612,114.77909223100019,2.995709611218577,1714.2293550111096,17.728995278986627
2026-06-02 13:01:00,68.75587667804056,114.38545121842667,2.9097236246582496,1669.5959154126438,17.42968627663893
2026-06-02 13:02:00,68.49574547849694,114.0750500812818,3.006643933089915,1675.0103972436166,17.84430485374051
2026-06-02 13:03:00,68.66867401811442,113.73546990612614,3.0138700749793417,1721.0707029746904,17.810341316154183
2026-06-02 13:04:00,68.25105308502972,114.5419129523098,3.016337714644766,1686.2736286996571,16.95857763275565
2026-06-02 13:05:00,69.64885826914947,115.63405093831383,3.3677739992987394,1674.7186840008019,17.040813664193877
2026-06-02 13:06:00,69.26002053135228,113.79778372349395,2.8364963282404205,1711.1569342933226,16.59144031600757
2026-06-02 13:07:00,68.47502301754818,114.8933853218065,3.466664981235198,1697.5639781554357,16.931550296315166
2026-06-02 13:08:00,69.12580851512715,115.43820496206412,2.8259569410818353,1711.4384768062018,17.478638387581938
2026-06-02 13:09:00,69.48707555590622,115.06841071655063,3.03374194208825,1661.6099715642147,16.494808314486562
2026-06-02 13:10:00,70.49542329458104,112.64547014862997,2.800404668251651,1691.032088025114,16.9163002821786
2026-06-02 13:11:00,68.50234861283695,113.1097559131446,2.9938989101294515,1703.824519913905,17.07658366831858
2026-06-02 13:12:00,68.9514424356895,112.51138885213038,3.0906785754798403,1679.0665988774383,17.432576100233405
2026-06-02 13:13:00,70.82045357197563,115.04456443628847,3.005227610263545,1718.593047163407,17.2157197551632
2026-06-02 13:14:00,68.70743163946047,113.165831037544,3.095762003105607,1670.2086615972162,17.174691442829435
2026-06-02 13:15:00,67.7577219709202,113.60916823849256,2.8834248403299703,1687.706730410326,17.8478320531005
2026-06-02 13:16:00,69.15608265193505,113.06678146325628,2.6591815849816407,1718.0060634708439,16.52754159940079
2026-06-02 13:17:00,69.92247092626559,113.99452246349124,3.0592334570870614,1675.7825322565204,17.673552219044804
2026-06-02 13:18:00,68.88098795811264,112.87961343775383,2.9531649326250324,1693.785994316123,17.266577950198904
2026-06-02 13:19:00,69.40186218902508,115.31112308782062,2.8881667695434037,1700.798269232788,17.70742897095834
2026-06-02 13:20:00,69.3415280072596,115.43085606406123,2.92880127015415,1699.4481576896308,17.814648206929593
2026-06-02 13:21:00,68.31616965567206,114.41930146950345,3.0102556823924074,1686.102964199772,16.85423221927258
2026-06-02 13:22:00,68.0181925168816,113.69425686718427,2.8149258776100377,1674.2763867291312,17.029014247435892
2026-06-02 13:23:00,69.46161265651729,112.3061174097101,3.039709490052488,1699.6327475378446,16.791453377692054
2026-06-02 13:24:00,70.1546409513368,114.06028919866965,3.152304696127774,1693.2619762666836,17.095894027856442
2026-06-02 13:25:00,66.66263573008916,113.356439503955,3.260356345450615,1668.7247412919685,17.14679289454316
2026-06-02 13:26:00,67.97562675381643,114.27232711579411,3.1423855176693714,1702.8390191985159,17.10923382143979
2026-06-02 13:27:00,68.37795657305146,114.96442543936892,2.972313604065236,1675.9595980647637,17.42616281120852
2026-06-02 13:28:00,67.74615664448739,114.81123797381306,3.000095016907139,1671.134316601694,17.844010159073306
2026-06-02 13:29:00,70.10087117514297,116.2973746718884,2.9254113009906617,1688.1544881721998,17.21664618755896
2026-06-02 13:30:00,67.650400364427,113.43302317772937,2.871153495773704,1674.8092109173479,17.515407466905646
2026-06-02 13:31:00,68.50352906670012,113.66284653550656,3.090443275975157,1688.0540872768952,17.304209859423498
2026-06-02 13:32:00,70.71191893667235,115.86190057991764,2.92830327160033,1676.2491890545386,16.78525648363998
2026-06-02 13:33:00,68.19498694640528,113.89296368683279,2.9678152137225884,1689.299624575878,16.78659063218028
2026-06-02 13:34:00,69.8836140453037,114.41561375834314,2.836424390355381,1716.8759249106326,17.402358137553595
2026-06-02 13:35:00,68.38691113481545,116.2569701674237,3.141623216965826,1688.8032377887755,16.685893466560334
2026-06-02 13:36:00,68.84724334889049,115.1827703402826,2.9175977460140206,1671.5289654133421,16.82852053563383
2026-06-02 13:37:00,70.5153551442221,114.22927365724212,3.1270586533306113,1679.0740604147118,16.799300081607743
2026-06-02 13:38:00,70.04840621206178,113.88020227707803,2.8746489269724886,1699.3636821452878,17.134248411782732
2026-06-02 13:39:00,68.47493548475164,116.12910291386257,2.855645939969819,1664.3261976183253,16.92279186731483
2026-06-02 13:40:00,66.18568909716579,113.90128188493756,3.1093971311950113,1663.546740872984,17.31860586717327
2026-06-02 13:41:00,68.70289663359345,114.15413341944713,2.8477464138639057,1663.6169507765803,16.08191181216735
2026-06-02 13:42:00,68.74669448328433,115.20722660653965,2.7245279553504815,1693.6740374759063,17.242356008476854
2026-06-02 13:43:00,67.43652576255795,115.34594357628221,2.796664796025954,1722.9638644814802,17.35624483296833
2026-06-02 13:44:00,69.3143219300561,115.14557048013249,3.094221402065968,1674.2282023101238,16.857733248967197
2026-06-02 13:45:00,68.9315321344956,115.63414762213074,3.0856515435792726,1706.5566380361734,17.193922966113668
2026-06-02 13:46:00,69.45100954295036,115.05488803194741,2.853174090972665,1685.0517051651552,17.119778485836413
2026-06-02 13:47:00,68.87453188301974,114.92643855579378,2.8559468518653226,1670.338338863306,17.099333730317955
2026-06-02 13:48:00,67.043615076874,112.88714772124241,3.0186265837475306,1706.9967744848152,17.147730303185437
2026-06-02 13:49:00,68.85936531687561,116.34896941060919,3.142491065290119,1721.4182619654975,17.317624866941827
2026-06-02 13:50:00,68.46625098307035,112.95187553380029,2.9518325707185102,1698.6084381622477,16.976152659573902
2026-06-02 13:51:00,67.6025825889496,114.34569718114416,3.0147653652320034,1691.7635801605932,16.38544118260166
2026-06-02 13:52:00,68.54453302441817,112.8810546050433,3.0966932983060405,1694.069726592264,17.308614976797806
2026-06-02 13:53:00,70.02985651905087,114.44478400179977,3.2937863840038424,1691.9434833974128,17.018599809884428
2026-06-02 13:54:00,68.4201859945552,113.63676958705763,2.781464066319886,1696.0654736044219,16.95005882212219
2026-06-02 13:55:00,67.8167203179058,113.52228993233999,2.7903170145422433,1688.2668814220879,16.76907000992561
2026-06-02 13:56:00,69.20550601778339,114.29946827844613,2.8499862706039156,1710.141563648969,16.77065085097245
2026-06-02 13:57:00,69.07487446115923,113.68532444172789,3.1129902813286376,1689.9313324265293,17.53914883313684
2026-06-02 13:58:00,65.85801039211502,114.0621059759944,2.902039229821411,1689.876175892526,18.053844251143158
2026-06-02 13:59:00,68.156472189714,115.33284134449603,2.957532360978559,1680.8123146955193,17.10455382956566
2026-06-02 14:00:00,68.96757091509805,113.04585609949133,2.99298139074242,1710.301919626424,17.848246269015878
2026-06-02 14:01:00,67.80374229328403,113.22348118890034,2.9501502830099233,1725.9791542004784,17.328530101419773
2026-06-02 14:02:00,68.66937471957014,115.60308017974465,2.9874544596410386,1710.1474614509912,17.315934403190973
2026-06-02 14:03:00,68.30044488980764,114.40921374934594,3.108894972135996,1702.8556316377196,17.368499820475247
2026-06-02 14:04:00,69.76777572955213,114.54639654428804,2.8120795278923794,1705.1515911486867,17.373428571540764
2026-06-02 14:05:00,68.78941476560115,115.55750570550437,2.9331144304986023,1710.087912252027,17.51049362849762
2026-06-02 14:06:00,69.87787619709125,113.47261620434442,2.7794082478968978,1728.5566911395356,17.236495887049298
2026-06-02 14:07:00,70.18319259360084,114.27070597297191,3.0269107558256816,1673.3046645949394,16.923627822396703
2026-06-02 14:08:00,68.7454614297155,113.72525276467773,2.937098871184797,1702.2795641598204,16.660954944178695
2026-06-02 14:09:00,67.13866709897843,113.30763277397025,3.075418231936713,1644.2882077388974,17.047231753089
2026-06-02 14:10:00,69.10538508472655,115.93547554400065,2.9544797863884864,1705.310956439426,16.713546462563187
2026-06-02 14:11:00,69.71830555022412,112.48968640874955,2.902156298214814,1702.0120029603324,17.540061955529044
2026-06-02 14:12:00,69.8851375274373,113.11078911634621,2.932583605418312,1685.7156179630326,17.807387487848573
2026-06-02 14:13:00,67.8899265125042,112.41075898005059,3.195152209427903,1647.277255629699,16.936525390013507
2026-06-02 14:14:00,69.18332039630027,116.20361059641151,2.732593098731749,1693.4051165110059,17.74532741813314
2026-06-02 14:15:00,69.35716706807618,113.70768744869625,2.8688704095967257,1695.9421987292683,17.326058907240384
2026-06-02 14:16:00,69.55875973102012,114.5409575005828,3.00093226499233,1698.1595940401905,17.476850952837136
2026-06-02 14:17:00,66.95363214812348,111.99323107407773,2.8332555055185127,1676.422474890343,16.99453451407367
2026-06-02 14:18:00,67.35132409002355,113.68330722829351,3.0068136156941017,1673.1904453067855,16.666745083270392
2026-06-02 14:19:00,67.91350992909673,115.09299520657792,7.998459191457206,1686.5988073579895,16.643130717968187
2026-06-02 14:20:00,68.51490311229985,114.29611715838936,2.9712356487586717,1674.539434185374,16.338667976975977
2026-06-02 14:21:00,68.74173397648782,113.73783912845673,2.9421592862927475,1697.0365178381883,16.64039939967472
2026-06-02 14:22:00,65.51544806247524,111.42228028418938,2.871219385380834,1676.1546978039928,17.50582900432992
2026-06-02 14:23:00,67.50855530770983,113.59967315465734,2.7392574836782706,1660.7062198509734,16.39926159294558
2026-06-02 14:24:00,68.17196908129192,114.40542725618232,2.9750225003437967,1692.3722191927827,16.64394980821543
2026-06-02 14:25:00,68.56591157345103,112.77487914536289,2.6664932728694133,1692.4137916081152,16.660298532348378
2026-06-02 14:26:00,68.95427192155265,115.47424956450519,2.8784311977509716,1720.1148871171965,17.04072805851354
2026-06-02 14:27:00,67.86926581795957,115.16860809893286,3.0138158491006495,1702.0090972068247,17.16099247752134
2026-06-02 14:28:00,67.83957830193415,113.85020773144225,3.144092209144742,1679.647452423449,16.997568540071608
2026-06-02 14:29:00,68.72769613628792,115.04148377428069,3.2971114282425855,1710.3271988097579,17.00583632158828
2026-06-02 14:30:00,68.54044083923255,114.20309253247406,2.8914139065363846,1670.3399180226206,16.827589653363972
2026-06-02 14:31:00,67.80765706427312,115.54201212402297,2.81459440854221,1689.2951247187948,16.89263428116205
2026-06-02 14:32:00,68.7666757735795,116.92812396865227,3.044152077734534,1704.4729305089288,17.219701762868887
2026-06-02 14:33:00,69.07787816369495,112.77574230275506,3.219704714295962,1709.7223103209078,16.990248394838044
2026-06-02 14:34:00,67.62621898828455,115.1384455417262,3.1775826694121503,1717.8677053520094,17.899837775595472
2026-06-02 14:35:00,67.66870163875497,115.7369721512142,2.789472430668313,1708.0677192611213,17.074232663100794
2026-06-02 14:36:00,68.9408695099466,112.80471736756485,2.910225873613125,1684.211231223831,16.900870184445356
2026-06-02 14:37:00,68.40549326808234,113.48229190097125,3.072384205994055,1697.6609010869888,16.087432547203072
2026-06-02 14:38:00,69.96820036425486,114.01254602556762,3.119036575761631,1699.582040712818,17.45406943830831
2026-06-02 14:39:00,68.24084635680552,113.80038492815714,3.0194274495368894,1675.4881089349826,16.189827023711597
2026-06-02 14:40:00,68.29504846481717,113.73401944586142,2.876798249287043,1687.0877288881352,17.301507081145168
2026-06-02 14:41:00,68.53765613627394,114.17020621013029,3.0479879637391916,1719.075943202727,17.2610408075057
2026-06-02 14:42:00,69.40105424156306,115.37348990572181,3.097262881517416,1701.2644760112628,17.503110824291866
2026-06-02 14:43:00,68.97861984749238,111.74940123035834,2.795155341760535,1717.8821844346967,16.758416067827845
2026-06-02 14:44:00,67.46914036886693,112.13222273965738,3.0862617079083847,1661.1077859494808,16.661239341302462
2026-06-02 14:45:00,67.38360693897073,114.96990581439628,3.093193401957663,1683.1565317362843,17.353302452886393
2026-06-02 14:46:00,67.72438411445441,114.00355902843452,2.778054285076212,1684.0985794398632,16.298294638890198
2026-06-02 14:47:00,68.59796913720412,113.17190803744104,3.1015470522726587,1703.697483495768,17.465093057679418
2026-06-02 14:48:00,67.49026887360351,114.7187885921841,3.058443465110647,1685.5435220717602,17.24927558852498
2026-06-02 14:49:00,68.44724183220441,115.88359234299332,3.0804296975700285,1702.5588727325269,17.091729082524544
2026-06-02 14:50:00,68.09686544244337,113.65714952976359,3.1507947146409148,1694.7741222711843,17.489404208394827
2026-06-02 14:51:00,67.4644646266436,112.30649341323391,2.8995005091202293,1659.3951116149879,16.964244545800153
2026-06-02 14:52:00,67.90614842081379,115.10517388272571,2.9867434490500098,1698.7046739601626,16.35795319716475
2026-06-02 14:53:00,68.59442165854962,116.02979899968868,2.535000393894214,1702.2608921042793,17.376547482451883
2026-06-02 14:54:00,67.75190024183199,112.75663752448473,3.088707130393638,1688.7090711311394,16.6467593915391
2026-06-02 14:55:00,67.51788042866134,114.03523128928646,3.0854798826749565,1658.908964411869,17.313136910622674
2026-06-02 14:56:00,69.01005819747557,116.0964299737856,3.189288026512455,1693.0240317974476,17.512332510866077
2026-06-02 14:57:00,68.73553182443369,114.34210243240402,2.8064094038877836,1695.9513965072952,16.045139234298787
2026-06-02 14:58:00,68.46095718196595,112.16673008569951,3.0952058535565485,1677.1942396884501,17.373688809058173
2026-06-02 14:59:00,67.2939138388332,114.729260243325,3.0992896598511637,1703.0700708436607,17.00991698667827
2026-06-02 15:00:00,69.44408613720728,113.20860810778836,2.861241072847454,1702.7195664788824,17.007810449023502
2026-06-02 15:01:00,67.37118084649015,112.35283331590203,3.0835746930242647,1687.0533059491852,16.769971012291624
2026-06-02 15:02:00,67.90108758632331,111.24039834478319,2.957035835586021,1677.7775478108379,16.972399509310474
2026-06-02 15:03:00,66.61555050179867,115.29745999676004,2.669896316938059,1687.8129122146331,16.565977323873334
2026-06-02 15:04:00,68.18445514786994,113.16285742967007,3.0319728572365503,1688.7992542925551,17.52756783747758
2026-06-02 15:05:00,66.69104572920031,114.0255173546733,2.793286566377473,1662.391206967325,16.204896989835106
2026-06-02 15:06:00,66.93771930036768,114.55377397503005,2.672545456697251,1678.3354450666232,17.047792007853047
2026-06-02 15:07:00,67.0103926711447,113.89409541005395,2.96831049948671,1683.7526351432816,17.15893251660665
2026-06-02 15:08:00,70.12361053347796,114.70946315909295,2.9471056094103267,1712.6600854167832,17.475948440637694
2026-06-02 15:09:00,68.36140281700048,114.58061104534784,3.152128925019199,1698.692037085535,17.135307747545554
2026-06-02 15:10:00,67.54572593091807,114.25526340495247,2.9665609468879404,1709.94538531467,16.962054800199382
2026-06-02 15:11:00,66.68940367714215,113.16396178552681,3.0551881125242892,1666.60771628065,16.818082622149888
2026-06-02 15:12:00,66.37112593495839,112.85490339143637,3.00126193730874,1679.645447527435,16.44808581829265
2026-06-02 15:13:00,67.45119112903642,113.81420296915459,3.0824889913482996,1716.9769494673596,16.69582237026135
2026-06-02 15:14:00,66.53507170200268,113.36961418699798,2.768439634554417,1669.1356242885674,16.3759540204182
2026-06-02 15:15:00,66.25337482532514,113.73149137406826,2.910867674193993,1664.7735203616808,16.15802733879574
2026-06-02 15:16:00,66.00817289719002,115.23494004936754,2.9064202791237936,1681.4298128981543,17.67796417720229
2026-06-02 15:17:00,67.84835392457391,114.37353603298895,3.0287758142628536,1716.4163374913778,16.29265389919218
2026-06-02 15:18:00,69.26652466437282,113.24910995918697,2.986516656323129,1679.556076183775,17.561289089916038
2026-06-02 15:19:00,69.95137707819319,111.70916506247417,2.8629977894455196,1699.3829610597893,16.668675206578698
2026-06-02 15:20:00,67.12830884330872,113.39920823376602,2.904105494400304,1696.8396158317516,16.752115887556705
2026-06-02 15:21:00,66.45354614041197,111.93394174006981,3.1504307512076117,1651.7037366472427,16.358274831369005
2026-06-02 15:22:00,66.79038014008735,112.86043697160054,2.6616395732305405,1682.923288719372,16.4242515042035
2026-06-02 15:23:00,68.08159978730278,114.27324370927938,3.038572127539209,1678.1396064061696,17.360397666420194
2026-06-02 15:24:00,68.21188694797323,114.69512107054362,3.159140441919099,1704.7542796812702,17.532272979842936
2026-06-02 15:25:00,69.89421667193105,116.5040161768007,3.038439108640348,1716.4087607334077,17.044061865506833
2026-06-02 15:26:00,68.35863180399038,114.74160477581951,3.2397783652494256,1683.6572004530203,18.163896305078566
2026-06-02 15:27:00,67.31285940258881,115.99668895699175,3.0544898948622228,1677.5736492602846,16.84615340624902
2026-06-02 15:28:00,68.38021894751299,114.41119126503129,2.9611534890768803,1718.4744099519796,16.800462481816773
2026-06-02 15:29:00,68.08843790953173,115.35348609636524,2.866699766530597,1676.668717361499,16.751063875230937
2026-06-02 15:30:00,67.27978594578464,113.0490888843477,2.9590515577633294,1659.5852633822217,16.41799236552011
2026-06-02 15:31:00,66.86829356317432,112.44505495090883,3.017883360755146,1703.7897931907346,16.653987730400075
2026-06-02 15:32:00,66.43882504841346,113.22886148126743,2.918365953669274,1682.8086749162426,17.224498368506122
2026-06-02 15:33:00,68.06369651019712,114.26174947088666,2.8403088691266647,1694.5963636878434,17.36644538216269
2026-06-02 15:34:00,69.12519170752839,112.93401485738025,2.731886967978118,1715.9766649916849,17.3601435129374
2026-06-02 15:35:00,66.62353316268356,111.85718729266198,2.8983815796089454,1653.069423502854,16.24244830052565
2026-06-02 15:36:00,68.09524367516147,114.43801313364123,2.707139762348519,1682.9055016903656,17.204707580407987
2026-06-02 15:37:00,66.36476623009445,112.36645587168461,2.834130761322793,1662.428400304893,16.9086695047039
2026-06-02 15:38:00,68.31223270038076,111.9514256920546,2.554679998021594,1688.9159655980889,17.069488855466847
2026-06-02 15:39:00,66.41189789455865,112.40252292032773,3.0415545299101767,1675.0252951701243,16.529002873784247
2026-06-02 15:40:00,66.12467630989647,113.40793414890528,3.0857177220304237,1664.9280793122332,16.429087174393416
2026-06-02 15:41:00,67.56215383693902,112.81552883830474,2.9454843268808437,1697.7125853980642,17.21797119729271
2026-06-02 15:42:00,68.17149523669148,113.03024336957895,3.1616489383497144,1677.5409534598873,17.00111203617124
2026-06-02 15:43:00,68.72833760355991,114.32554427515795,3.1091087534206348,1662.6256709900506,16.555183127840863
2026-06-02 15:44:00,67.56232048760486,114.65098667133867,3.002744858278925,1668.2999552477575,17.224441583953617
2026-06-02 15:45:00,66.59778108332735,112.77557905803569,2.8875891891260252,1684.0313916276077,17.264034878991982
2026-06-02 15:46:00,65.22076887578868,111.70179934967152,2.8320255657753965,1651.8254492489073,16.488545516436552
2026-06-02 15:47:00,67.95469931882683,113.25538921102634,3.014116152434357,1689.360762281651,16.397543633566784
2026-06-02 15:48:00,68.28745527601914,114.86569630895458,2.9174108096801454,1707.8123199234221,16.513945029762656
2026-06-02 15:49:00,68.08153083987855,114.791978393114,2.9972307247993184,1693.005143333944,16.591862376273248
2026-06-02 15:50:00,67.02188431413975,113.57012705697983,2.969811985524248,1665.9389122202751,16.39492403886823
2026-06-02 15:51:00,67.72846084877567,115.3849224526482,2.8951097255920573,1690.0244266265295,16.95714406930056
2026-06-02 15:52:00,66.90474528248657,115.3050040348827,3.046365305099412,1657.6258437133408,16.608653447511188
2026-06-02 15:53:00,67.07371179684498,113.23723793180568,2.8868580744915446,1686.2724104180143,16.79961134050629
2026-06-02 15:54:00,67.33923523878097,115.23867651082999,2.9001874893665462,1674.4945985489323,16.99909429469211
2026-06-02 15:55:00,66.33357515397334,113.0570209833104,2.7446833371687114,1662.672134302969,16.380530755030737
2026-06-02 15:56:00,67.5309189004194,114.805494480535,2.864852559339256,1690.4447644570564,17.296707779307546
2026-06-02 15:57:00,67.61460329186757,114.50618807822696,3.2341231761176212,1652.416572579886,17.20397690509263
2026-06-02 15:58:00,67.0836304689996,111.14182368111862,2.7658949336175858,1662.4033921927833,17.103869740954867
2026-06-02 15:59:00,68.39734722584339,112.7213851637458,2.991047369099979,1669.0943856659696,16.676626769820558
2026-06-02 16:00:00,65.87796290448283,112.10159558121326,2.8363023992156946,1673.3231010632112,16.737001225539757
2026-06-02 16:01:00,67.13158510495892,111.85330260181676,2.6006987107571313,1706.046849218906,17.28501689600304
2026-06-02 16:02:00,67.34158907272396,114.83399638585799,3.002433457211906,1695.0314767888658,16.809443532506762
2026-06-02 16:03:00,65.80936694468517,115.96451505355598,2.8153806163197337,1681.339531975224,16.461334443013897
2026-06-02 16:04:00,66.53108533663867,113.11908146850236,2.9430754140606155,1679.916307541551,16.418439183784226
2026-06-02 16:05:00,66.08161771738698,114.21564897516416,3.0278352428340813,1675.6991256257731,16.319107143271538
2026-06-02 16:06:00,68.58573559806754,115.550544665596,2.953122709919353,1704.1639647076047,16.420122458096756
2026-06-02 16:07:00,67.2586022188662,113.82228566873583,2.954064002120109,1653.7285076279666,17.93428533927098
2026-06-02 16:08:00,66.75138356543621,112.9335442743945,2.7340703415817758,1684.4256366048828,15.701032292374997
2026-06-02 16:09:00,67.26494793899701,113.21697856868411,3.0068107429270015,1672.5344752864034,16.36358582017903
2026-06-02 16:10:00,66.36981326592671,114.04424420010214,2.864825634028538,1686.200501993862,16.937996090300224
2026-06-02 16:11:00,68.3853285770424,115.1888104254617,2.64284754659976,1696.1390069837291,16.79702846825448
2026-06-02 16:12:00,66.88885432744465,113.70682251739647,3.0009304396500864,1686.3674291983511,16.435643439136836
2026-06-02 16:13:00,67.41097375108022,113.74108203594331,3.0518225176040823,1700.1297304044824,16.772138802243575
2026-06-02 16:14:00,67.8753306507098,113.92914586907912,3.1548743250356823,1665.9756597240835,17.408236264771745
2026-06-02 16:15:00,66.80543115479796,112.15017440485283,3.263071439356944,1702.571268323333,16.921492203793854
2026-06-02 16:16:00,65.4823862919296,114.50557371544147,3.011251118739734,1678.086364265683,17.082968248093604
2026-06-02 16:17:00,66.65752370025338,111.91777675063562,2.9743842772768443,1672.544852522665,16.050695386695235
2026-06-02 16:18:00,65.79166418396402,114.57425546294418,3.0857983407893403,1714.9196677147816,16.673105651551573
2026-06-02 16:19:00,67.32645825805918,113.8520713227264,2.729963217513374,1683.1311664948919,16.670521235810458
2026-06-02 16:20:00,66.6419070133065,111.71366168870449,2.6213499329344963,1668.1710011023165,17.330366354793885
2026-06-02 16:21:00,66.59859683041653,112.82420427028099,2.832019693324814,1695.07388781679,16.390625878068075
2026-06-02 16:22:00,67.31233245184082,116.6457947251916,3.1315883108378806,1687.3094597215043,16.593435739785335
2026-06-02 16:23:00,67.82577109314957,113.4062592227411,2.8009443240512897,1673.5285660169268,16.887379782865576
2026-06-02 16:24:00,66.42901597759248,112.19570644053522,2.980505778219311,1673.0415313668288,16.85125378541234
2026-06-02 16:25:00,67.11975771529922,114.92822465074569,3.017139232946658,1690.7973751447216,16.696211588575615
2026-06-02 16:26:00,67.90019386479015,113.32926506171793,2.9870714578433377,1680.8782576636709,16.64156240056668
2026-06-02 16:27:00,66.98878721732378,111.14412981588724,2.704939056246878,1681.6482152751805,16.518822249676894
2026-06-02 16:28:00,67.72502135672055,114.23791516035706,2.9590186420969147,1694.8277941978279,17.01559079933941
2026-06-02 16:29:00,69.28076800452688,113.06337372995742,2.8809879876976083,1690.5018682185234,16.94837716435726
2026-06-02 16:30:00,67.15101887650864,113.54294692934258,3.1325972400758864,1705.081128136298,17.047225393204922
2026-06-02 16:31:00,67.84054609766739,112.94473551941695,3.098529340449602,1685.7976076734833,16.90557288509761
2026-06-02 16:32:00,67.42387669588796,114.15237459156506,2.8289713425089804,1697.6186394995798,16.892466770060462
2026-06-02 16:33:00,66.73825507046503,113.85772537035018,3.174028963828566,1696.4781296732626,16.930153226721053
2026-06-02 16:34:00,65.6064830560442,110.4245376270561,2.9536625736475712,1703.3006910839558,16.604327040282683
2026-06-02 16:35:00,66.09226457436246,113.77299976471095,2.6368935013413735,1707.1093573936157,16.990539457252897
2026-06-02 16:36:00,65.9643891524924,112.95702118784025,2.875234126376159,1650.975928730224,16.165435307966288
2026-06-02 16:37:00,66.85485333205487,115.38028266537609,3.1573064555108146,1686.380417696045,16.618682573160612
2026-06-02 16:38:00,67.0198072457589,114.36790293339524,2.8032677922161247,1683.5706836337088,16.78127019658685
2026-06-02 16:39:00,66.73869660825568,114.46118154766334,2.893350156573622,1682.388724413289,16.92951154265038
2026-06-02 16:40:00,67.71900380415707,112.75884605521598,2.7034560534315033,1675.5256010266178,17.058078588950558
2026-06-02 16:41:00,68.89138207613557,112.8115068960212,2.737135934819912,1675.3093272022593,16.55372225793103
2026-06-02 16:42:00,65.20882708350847,113.26377293418517,2.7611675138449305,1660.7668780545857,16.264837766068787
2026-06-02 16:43:00,66.5813607423488,113.37303486978207,2.736275211410259,1685.53773882965,16.93431680789149
2026-06-02 16:44:00,67.02189312445537,115.43313592837104,2.829093891675895,1698.3772324271322,16.298703085536367
2026-06-02 16:45:00,69.33397889271421,114.17670982491448,3.2181220057006525,1684.0704716606047,17.583480664108002
2026-06-02 16:46:00,66.76540856566722,111.99489716004236,2.8922346657683247,1674.6014974212562,16.642809060643078
2026-06-02 16:47:00,66.29676616191058,112.44492967377035,3.013696706483265,1668.7025993606583,16.251197238981607
2026-06-02 16:48:00,68.18159638022311,114.9621662885662,3.0840090183381728,1669.139474273967,16.426322176062047
2026-06-02 16:49:00,68.39938731549103,113.61642873809322,2.7548770336831434,1680.6863446151103,17.033822557013913
2026-06-02 16:50:00,66.80278888819038,113.14404430632493,2.7691996999937514,1683.9335597019292,16.818879001298313
2026-06-02 16:51:00,66.24006717917398,114.71874636329656,3.0113075611348097,1698.147142409692,16.41588685007828
2026-06-02 16:52:00,67.67198788883003,112.63016629088222,2.8200496903410253,1665.1568808418242,16.818391806167583
2026-06-02 16:53:00,66.4441208063827,110.63315612845959,2.9926292548485205,1677.0824663513326,16.20600149111333
2026-06-02 16:54:00,66.68440980755804,112.41517022566524,3.1475057099085277,1696.8535189277216,16.61593913790653
2026-06-02 16:55:00,66.76368592238181,113.87730995488725,2.687479436797166,1663.474804797352,17.383618411895082
2026-06-02 16:56:00,68.45376472093606,113.55747523713349,2.870252479676092,1703.7637675618437,17.780668836346752
2026-06-02 16:57:00,66.94977930199278,111.50242201636435,2.8619217981244036,1671.7481931265816,16.60276473871444
2026-06-02 16:58:00,66.83223866866743,114.22111041919972,2.787834297777961,1684.027929925219,16.673656407789416
2026-06-02 16:59:00,67.02474046438513,113.17403610930266,2.773993217266922,1669.7668652145437,16.645854112075572
2026-06-02 17:00:00,66.71375929620243,113.64010497421074,2.8044010338247167,1682.5250592629202,15.89822956663238
2026-06-02 17:01:00,65.90577986043007,113.65901308790914,2.874744442850335,1699.5420122342637,16.117798020857162
2026-06-02 17:02:00,67.83505160946956,111.943166216827,2.9248257410348484,1678.197392541001,15.824441198063223
2026-06-02 17:03:00,66.75151094054385,113.55294428907598,3.0223109323538195,1690.8073621699102,16.774374213239565
2026-06-02 17:04:00,68.7501540667254,114.42267446248205,2.885147527854476,1681.9026227462589,17.44501856744222
2026-06-02 17:05:00,66.86960457036673,114.67913340623028,3.055110317414179,1665.6865192469581,17.081715186460734
2026-06-02 17:06:00,67.37673595350944,114.27480875116463,2.8051828392310316,1676.606761979079,16.72244614487859
2026-06-02 17:07:00,68.10570393656936,114.5524380020767,2.7489077351426747,1682.7008657992776,16.929747891962112
2026-06-02 17:08:00,67.39477948580812,111.65212366192681,2.870088840148299,1661.9832534585466,16.727567014099915
2026-06-02 17:09:00,66.87661744797,113.52390376048707,2.9721622544404673,1687.4432452524402,17.19477985117532
2026-06-02 17:10:00,67.02989128601855,112.24935888582212,3.022219879148104,1688.499544001543,16.78488698389792
2026-06-02 17:11:00,67.22530768808925,114.94278500165471,3.1126472740646527,1690.9083096323882,16.72707582142126
2026-06-02 17:12:00,68.1857153994853,114.98755793073734,2.952270214923211,1703.1948816328636,16.374240027478386
2026-06-02 17:13:00,67.66044547320062,112.56604794041458,3.026732735093662,1697.0646482278644,17.09377186817864
2026-06-02 17:14:00,66.14534404213697,113.20265387079135,3.0891720845231236,1667.725637951622,16.568920124472214
2026-06-02 17:15:00,66.81804941487965,113.83797763828795,2.785764052351173,1674.6772064204276,16.92867065529712
2026-06-02 17:16:00,64.77779715413665,113.99902286321642,2.8296837403733353,1684.8223479522064,16.858667335481346
2026-06-02 17:17:00,68.50864815218368,111.57909663882198,3.3216262174908042,1687.0434667497186,16.14096754375395
2026-06-02 17:18:00,67.07458593166668,111.10221563463651,3.045375835428165,1683.1161105361873,16.75863752164564
2026-06-02 17:19:00,67.65378909904292,113.48569657847528,2.9725996040022094,1666.0781011150782,16.543712604778893
2026-06-02 17:20:00,68.35673362460147,111.03004628247321,3.07190339127044,1679.6091911539588,16.822372563197845
2026-06-02 17:21:00,66.75757421903566,113.44758126895654,2.683468053299568,1685.506066189855,16.181891310574564
2026-06-02 17:22:00,67.07764914435239,114.29645305058443,2.808696283865092,1651.8813398452946,16.501893374744935
2026-06-02 17:23:00,66.38727694141839,114.9920539161532,2.748739186488951,1645.0172318734049,16.314998796997664
2026-06-02 17:24:00,66.20192805735496,112.74129628736708,2.962016460547993,1690.2457033810113,17.074154279621176
2026-06-02 17:25:00,68.34909447883781,113.67657905925911,2.8435324958565875,1671.773275995153,16.892546753797312
2026-06-02 17:26:00,67.18838429098973,114.33041952155236,2.917548787633561,1687.6761621144694,16.897535280729688
2026-06-02 17:27:00,68.44003528256933,112.35904653271237,2.871341599092483,1707.2488911806577,16.114164517303436
2026-06-02 17:28:00,68.96376308565634,115.02633612507198,2.684567028728493,1670.5095966069928,17.743496793224292
2026-06-02 17:29:00,66.69737461705749,113.84223687084162,3.033614870944332,1655.1297833496963,16.593101729068934
2026-06-02 17:30:00,67.85365967192382,113.0308919327438,2.65283236973536,1679.286402315452,17.576566205369083
2026-06-02 17:31:00,66.63893360359386,113.47111917827111,2.7776171552159963,1667.0808316051825,16.950384067609548
2026-06-02 17:32:00,66.55616377429826,113.57376602614019,2.7187436518921757,1682.8325136726078,16.77781819521797
2026-06-02 17:33:00,66.41521573411562,114.21788859771695,2.753492148296933,1685.1611534305507,17.45818170360933
2026-06-02 17:34:00,68.1436856668145,113.40428808913524,2.9527347975770657,1689.3916167544721,17.14537220504932
2026-06-02 17:35:00,67.94499210776031,114.44461634793913,3.130060627816056,1689.6552143565143,16.994716404484986
2026-06-02 17:36:00,66.68330942481485,112.7264740487722,2.66395688436369,1695.4936070606218,16.579355700565856
2026-06-02 17:37:00,65.5608748664543,111.72437276895134,2.773071075613621,1681.3909498443984,16.83767359042899
2026-06-02 17:38:00,68.37419110999966,113.54832317276761,2.6271422775569913,1675.178793242486,16.45663788738044
2026-06-02 17:39:00,66.28447114816605,112.79973394850252,2.834245206074205,1694.5401314102357,16.786501475628206
2026-06-02 17:40:00,67.74457661716171,114.63232733870854,2.9222258762262725,1659.1041981434469,16.597035798627537
2026-06-02 17:41:00,66.95698038991002,114.29050486446842,3.0203833567966094,1697.0205729674017,16.48765543777511
2026-06-02 17:42:00,67.10192508557157,112.88908715857409,2.6026973357749683,1684.4291770761058,16.625825645454967
2026-06-02 17:43:00,67.0766209425256,113.90599727237311,2.992546823263698,1663.982617597032,17.533713065079397
2026-06-02 17:44:00,68.27184395675795,112.94533160044479,2.7787020973622383,1678.6700438112962,17.337516254314185
2026-06-02 17:45:00,68.13769631148884,111.85386335117418,2.7361739646300447,1699.283622134805,16.983650747590282
2026-06-02 17:46:00,68.06742957432438,113.24263773725184,2.940743683476314,1674.6092164827687,16.76065496145591
2026-06-02 17:47:00,68.094295691837,113.5496711242086,3.0014087002970253,1687.6263204946708,16.58447654949606
2026-06-02 17:48:00,68.56233343271312,114.39932398821257,2.903174024284478,1696.8301014445467,16.740167634671273
2026-06-02 17:49:00,67.47227935025417,113.58896521491124,2.730003023203974,1679.1610947455326,17.420376276606554
2026-06-02 17:50:00,66.20502488740125,114.41019896219338,2.8729188114392046,1664.6442952371551,21.634610071572077
2026-06-02 17:51:00,68.42192671489951,112.83578733206473,2.8254356691593476,1685.8839427960672,17.305608899374235
2026-06-02 17:52:00,67.53091085204719,113.11373709687358,2.994989882067779,1659.736114814507,16.86282159225663
2026-06-02 17:53:00,66.83182242009005,115.71540382562323,3.077447926928966,1675.8990169100477,16.516827525053895
2026-06-02 17:54:00,65.81972091847675,111.22033995331908,3.0542283664233882,1663.8933746484215,16.809842978764497
2026-06-02 17:55:00,65.03058403110866,112.78205709699296,2.885331209576608,1676.9550554332175,16.231868062371742
2026-06-02 17:56:00,67.06293104216999,112.21773058772496,3.0686339910203446,1661.0072869258588,17.229895706441905
2026-06-02 17:57:00,68.10028519983213,113.6964486288644,2.775581404604714,1686.9969762832136,16.666014361236172
2026-06-02 17:58:00,66.38783301325321,113.14529215276423,3.1785385590428903,1699.2147735919123,16.604558136835898
2026-06-02 17:59:00,66.80997052804062,113.70915885670786,2.711784177123599,1691.089270810098,16.81855747247923
2026-06-02 18:00:00,66.99262784549144,113.74205145431857,2.591177232315892,1660.4573782345763,16.438386509176986
2026-06-02 18:01:00,69.14896692539291,112.46796133043797,3.140462289206226,1677.137905150529,16.929729147314085
2026-06-02 18:02:00,67.16826480968439,112.73012356903385,2.78920770727619,1691.9370531311363,15.662882578069679
2026-06-02 18:03:00,65.06690294473415,112.9598444421679,2.8815098257836977,1683.3604528133758,16.350952943645964
2026-06-02 18:04:00,68.50291121641646,114.955400183739,2.78325500115417,1678.3472221923391,17.27178821616102
2026-06-02 18:05:00,67.94623798054563,116.62462225393989,3.2682121585893333,1675.4372857876401,16.601976829200837
2026-06-02 18:06:00,66.52092144107604,114.32286510163932,3.1719066608348228,1680.9607733942562,16.963466925670478
2026-06-02 18:07:00,65.62487418799273,112.17427438826093,3.1246013758783415,1651.0242689808358,16.688174018292713
2026-06-02 18:08:00,67.73147552826303,113.71300503192984,2.9349616164850776,1692.2215496952645,17.347943519006336
2026-06-02 18:09:00,65.87644714288916,113.55573285961162,3.0363423128339577,1694.0935568321427,16.375288496283844
2026-06-02 18:10:00,68.58851932041293,113.22263555056979,2.91510249678333,1678.775385532742,16.82633232429757
2026-06-02 18:11:00,67.00303066763843,114.22869537311131,3.0792892690250087,1660.90352822142,16.244330916065948
2026-06-02 18:12:00,68.53060143622334,110.84980776943377,2.843439280482033,1702.1953413518497,16.75089997590607
2026-06-02 18:13:00,65.39280693751425,114.20984648135826,3.1407767914115143,1683.9056640395595,16.604411724494643
2026-06-02 18:14:00,67.008451266022,112.87864248443638,2.8275563124361707,1689.9718261937815,17.109200654643484
2026-06-02 18:15:00,68.7773214144908,113.68525737317024,2.8690332744315286,1664.408392836414,16.658557731161245
2026-06-02 18:16:00,65.77585869724959,115.00291860181152,2.812957392128203,1656.8251257190866,16.45253400303667
2026-06-02 18:17:00,65.90773362010178,111.503726573571,2.8967043336609497,1679.7791139052988,16.238701522442547
2026-06-02 18:18:00,67.05548350104488,114.01621917059265,2.8543676926456585,1697.9328874449532,16.855343835200703
2026-06-02 18:19:00,66.84203237562518,114.64722913948124,2.986056551692611,1665.655069554096,17.64266753592556
2026-06-02 18:20:00,67.49525871012324,113.85418404855947,2.837837305730858,1680.470037311427,15.425803703539154
2026-06-02 18:21:00,66.22088495824755,111.6915803528992,3.027192352812499,1657.9064721480795,16.795176617799946
2026-06-02 18:22:00,66.73271215283175,115.03121954170956,3.1218046253128153,1668.2865021748778,17.175127691044324
2026-06-02 18:23:00,67.90037945802624,113.49016717345165,2.9278848738318763,1679.3952014722984,16.666076527625155
2026-06-02 18:24:00,66.81702446873314,112.86150069882758,3.232385913143559,1687.2594081754983,16.958073544988853
2026-06-02 18:25:00,65.92539948885532,112.99020196579046,3.0599814963922194,1646.5837841184984,17.152340918675346
2026-06-02 18:26:00,67.6562979644982,112.9574991536018,3.215140464953468,1698.6869755153841,16.597567616300058
2026-06-02 18:27:00,68.8173840176942,112.68837361690063,2.9319261092222484,1685.66295356314,16.7972664893342
2026-06-02 18:28:00,65.14842615880578,113.18862865121717,2.616826983152469,1692.6249838956176,16.869509229053392
2026-06-02 18:29:00,66.28857196152029,112.94524939727236,2.8048746834788365,1692.6395138939579,17.029112976523955
2026-06-02 18:30:00,65.25665962650929,113.81416550623197,2.7766528017850547,1686.239165877516,16.479602039675026
2026-06-02 18:31:00,67.39868083723533,114.102345744761,2.755794926180546,1710.0541928865016,16.98511467785179
2026-06-02 18:32:00,66.98947762185281,115.33531294545796,2.5629149464779104,1666.7359097558397,17.07638751340909
2026-06-02 18:33:00,66.41209503148963,112.63605465871932,3.013031306491274,1673.898510164178,16.42379922589306
2026-06-02 18:34:00,67.00545478973402,112.66928778083347,2.6298762912078217,1666.9152104490813,16.938776855011984
2026-06-02 18:35:00,66.06710524128131,111.63975551345744,3.0328949802854264,1677.1794784244664,16.910710245886747
2026-06-02 18:36:00,66.51248836340945,115.5207176496287,3.187079534509739,1682.6508275048536,16.259605692874466
2026-06-02 18:37:00,67.09999294402292,114.56590547321129,2.801341734306308,1700.5283893477642,17.360876766305797
2026-06-02 18:38:00,68.05138534686485,113.12016954567508,2.9882071370761607,1680.2804182925133,16.563174036792194
2026-06-02 18:39:00,66.69746655691142,116.00048932122242,2.871452037245915,1668.1775807487654,16.931851559414927
2026-06-02 18:40:00,66.80510226589601,115.25787016334037,3.032759745528025,1682.8392609653051,17.122239616367843
2026-06-02 18:41:00,67.88302984696061,111.91622339215753,2.723355475031143,1667.7208991525033,16.346306518276258
2026-06-02 18:42:00,67.27410959650972,113.01939477482203,2.9084689797229415,1676.9793221833525,17.310313943843074
2026-06-02 18:43:00,68.71368201518872,113.87224966482133,3.103579671494038,1697.1565168916152,17.091637326206918
2026-06-02 18:44:00,65.87044391443183,112.58352772048883,2.9171780762385664,1692.1861759260723,17.463886397791516
2026-06-02 18:45:00,66.04520826973788,113.13046544323319,2.6387965667516804,1689.1311788554692,16.868294383480993
2026-06-02 18:46:00,67.04394908136396,114.44487073476098,3.0922824391598143,1676.1486053120243,16.730148006017483
2026-06-02 18:47:00,68.72060551179503,112.0153736045738,2.716489389082417,1697.3117612652436,16.92428527382025
2026-06-02 18:48:00,65.04453671243668,113.34149416579285,2.877803022030408,1673.4138112316455,16.60195589793295
2026-06-02 18:49:00,67.8867177127421,115.07715910871146,2.999060747074999,1678.0704889987796,17.646792257851708
2026-06-02 18:50:00,69.28045249922687,114.69771782423854,2.9658077835428682,1673.0840083403596,17.142603003407977
2026-06-02 18:51:00,66.88074302015951,113.63822774324136,3.2958800625902023,1651.7038690852053,16.809286086771905
2026-06-02 18:52:00,67.6621184954912,113.17874671576317,3.0421032668111034,1662.947335262144,16.91204679839811
2026-06-02 18:53:00,67.3029140817454,114.59181577786717,2.8759678506444772,1684.4960074116557,16.87294515027082
2026-06-02 18:54:00,65.85377127066265,112.1071754877507,2.9916980771702453,1666.646929622773,16.306014830444262
2026-06-02 18:55:00,66.95065405511971,113.94871848561854,2.941982915111397,1657.4192927586598,16.67557848356437
2026-06-02 18:56:00,67.62050646513848,113.33042729585465,2.8933093063035025,1671.0401486887474,16.245050162993373
2026-06-02 18:57:00,66.93216600723063,114.6077543107212,2.9203694843445454,1680.9569816066394,16.275924752369153
2026-06-02 18:58:00,67.7299387815807,113.22837139330098,2.8633982807937604,1691.928306939344,17.285475019115825
2026-06-02 18:59:00,68.01272547844727,113.36385082021731,2.9626775025104215,1685.7153980211942,16.9910753588256
2026-06-02 19:00:00,66.9722830242042,111.76354152113248,2.8077616203359623,1675.8041398979803,16.330147038453685
2026-06-02 19:01:00,68.30436542957398,114.36795978514343,2.638451805034549,1676.5001058441949,16.86149687600117
2026-06-02 19:02:00,66.61180133710724,113.01988731586655,3.0729278467814227,1689.888137595986,16.665812080320727
2026-06-02 19:03:00,68.54429618995705,112.62377094494283,2.825733473729253,1679.4579108924313,16.850206758457524
2026-06-02 19:04:00,68.4454246568098,112.7759935279103,2.934286258794789,1681.4706559485423,16.245244789442147
2026-06-02 19:05:00,68.25826682199937,114.5027569546139,2.809818664446974,1700.344083622022,16.492610709557866
2026-06-02 19:06:00,66.49880382383662,112.26303325858899,2.796236966223153,1693.0329795458051,16.216708674909285
2026-06-02 19:07:00,67.15720398935025,112.76969239940773,2.7765977332352216,1683.716242094937,16.633508139850736
2026-06-02 19:08:00,67.05545039868957,114.73400042860429,3.0528023248799196,1677.2057078573616,16.54009455618865
2026-06-02 19:09:00,67.55806280822569,113.55538067405972,3.095439930612797,1678.373766776847,16.463544181111395
2026-06-02 19:10:00,65.22409810038572,114.46597989959766,2.891853237779273,1647.2736135899327,16.965489360687407
2026-06-02 19:11:00,68.83376251432927,113.78777702537553,2.8674349407350292,1706.04016567064,17.845481516961748
2026-06-02 19:12:00,68.45869521611628,113.71301162324279,2.6603303371819056,1672.586059912949,17.187414002226287
2026-06-02 19:13:00,68.03988038846613,113.97690966462417,3.038604713512488,1696.677271016118,16.66851561707725
2026-06-02 19:14:00,65.6492753054111,114.75980229440343,2.7715203578812546,1675.2246080872346,16.631604307654072
2026-06-02 19:15:00,66.03006567974683,114.89984159028593,2.7212638457235734,1698.6455951018804,16.63983190988469
2026-06-02 19:16:00,68.14605636129255,115.33697168880744,2.9345953294240745,1693.9834377359814,16.73301554802153
2026-06-02 19:17:00,67.21722463752667,112.91535116097613,2.861210066656521,1695.9476308188566,17.364853711558066
2026-06-02 19:18:00,66.37824062523084,111.8277083596532,2.6397521262863224,1664.6108847242242,17.30883715829587
2026-06-02 19:19:00,68.28082300970568,114.81267271148367,2.7195401069633447,1666.0485007158497,16.361857752607815
2026-06-02 19:20:00,67.72816487814637,115.07943787027631,2.945636557749524,1681.2439064437808,17.289770014733122
2026-06-02 19:21:00,67.12651744061496,115.41149057042178,2.836053505792616,1658.1236665820697,16.771661569391096
2026-06-02 19:22:00,67.31457718337204,113.5843001213464,2.981114853707543,1673.895919481701,16.679393257204776
2026-06-02 19:23:00,67.02663837938522,114.53207944512612,2.932560308723318,1664.274630292471,16.942425626497133
2026-06-02 19:24:00,67.8277234325151,114.84778091753384,3.087352343867548,1673.4493219195072,17.595720910162964
2026-06-02 19:25:00,67.3570076917738,113.51147165447468,2.7640275910571352,1686.7052634896172,16.77886987105401
2026-06-02 19:26:00,67.39153990979456,113.53736795536118,2.9220089811708703,1685.3697583273904,16.81824277110426
2026-06-02 19:27:00,68.2144272094523,113.66567054873605,2.9989302647859395,1678.2084143053814,17.115264830196033
2026-06-02 19:28:00,68.05522431636699,112.9116602181015,2.829892447650268,1689.5651423836373,17.33314444186316
2026-06-02 19:29:00,66.33683870377456,112.38916314312246,3.0499088928913918,1668.0553425761286,16.81066683265183
2026-06-02 19:30:00,66.02523786697236,112.27198188745477,2.624309701013892,1711.2501897272432,16.963821879260383
2026-06-02 19:31:00,66.33982563929918,111.94473068846845,2.7993131718268844,1689.3634264314646,16.69275112104791
2026-06-02 19:32:00,67.94848648802136,113.60978113886934,2.640336782732879,1670.3231581205362,16.02538223373406
2026-06-02 19:33:00,66.7507720307726,113.4554573334955,2.789895112728073,1693.1857711343346,17.48207194200407
2026-06-02 19:34:00,66.53945118368286,113.98172373066072,2.847970176206606,1692.8343483699596,16.118609312392863
2026-06-02 19:35:00,67.38987519462442,114.93619972659016,3.019614373654951,1667.364569474491,16.49813123229922
2026-06-02 19:36:00,66.2585708418534,115.21656486236259,2.8852005577163085,1660.4204181648502,16.681094886208868
2026-06-02 19:37:00,67.08426346987476,115.61362884189293,2.8381252949616154,1667.179462287094,16.754179620616462
2026-06-02 19:38:00,68.04499401327398,112.49519181106798,2.6611958501599515,1668.6665130609063,16.411385631842283
2026-06-02 19:39:00,68.5023445632111,112.41664694174754,2.7602064082108897,1687.6526110824304,17.252932927160444
2026-06-02 19:40:00,66.40587449294335,114.55206380586961,2.942208993389519,1654.6986690033448,16.907277189388946
2026-06-02 19:41:00,66.77570187378376,115.09694986718397,3.0281108636004404,1672.904826214561,16.967169655293667
2026-06-02 19:42:00,69.08364820195537,115.97452027569706,2.877605330972228,1684.978662960339,17.276544614997384
2026-06-02 19:43:00,68.17223295723802,114.29438613835613,3.095811557538712,1687.704774608726,16.68952270826704
2026-06-02 19:44:00,65.79953761390384,111.09015677472343,2.7565924909279786,1688.992754289147,16.575770376844886
2026-06-02 19:45:00,68.52372897163109,114.0468823044671,2.848628970402691,1687.4651648895197,17.25175279590696
2026-06-02 19:46:00,68.8999594865181,114.73004957235086,2.8916461984235386,1714.396206420564,16.823206195093935
2026-06-02 19:47:00,68.07880466206872,115.6028824562813,3.169438230297063,1704.4170830908095,16.833695732020384
2026-06-02 19:48:00,65.88352656540337,115.13400669271626,2.914612353015901,1682.242127368873,17.081025167115016
2026-06-02 19:49:00,68.15069520154407,114.74530422881007,2.6404846912611912,1667.4926073362603,16.819438537100748
2026-06-02 19:50:00,67.77420359730156,112.9917961205779,3.055850199024381,1672.4879489231819,16.646238783846286
2026-06-02 19:51:00,65.58705431883871,112.14170573318727,3.168665570537547,1656.9253038419065,16.49007662308143
2026-06-02 19:52:00,67.13208372954652,114.29962647709618,2.873130431345904,1684.4184800099376,17.27899795962439
2026-06-02 19:53:00,69.86145985588885,112.72936261831676,2.7774550346315627,1687.3739091988436,17.07453986333554
2026-06-02 19:54:00,68.06087575530768,115.79400170289891,3.0645610905152,1700.3781877306803,17.106532863080112
2026-06-02 19:55:00,67.50069827439567,112.00166665010978,3.23111552050311,1691.3049394223988,16.557032986946666
2026-06-02 19:56:00,66.3718179393211,114.26957155465679,3.0332636044118177,1697.0006001415547,16.89096903000089
2026-06-02 19:57:00,68.67181927920866,114.01051201592355,2.6650203833961132,1697.8117527117904,16.728417080753637
2026-06-02 19:58:00,68.46571588507582,113.64563414566945,3.0394525487529847,1669.82861485361,16.581898828477023
2026-06-02 19:59:00,68.17024177831016,112.41200571442249,2.9621074577390982,1672.5243200092593,16.520434847987996
2026-06-02 20:00:00,67.95365610696285,111.40342237691289,2.78197571414042,1684.8684756120551,17.217239739569937
2026-06-02 20:01:00,68.3589649802315,113.04016037269542,3.1051809966245703,1671.7805437421925,17.335906494617266
2026-06-02 20:02:00,66.15481706039391,112.80007686853534,2.960201784717948,1675.2399728610135,16.28540494930552
2026-06-02 20:03:00,66.9777515224999,114.75792335950207,3.0921664134771514,1683.5034036069733,16.339412228379175
2026-06-02 20:04:00,68.52637612749052,113.20893989182001,2.7840030213333296,1686.798743910382,17.351837325144732
2026-06-02 20:05:00,68.44736904599536,114.21403048652414,2.971197045004593,1682.2807163975124,16.6716756956405
2026-06-02 20:06:00,68.68136639538908,112.66245821750819,2.813278852681805,1675.3690302796977,17.327673799280984
2026-06-02 20:07:00,66.64035217519539,114.14667861719249,2.941842099059487,1688.535042017861,16.616133183837533
2026-06-02 20:08:00,67.68183790334592,111.1300489934832,3.1426031119452214,1690.7027842648035,17.13844251518847
2026-06-02 20:09:00,67.55729200673082,116.96356669786634,2.7493180925455767,1681.218645035884,16.675113119900026
2026-06-02 20:10:00,64.97861862914716,113.24841577572425,2.689162946268568,1659.504212946804,16.928580249756518
2026-06-02 20:11:00,67.00326735725359,109.81569626130467,3.0212610101862,1694.041632725343,15.744853644954805
2026-06-02 20:12:00,67.95614726589099,113.26667181679618,2.939746329591785,1714.5955799014623,17.434115787167457
2026-06-02 20:13:00,66.78592223003666,112.4467333549074,3.075524686230245,1683.487684661153,16.735156327977258
2026-06-02 20:14:00,68.15067605882804,112.95597759942781,2.7951045742667335,1677.81418401828,17.047972658649847
2026-06-02 20:15:00,68.27164854485709,113.13945044345209,2.9128132634781214,1696.7211051029083,16.883358360473203
2026-06-02 20:16:00,68.10137531477012,113.04175189146332,3.0256788213508905,1691.5471502234172,16.236107478140422
2026-06-02 20:17:00,68.49236729248123,112.49526002167164,2.9298603294496024,1676.5054534380206,17.284208271408634
2026-06-02 20:18:00,67.82180868864978,112.31940914830336,2.6456764800807986,1697.3188337527681,16.988708742748155
2026-06-02 20:19:00,68.04671915297142,114.88862149977342,3.3502213511697567,1673.2218250308822,17.253768533839157
2026-06-02 20:20:00,67.12986959337215,114.91014200596773,2.929767290130993,1669.221647820289,16.41470296152155
2026-06-02 20:21:00,66.10162846702055,113.25952387048017,2.703271601060437,1686.321309129625,16.878816414272762
2026-06-02 20:22:00,68.11402262928402,113.65344789234723,2.9587707753734334,1684.041779492381,16.313346753470217
2026-06-02 20:23:00,64.75161597755697,112.0023973645535,2.954638049634898,1687.6124439610287,16.736687875785638
2026-06-02 20:24:00,66.85041014137529,113.74493105160167,3.059735617093825,1700.029380000734,16.454027046410932
2026-06-02 20:25:00,67.67028839159337,114.10192857015423,3.0608032055301426,1661.0595575758696,18.91588012054842
2026-06-02 20:26:00,66.71689019446461,113.41107169494106,2.879546653297031,1682.9089437053779,17.079238632828275
2026-06-02 20:27:00,67.07200792770952,114.19199630640723,2.656135135576858,1711.4056239460103,17.390697159129918
2026-06-02 20:28:00,69.06365292029595,114.16652677211832,2.988942870347726,1674.9993777611144,16.798203369293983
2026-06-02 20:29:00,68.10176702356209,112.34430669055968,2.660922522348433,1670.73576984494,16.964238622062606
2026-06-02 20:30:00,67.48591537400102,115.44894577579795,3.116772607766051,1653.2823736163436,17.370781579359797
2026-06-02 20:31:00,68.11386494487164,113.99558356502928,2.8397369102943983,1691.4563470035703,16.693276620134867
2026-06-02 20:32:00,66.33573634502109,115.68935567423166,3.0071553669937456,1691.0913905744198,16.570302670349804
2026-06-02 20:33:00,68.4991631750493,114.47208878042527,2.8327469497649003,1694.9127676572007,17.37279344702838
2026-06-02 20:34:00,67.3086112758536,116.11932237453719,9.054844032958282,1667.8335994404868,16.78988053809382
2026-06-02 20:35:00,66.3064657810288,115.35014248203996,2.8091758261023503,1685.733554527708,16.670844916948553
2026-06-02 20:36:00,68.68865670779908,114.57664247094456,3.061013223522473,1694.0433908666037,16.89961822614922
2026-06-02 20:37:00,68.33320090044576,113.1232806568386,2.839531879344208,1687.3284004578597,16.5065150548602
2026-06-02 20:38:00,67.39159030509107,112.46865779355213,3.0026490641137062,1661.0517826762944,15.871531399516275
2026-06-02 20:39:00,67.90718804698636,114.62257708330291,2.8429171756123797,1687.5987587605284,16.31301567490247
2026-06-02 20:40:00,68.14344798639937,114.39254375886334,2.913340092678479,1677.392094897335,17.128677630745592
2026-06-02 20:41:00,69.16635663304518,113.08184096113747,2.924579570615671,1655.7703535062424,17.16298275615008
2026-06-02 20:42:00,68.32143191175025,115.15775343056735,2.966945340449604,1698.9940168321546,18.086614686937494
2026-06-02 20:43:00,67.88888518743504,113.70314345750559,2.7718105405555886,1684.188776093821,16.811754872670882
2026-06-02 20:44:00,66.41291604891731,114.42908566017003,3.0003894061824807,1687.8420806571212,16.199152858032498
2026-06-02 20:45:00,68.38110971017132,112.74402691438945,2.886938518737345,1677.5110605712339,16.94591052313578
2026-06-02 20:46:00,65.53474361126192,114.5489894042024,2.971560004102,1687.3931084246951,16.955984090087828
2026-06-02 20:47:00,67.24831123050384,114.4101773167561,2.9181646017790444,1699.451690971982,17.31656349275409
2026-06-02 20:48:00,67.57605148961427,86.29020883949632,3.0393904477689055,1716.5943061573926,17.508915286917553
2026-06-02 20:49:00,66.14950921659617,114.48966053790548,2.826081666939369,1689.7644135264188,16.887481905102018
2026-06-02 20:50:00,68.02084594420614,113.40829087516114,2.7822426169195538,1685.908310790135,16.793235024937935
2026-06-02 20:51:00,66.68795241315303,113.39045711352601,2.969955839319038,1660.4871641234838,17.089177883498454
2026-06-02 20:52:00,68.34255187969518,116.02361068076709,2.8515381572739753,1683.5217680901917,16.468058380505305
2026-06-02 20:53:00,68.80926916461071,113.4490463462242,3.1386665347607523,1662.6297918741998,16.095596340246104
2026-06-02 20:54:00,68.64129686509814,115.22979979659581,2.96559379586445,1678.8059200605235,18.003140738336032
2026-06-02 20:55:00,69.20053079532076,113.74509416501019,2.7408058787066336,1718.695988955177,17.08257126286309
2026-06-02 20:56:00,68.56401313313614,111.83531248714742,2.850151585874904,1672.2487931087298,17.24834535610992
2026-06-02 20:57:00,68.03162190279919,112.49642926179905,2.7813867309468736,1651.1175933225031,15.863919871007479
2026-06-02 20:58:00,68.69643899018189,114.53519832119856,3.097477367681525,1699.505403041248,17.642006263755277
2026-06-02 20:59:00,68.8242049319356,114.51748526949719,3.027772904260198,1672.2523570409671,17.30040980539903
2026-06-02 21:00:00,67.88319073856748,114.68755902535136,2.9372770345519816,1700.8068182067939,16.472009327703887
2026-06-02 21:01:00,66.45336855387572,114.98550403868049,2.9508686979772647,1663.9195780680463,16.678259606912977
2026-06-02 21:02:00,67.5841667669175,114.66876138800184,2.9334646970148275,1682.9346166984744,17.206115742368027
2026-06-02 21:03:00,69.41385649753549,113.37887541327223,3.0830041116609164,1708.7269829759264,16.649065053591148
2026-06-02 21:04:00,68.94603774837853,114.73443444270644,3.012726201419411,1667.1199874744977,17.206138798609516
2026-06-02 21:05:00,67.39010345060886,114.11339605175395,3.032320788875923,1682.9258969208436,17.37318351921708
2026-06-02 21:06:00,66.46631137835307,113.39689150301282,2.910393843569886,1692.2037138618057,17.17346181719851
2026-06-02 21:07:00,65.68773461502204,113.68079316524049,2.779517362859979,1664.0617402473626,15.930395018590543
2026-06-02 21:08:00,68.57364319314938,114.16292412467283,3.03760479111709,1691.1986187905643,16.619149934150514
2026-06-02 21:09:00,67.84220685351102,113.22179202128383,3.1625538977970393,1686.2052845110418,16.924377435453483
2026-06-02 21:10:00,68.08713070672312,113.75798732638383,3.0973299828173095,1694.303825469352,16.88588467423522
2026-06-02 21:11:00,67.98814355081421,115.89969010536792,3.184142775096513,1717.0117224722746,17.01000168235057
2026-06-02 21:12:00,68.7590181277524,115.63093879327587,2.9558963382639174,1726.4464766314265,16.881075924682538
2026-06-02 21:13:00,67.5927843294105,113.88488841112806,2.7651090324153307,1689.07147598455,16.107952786475693
2026-06-02 21:14:00,68.39646903074859,114.03236971589352,2.7987318678212474,1684.526075381793,17.304086450885798
2026-06-02 21:15:00,68.18974839156964,112.31159273785752,3.1423520049986684,1693.697087978264,17.266526152848392
2026-06-02 21:16:00,68.52027779086575,116.11362976602808,2.6574012470520296,1683.854921393152,17.234145300170802
2026-06-02 21:17:00,68.50572971352763,115.31304644633299,3.1636759179503686,1663.7817458015404,17.20660424834816
2026-06-02 21:18:00,67.93281757945195,115.23998052582547,2.837697375634305,1690.469658114946,17.055175200810016
2026-06-02 21:19:00,67.70845780555072,110.97532680411655,3.2021754062284296,1698.9651380732753,16.609673415734356
2026-06-02 21:20:00,68.8102639821965,114.13763590310661,2.928644979402487,1665.8758426768397,16.63721906533663
2026-06-02 21:21:00,69.77975398618506,114.2752659566317,3.0702403171127592,1677.602090504401,17.831080541361185
2026-06-02 21:22:00,67.38388415963136,114.34487774646291,3.2594569077734157,1671.6107119413375,16.754546158128342
2026-06-02 21:23:00,67.43747160779525,113.56359903513528,2.8908002306010014,1693.6496380030471,16.38818620097121
2026-06-02 21:24:00,67.11175786200745,113.6023536030891,2.8733204373898698,1720.727067176363,16.928517370923377
2026-06-02 21:25:00,67.55168488776162,114.69319720312762,2.8257675652310232,1673.8589466144092,16.14124713845469
2026-06-02 21:26:00,67.74114271466772,112.86649175357283,2.7693848958920966,1685.2987047172187,16.99659665967549
2026-06-02 21:27:00,67.94319884160416,113.33164264123394,2.885225942569719,1687.0265981298458,17.06743866609854
2026-06-02 21:28:00,68.35878329017443,114.86087643905273,2.8920328354021816,1690.5331044488087,17.097674123080274
2026-06-02 21:29:00,66.50091391573828,115.30852781561465,2.7259511201531765,1681.9823922533465,16.47537662655532
2026-06-02 21:30:00,65.79313229156118,114.70613854041129,2.8841594908228556,1676.1752727546605,17.092957870640706
2026-06-02 21:31:00,64.9073773546788,114.99196352960561,2.980899895207202,1723.831045254597,16.81753268424192
2026-06-02 21:32:00,69.12558044415677,114.69148311871871,2.8399810532780725,1706.1185007498282,16.5310727423469
2026-06-02 21:33:00,69.78380667508954,115.75790481602719,2.9065532751235175,1679.3419871077733,17.463461328273286
2026-06-02 21:34:00,69.63757182257051,112.01065519236711,3.150980611302694,1705.7547169262432,16.674105128803202
2026-06-02 21:35:00,67.20181616054712,116.41888770720436,2.719883705164154,1690.4130561370164,16.46882852153824
2026-06-02 21:36:00,67.78991315399323,116.41710602825641,3.212083105293182,1685.3358148226828,17.460967369586356
2026-06-02 21:37:00,66.9344970070789,114.60101992700379,2.8357684845583178,1684.644171344878,17.45037323645501
2026-06-02 21:38:00,68.68314967162263,115.86513381307718,3.0212301917225175,1694.4684102752262,17.265005820690593
2026-06-02 21:39:00,68.14582890436854,114.5063036544301,3.16200137427024,1675.725819664292,16.774957393765312
2026-06-02 21:40:00,67.58710905271802,113.63227196444775,3.1632346321674754,1660.0117908097627,16.577988543645326
2026-06-02 21:41:00,68.53258648587853,113.60623263658684,3.0264249113436317,1696.7514582487595,16.994638996601427
2026-06-02 21:42:00,68.00402920227116,113.84211939329553,2.8225530931879432,1682.4645502094202,17.436946808698266
2026-06-02 21:43:00,67.7763377453705,114.29000248753037,2.790770463538,1694.7999071363708,17.329438444655572
2026-06-02 21:44:00,68.66462310147041,114.97092453668937,2.878237065223071,1679.5456524079368,17.29992361186467
2026-06-02 21:45:00,69.05830658545743,116.89859619049315,3.2510333151505786,1677.0598135441976,17.51738363254882
2026-06-02 21:46:00,68.09677038934039,114.60623965230933,2.9082555205773417,1704.7881547383797,17.15920915168873
2026-06-02 21:47:00,66.99760354250277,112.25000630734021,2.9843174839620072,1682.724597775361,16.66917072721444
2026-06-02 21:48:00,67.06683957771507,116.10618147274496,2.785636997718775,1701.2761234439733,16.466264964696663
2026-06-02 21:49:00,69.34633415899347,112.94832282513373,2.7874462793999877,1692.6814934923884,17.335901098605603
2026-06-02 21:50:00,68.35267251889779,113.64023028807769,2.958058793519926,1718.9828353605033,17.515899109405243
2026-06-02 21:51:00,66.66607775921541,114.40757875435855,2.890054147525733,1699.0892783588927,16.8364832580331
2026-06-02 21:52:00,67.3883279530826,114.2200096563306,2.8768707884207907,1689.0715437834713,17.334708758831994
2026-06-02 21:53:00,67.49062628010073,112.51031569004813,2.7277956388256794,1701.9301176126412,16.968446388555176
2026-06-02 21:54:00,70.4082131445722,113.64418836104856,2.958307245367225,1689.7725982246911,17.303476695698954
2026-06-02 21:55:00,67.26206987482848,112.08562467252193,3.156561433398286,1660.19046635569,16.842853493967272
2026-06-02 21:56:00,69.38334619293072,115.16512637812477,2.8333156801855,1697.6681973096618,17.70412052400467
2026-06-02 21:57:00,69.53621618075705,115.75257874106799,3.090116806457979,1720.2241433809227,17.36332946176222
2026-06-02 21:58:00,68.16353110701165,112.99753128143283,2.4445946208390836,1658.4931907051498,17.208521284089777
2026-06-02 21:59:00,69.0727010627386,115.70072362800485,2.8467103329768353,1700.4495968384401,17.28360715128835
2026-06-02 22:00:00,68.5260951759553,115.15859492061199,2.6495520969750745,1664.1942954281037,16.54527174318599
2026-06-02 22:01:00,67.63361178680348,112.9797024765439,3.103469719970628,1683.258264010854,15.991916609994272
2026-06-02 22:02:00,68.49149821172772,111.72221395909855,3.0719039122203675,1689.2093417784993,16.838059680234178
2026-06-02 22:03:00,68.00390915117801,113.24829910997899,2.8137704316811987,1704.986890019615,17.189298429051284
2026-06-02 22:04:00,68.66359777291702,113.39587529428215,2.9840705325852404,1691.2882361693298,17.267599257748582
2026-06-02 22:05:00,67.75167634358908,115.92030886563467,3.1182766710245566,1708.2068311493895,16.96990752696942
2026-06-02 22:06:00,67.75527449269372,113.59589366701374,3.1194358705704084,1700.667428893845,16.681243715912608
2026-06-02 22:07:00,70.3676206076172,113.60762119439966,2.9268523852265513,1694.5940851632108,16.228881751718063
2026-06-02 22:08:00,69.62206030251214,114.72092501419108,2.6382386896000214,1710.3293165359353,17.482628222537414
2026-06-02 22:09:00,69.34406980818109,112.97812980885605,2.8340554726235463,1689.0755817300108,17.350681799319688
2026-06-02 22:10:00,69.70909202931018,115.21490275642891,3.088101335650722,1687.3630657629044,17.624383594787602
2026-06-02 22:11:00,69.52313211468619,113.31300476466146,3.2805809017979293,1675.083604977736,17.254005766173602
2026-06-02 22:12:00,69.68783211678078,113.24668710560813,2.941565622686734,1709.622333558073,17.581602809195296
2026-06-02 22:13:00,68.52420565484415,114.72631356532546,2.8606916059569354,1685.8425965725662,16.917648408651253
2026-06-02 22:14:00,68.53603353666921,116.30271439032032,3.306733154537028,1653.0432228116406,17.08499375929048
2026-06-02 22:15:00,70.99963182917288,117.76433426327908,3.0693258442669937,1709.8241796576845,17.659697745870027
2026-06-02 22:16:00,68.62612369060162,113.26137828227077,2.783115925062782,1686.945972897715,17.518563026678972
2026-06-02 22:17:00,67.35016998483349,113.49326438942957,2.929443322420156,1684.9766843899174,17.27116060787836
2026-06-02 22:18:00,69.38234891374111,115.11252112908228,3.1162479728048984,1689.7415175573663,17.437976694617127
2026-06-02 22:19:00,67.94895348188908,115.45943343276137,2.9265696200042055,1682.3768626403016,17.135964500286693
2026-06-02 22:20:00,68.66882731654394,112.22052419546046,3.1069823960484984,1738.4821800324937,17.331630875699737
2026-06-02 22:21:00,68.7478128734073,114.27849384763927,2.7041615392806833,1713.9231146617137,17.44735006987288
2026-06-02 22:22:00,70.20147794362816,113.9437141939257,2.753426263008367,1704.198058166392,16.5944183714673
2026-06-02 22:23:00,68.10363598297418,112.39488957116635,2.8700192607119637,1699.669406372138,17.100195389935312
2026-06-02 22:24:00,69.82851119346877,112.90072426265695,2.924692698204731,1710.3357596748338,17.88939953673824
2026-06-02 22:25:00,66.81878791291902,113.74289161118865,3.0117070539812705,1695.9778462010543,16.9430762054725
2026-06-02 22:26:00,68.49000473999266,114.47569504604789,3.0558551715290423,1704.3062226535426,17.171297466722635
2026-06-02 22:27:00,70.254316502509,115.60067531867445,3.3293138643065077,1700.2526869614449,17.750596976750817
2026-06-02 22:28:00,68.21912828236539,114.66611149868632,2.8386093984025784,1691.8037578514861,17.070007800591426
2026-06-02 22:29:00,68.6421277738845,115.42213585321504,2.905240885375068,1704.57253351304,16.808991332695424
2026-06-02 22:30:00,70.34999688771414,114.90192116656436,2.8847251777857195,1691.96207527587,17.914270196894698
2026-06-02 22:31:00,67.42575335708308,113.5535309478414,3.1218726572270046,1692.8696806894538,17.083996793814542
2026-06-02 22:32:00,68.4623782987944,113.9818512844166,3.1169159742004506,1674.6731229100074,17.01275767519796
2026-06-02 22:33:00,68.62991958692264,115.12389538163984,2.8854699764322844,1677.5640773901855,16.352491548564373
2026-06-02 22:34:00,71.05057550684442,116.01943396731485,3.2952191657720347,1659.1341976030435,17.339243327019833
2026-06-02 22:35:00,68.32945720024932,114.48157531119118,2.8709334793479315,1702.3021815768927,17.602700625326804
2026-06-02 22:36:00,68.95586220514335,113.51560851429208,3.1298574712421594,1706.0467565024842,17.142932504701214
2026-06-02 22:37:00,68.03992953400208,114.79409687471517,3.177598856372101,1708.165388659804,16.68311346405009
2026-06-02 22:38:00,68.46586589537226,115.22027482577334,2.7722095422210082,1678.7529038069638,17.131164398945838
2026-06-02 22:39:00,69.47743433544879,115.7670189801623,3.0391619154733736,1697.102048200774,16.897795105944567
2026-06-02 22:40:00,68.83949235281618,113.59457012805623,2.55184879885221,1692.1104778929753,17.103088580137946
2026-06-02 22:41:00,69.12367878128384,113.98270956409371,3.1092362712925357,1708.184607736805,17.184992716203645
2026-06-02 22:42:00,69.10886930873609,115.66896525187255,2.818863994549244,1687.049667247511,18.046619147202552
2026-06-02 22:43:00,67.97120049508484,113.72197079310965,3.0325131806541776,1684.4341254945334,17.226386491867927
2026-06-02 22:44:00,68.13093712295723,113.71536881322677,3.0635809556917093,1666.7640331825924,16.431409364146333
2026-06-02 22:45:00,68.08934662034713,116.05541929205756,3.138050868459395,1683.2522171293524,17.303823317674684
2026-06-02 22:46:00,69.87678182153425,113.3966760002558,3.136324484363032,1700.6049097946727,17.504959879640587
2026-06-02 22:47:00,67.62380412854563,116.42302850866429,2.9387565649299865,1688.6863498538912,17.455582317931068
2026-06-02 22:48:00,68.63371141549477,113.88481189457933,2.9175934826804477,1669.6447493544786,17.247582213301012
2026-06-02 22:49:00,68.38381810901605,115.16996463534689,2.930834303965347,1680.726778716068,16.99104923194918
2026-06-02 22:50:00,68.90919558946638,114.22808240837547,2.789842572986491,1693.8532935594594,17.924520020535645
2026-06-02 22:51:00,68.44640045280137,114.77149385396392,2.931304081719265,1713.732105992159,16.795402589385855
2026-06-02 22:52:00,68.75527255915665,114.11994614017071,2.9187483154155256,1679.7953431154622,17.53671866962482
2026-06-02 22:53:00,70.54203261332289,115.43545879834068,2.842271680317994,1699.451851129897,17.22933958635196
2026-06-02 22:54:00,70.84862480899575,114.15935045223354,2.710563624023356,1685.9250448265564,17.08772652777772
2026-06-02 22:55:00,67.99608746582489,113.7321440427502,2.769771569623652,1685.5757512595121,16.950594070458553
2026-06-02 22:56:00,67.56405544836566,116.32381694186223,2.4706703841463775,1675.4738547939253,17.61724417839796
2026-06-02 22:57:00,68.80607779632483,114.86205944537565,2.9422714684800204,1682.025570353912,17.599522583684895
2026-06-02 22:58:00,70.49565132403235,114.01416941280382,3.0424084029801066,1690.544826778115,17.652948047841246
2026-06-02 22:59:00,69.3979875029791,113.07006156342557,2.588175429058197,1713.832239891223,17.785112045532912
2026-06-02 23:00:00,68.49084156181104,116.38824472071016,2.9788106225401587,1677.336132834413,17.21153716265723
2026-06-02 23:01:00,71.01311891355863,114.04546207172065,2.962147044064876,1682.4425751044782,16.929490630254346
2026-06-02 23:02:00,69.64607546587246,117.30142953686179,2.811968212453074,1700.8332320042357,16.78492520599262
2026-06-02 23:03:00,69.20781785725512,114.80003466162009,2.8900798481911014,1691.0303260702647,17.776562002230655
2026-06-02 23:04:00,69.69607486155058,114.81133137141808,3.133611900186276,1694.1745923566655,17.40314047776405
2026-06-02 23:05:00,68.7466084544785,114.81240374271123,2.8277777187516517,1698.591030655744,17.336000981868548
2026-06-02 23:06:00,71.25228368896674,117.86161827891866,3.025326138148533,1687.556030223846,18.323070170603387
2026-06-02 23:07:00,69.78733580216016,112.60288594141512,3.0675592674033036,1689.630443203369,17.191030588268355
2026-06-02 23:08:00,69.39843683012562,114.42047632389414,2.820886670735294,1703.6373120290787,16.072238790378233
2026-06-02 23:09:00,70.36430312620499,115.09888762015008,3.1790494474510975,1703.3728018053223,16.983943403786366
2026-06-02 23:10:00,68.41917154906481,114.14506080064717,3.0206276659009643,1700.9569242692723,16.9880285122842
2026-06-02 23:11:00,69.08108070122567,115.15510970263384,2.960609057917585,1718.0397637034248,17.53483721164708
2026-06-02 23:12:00,69.21915618741164,114.65977687863713,3.3531048613231236,1712.4099041037525,18.04629825199749
2026-06-02 23:13:00,68.45024915261155,114.62158710586316,3.1116087859269186,1671.3975863415496,17.53520189837219
2026-06-02 23:14:00,67.75277802672338,114.82063548193987,2.7370044295818867,1696.2382304537143,16.399757149016963
2026-06-02 23:15:00,69.1635429144515,113.0988345798744,2.91996668224313,1711.2805307802998,18.45782934443976
2026-06-02 23:16:00,69.35379162685658,115.33772475369796,3.3620020917216014,1706.2423235867057,17.275828954217502
2026-06-02 23:17:00,70.21084015229162,115.64868097874057,2.838633820995596,1699.9513271401902,17.885829447145774
2026-06-02 23:18:00,70.50948170543117,114.43506981636314,3.0156533060829274,1676.5473951814265,17.76117894810333
2026-06-02 23:19:00,68.94529914458666,116.99717983860194,3.168362642809481,1687.4949419337167,17.3799908594498
2026-06-02 23:20:00,69.01149041780269,116.29185160746862,3.07712593900055,1696.895448604654,17.249762295570847
2026-06-02 23:21:00,69.96189559747052,116.08753777314902,3.1244567361343587,1679.6087815741057,17.092450708849324
2026-06-02 23:22:00,71.0418600049138,115.92473227350018,3.1057418639886096,1710.925167286128,16.94812780143865
2026-06-02 23:23:00,69.2990165954159,115.0145465130224,3.0023709203244735,1697.9483164898552,17.422720107951942
2026-06-02 23:24:00,68.55613606956362,115.93561882644337,2.852217661140259,1664.5181922973159,16.72770873485733
2026-06-02 23:25:00,68.01360485129744,116.34314162077011,3.0290970346264707,1684.277314987799,17.888283471509197
2026-06-02 23:26:00,68.03030689711059,115.5775980557041,2.9134481219581483,1690.478033875898,17.34276458571882
2026-06-02 23:27:00,69.44263220151852,113.91417464113422,2.901031629958284,1692.6987564563387,18.136343427163833
2026-06-02 23:28:00,70.21652292317012,114.97948240321185,3.22417745834754,1721.6556525864016,17.339304204749943
2026-06-02 23:29:00,71.20724712162354,115.77892285924894,2.9488851892419827,1709.883823025902,17.30905164925968
2026-06-02 23:30:00,70.34847045580194,115.76296550966558,3.239764335348341,1676.2871108280237,17.615183496453284
2026-06-02 23:31:00,72.39764787551256,115.14700459449129,3.0545134346352247,1680.857072169013,17.516276311901233
2026-06-02 23:32:00,70.39637539201077,114.54756654649333,2.9913102938136853,1699.034243193338,18.003102061145356
2026-06-02 23:33:00,69.58500350642984,116.79776196358681,2.7204799799958836,1700.516001889812,18.02364371096155
2026-06-02 23:34:00,68.12707421966377,113.29684399046249,3.2902202023831126,1709.3341359756114,17.731473974418588
2026-06-02 23:35:00,71.17588789908649,114.17971457579321,3.0197254122153487,1730.0725688168895,18.200423925993437
2026-06-02 23:36:00,69.74463159273706,113.2323487283883,2.6477098374770516,1724.428699092583,17.73948554900809
2026-06-02 23:37:00,70.29614797703088,113.75530648296198,3.140663342588615,1691.8656490334158,17.224163653011193
2026-06-02 23:38:00,68.59740035168467,116.2511637160805,2.9760945524302813,1710.742935069447,17.833125610505075
2026-06-02 23:39:00,69.47290429945284,116.13280978193158,2.8333552137927502,1700.9952368053969,17.576945465487672
2026-06-02 23:40:00,69.021508807931,114.33981991542572,3.101589149344806,1676.0205294434443,16.96724611321396
2026-06-02 23:41:00,70.2425244035127,115.66122546046701,2.622066686164652,1672.5568867118352,17.33645900534246
2026-06-02 23:42:00,68.74796935392607,114.63468554709056,2.869371790200352,1697.458836263851,17.28692121875915
2026-06-02 23:43:00,72.56485298565461,114.3763244422624,3.008869416660025,1688.3284200579276,18.34794014094049
2026-06-02 23:44:00,70.77933249238254,117.23127162380938,3.099131073039956,1681.4886844085759,17.33154328138735
2026-06-02 23:45:00,68.16108590628266,116.17436852174436,3.304349769287084,1683.389915667157,17.260080660822272
2026-06-02 23:46:00,70.69929279443785,115.48677209177738,2.967382598396435,1704.1008540580456,17.4670739058384
2026-06-02 23:47:00,68.44522960361793,114.3466869554744,3.0939086200432655,1724.1927162306008,17.545538375869153
2026-06-02 23:48:00,70.41663388502306,114.6709517101148,3.4083164417335423,1699.402791377511,17.004868684452422
2026-06-02 23:49:00,68.70328737331494,114.2687948715702,3.0073575567357027,1693.2461694092842,17.86794269320487
2026-06-02 23:50:00,68.34303950910936,114.49860538282854,3.028996971317785,1660.7264186328998,16.783789095199374
2026-06-02 23:51:00,68.42529389590435,115.10976462217309,2.7969210628844277,1703.3803607470427,17.395978530380063
2026-06-02 23:52:00,69.07864287645043,114.21621544363254,3.268912809993293,1695.4359698427124,17.149242030790536
2026-06-02 23:53:00,69.44239190909606,112.6403831717125,2.8520987799472124,1683.5637426296155,17.49937456315883
2026-06-02 23:54:00,68.5058066845091,117.55429943060442,3.0400076041266986,1717.4357584380332,17.361112310201666
2026-06-02 23:55:00,68.30127502031755,114.57946148216266,2.9889973271323047,1672.7303326627436,16.744717681142955
2026-06-02 23:56:00,68.74363018598282,115.12507300075114,2.9846115883367923,1684.08894919402,17.684304857361553
2026-06-02 23:57:00,70.90325388397541,114.31231620514896,2.9228001128770837,1693.9140159900242,17.07920734448839
2026-06-02 23:58:00,69.82045769821445,112.86311110757205,3.0187005664821327,1688.0675745384888,22.005559741882717
2026-06-02 23:59:00,69.28298148285127,115.01241694965759,3.2710939603972116,1709.7596841148911,18.06570904850755
2026-06-03 00:00:00,69.80631261191716,114.70380764678646,3.348251700224997,1708.1810282249724,17.253782397710424
2026-06-03 00:01:00,71.79425256612393,116.12612584457125,2.9920408747585427,1719.4270115531988,17.595936362719982
2026-06-03 00:02:00,71.04910209954195,116.32609801111278,2.948500834852401,1710.7188711964993,17.44693003600997
2026-06-03 00:03:00,69.98916969040653,116.27991360581667,2.902810551230252,1703.0944385958471,17.733518939016694
2026-06-03 00:04:00,69.83754974859994,116.21152989275379,3.4046272135993942,1695.2441062726987,17.485415212212203
2026-06-03 00:05:00,70.05943747686716,117.28816136676876,3.0275760612643126,1708.4793301396626,17.93004098858802
2026-06-03 00:06:00,69.95505352435048,115.66054162048023,3.1801043543047496,1699.7150022106055,17.348072015508464
2026-06-03 00:07:00,68.80843983300673,116.40736376400385,3.110386081460677,1701.8858055790133,18.05382639770968
2026-06-03 00:08:00,69.32428453184528,115.52582364068151,3.326806318274315,1706.7544620173271,18.108461710705775
2026-06-03 00:09:00,71.02967337136563,112.67911448336316,2.960122089176746,1701.533764048512,17.58219636674983
2026-06-03 00:10:00,69.33540753344909,114.63473722232376,2.8219505244159944,1702.2310816681347,17.094022869458705
2026-06-03 00:11:00,70.31430157914119,114.15719843347043,3.2921479122033888,1690.7822045619005,17.582782561000915
2026-06-03 00:12:00,70.2130192817606,115.3280193789841,3.138849258838811,1720.9162425968282,17.475198079236147
2026-06-03 00:13:00,71.54668722807779,113.93687486497768,3.06084826909179,1681.8810674769434,18.151990213541048
2026-06-03 00:14:00,69.79289854414338,115.61971643154132,3.223138851529084,1705.1599574901602,17.405181677372173
2026-06-03 00:15:00,70.34512643388757,115.91221879327789,3.0593319111995982,1689.1788574439552,17.92061150875226
2026-06-03 00:16:00,70.31803008833374,116.84257116821153,3.262037577795113,1721.5456854964718,17.743724238594176
2026-06-03 00:17:00,70.06197666390327,117.07786190998175,3.0459719867365265,1715.0527531568832,17.585706616624087
2026-06-03 00:18:00,69.72773945392781,112.84761973683472,3.1258822328866014,1698.0872346446247,17.28766535723961
2026-06-03 00:19:00,70.11424691881832,113.92797659421274,3.103410474559934,1728.211161067903,17.5789513912026
2026-06-03 00:20:00,69.76222371788397,118.47597719466292,2.9487140378243444,1696.6903313211938,17.837185567692025
2026-06-03 00:21:00,70.14104522843347,115.92673070372288,2.950211582825472,1709.4294082050187,17.06541015599757
2026-06-03 00:22:00,70.25997898221866,115.71947288080248,2.971079688739877,1695.108341613916,18.108962684306398
2026-06-03 00:23:00,69.97837721586747,115.02759800792255,3.039099930667335,1705.9299803879403,18.070925852942093
2026-06-03 00:24:00,70.63523277700243,114.96589079132494,2.9339045035628133,1686.4680680402062,17.280331666394588
2026-06-03 00:25:00,69.6917357977152,112.8551584493402,3.0770952225077575,1702.6341265289802,18.07101592251536
2026-06-03 00:26:00,71.90149420906975,114.5857866619407,3.0944573408334914,1706.0632388604213,18.17558593832162
2026-06-03 00:27:00,70.42294135066236,115.04810017004105,3.042927605599063,1715.6092791727865,17.938843049805936
2026-06-03 00:28:00,69.51403970385687,113.96403702671168,3.0215823922781935,1687.579669257116,17.157109437830496
2026-06-03 00:29:00,69.09840486523463,114.65029836627811,2.9385736736290307,1750.7997424643302,17.628467740026814
2026-06-03 00:30:00,69.80169478849233,118.12077007742829,2.961056369560212,1679.9392635291717,17.47683830441211
2026-06-03 00:31:00,71.83458110665508,115.46666993698973,2.8006522485560392,1713.7429520136975,18.720597820433156
2026-06-03 00:32:00,71.81312348472343,115.54216774476082,2.995914513710739,1707.0958435597993,17.60018671472814
2026-06-03 00:33:00,69.54376789052363,114.83577182562163,2.821776867722973,1702.0011185172382,17.19904843489145
2026-06-03 00:34:00,71.55882020210491,116.03627500668881,3.036906105173544,1696.654758592605,17.205287642094863
2026-06-03 00:35:00,70.65584517502833,115.23882509791882,2.9469309261021768,1714.447416201553,17.517040028063885
2026-06-03 00:36:00,71.31339757172555,117.20380528177039,2.7395609325076014,1700.9656469249599,17.580054609938543
2026-06-03 00:37:00,72.55739742392852,116.3226747673608,3.390559789285785,1738.635772461271,18.039735092823257
2026-06-03 00:38:00,69.17309986603321,113.39704610470697,2.9613951508765863,1689.6952983127226,16.901197831998584
2026-06-03 00:39:00,71.82751805231162,115.39866517549102,3.252236677556993,1704.8152875950095,17.497483542135466
2026-06-03 00:40:00,70.67440210083903,114.83729591977324,2.923876472186656,1690.634980382841,16.777542035522828
2026-06-03 00:41:00,70.88818319483153,115.07240359163909,3.2769976061819603,1692.452056151544,18.227862772913454
2026-06-03 00:42:00,69.51997301912382,115.502623722284,2.8200098244616822,1677.5366021099223,17.488296966926786
2026-06-03 00:43:00,69.38386252543862,115.84811955156334,3.032168024681552,1711.2336579534144,17.667389352869332
2026-06-03 00:44:00,71.58698240299411,115.70332318323253,2.841712552643251,1691.0189200049338,17.10567508661072
2026-06-03 00:45:00,71.62989414831318,115.96890049676006,3.4275916160986433,1695.5387754218445,18.245618301562427
2026-06-03 00:46:00,71.35102817599375,115.6420328873141,2.998561954664341,1692.7426995397952,18.370858290879987
2026-06-03 00:47:00,70.44673729245721,112.80706014057473,3.150168452643999,1709.745870069991,17.7210233212344
2026-06-03 00:48:00,69.84377952529202,115.84021226553583,3.0613693546684946,1699.0816657813386,17.26172242127561
2026-06-03 00:49:00,70.58132317207554,115.81079959217753,3.011157634518853,1703.390869755978,17.833285420598457
2026-06-03 00:50:00,70.52154949983553,113.91911094401885,3.084379611422409,1689.923919107051,17.84433110816069
2026-06-03 00:51:00,71.77136998985874,115.92864761361656,3.243339199435828,1714.4211434472293,18.14410835051199
2026-06-03 00:52:00,70.75578685403782,116.46840821465722,3.146289692155572,1699.2765295789413,18.11099733748596
2026-06-03 00:53:00,70.14815495199616,117.06621274046294,3.0684159818046983,1709.8622684136328,18.21595509988101
2026-06-03 00:54:00,70.31462912093629,115.73596395176742,3.086138588694002,1699.5520306412182,17.28474667872485
2026-06-03 00:55:00,67.67156393374502,114.92059106998207,3.256233729616745,1668.468313655352,17.63209741487697
2026-06-03 00:56:00,69.40665975192607,115.96892105496138,2.9263313956355126,1728.2023506153073,17.234876639827057
2026-06-03 00:57:00,71.1840842018469,115.42787000873521,2.774964833167315,1719.2313890709092,16.893887225151982
2026-06-03 00:58:00,70.90378560233275,115.74959738779978,2.8525377560222567,1706.1056716092335,17.44240319963649
2026-06-03 00:59:00,71.89944870204656,114.41134970378417,2.857127176289415,1707.1596788967831,17.356781435342953
2026-06-03 01:00:00,70.20638081224645,117.21338270483021,2.926543164922979,1742.531974417401,18.03692814061965
2026-06-03 01:01:00,73.36753763492165,113.84244146822546,2.9245702731281638,1727.3742606207688,18.22224380880082
2026-06-03 01:02:00,70.62992423409142,116.38827678967371,3.023672875773867,1710.6740226131362,17.781220962362674
2026-06-03 01:03:00,70.9165264406949,115.34039050169602,3.058388672499298,1693.630568898741,18.463025018235726
2026-06-03 01:04:00,69.61578561366413,116.53229046675311,3.060422470144267,1696.7262230082274,17.476899426191125
2026-06-03 01:05:00,71.77328197730651,114.55123911609317,2.92298447034207,1679.456385811394,16.9488611677333
2026-06-03 01:06:00,71.84525243198492,116.01401749603133,3.2094874902660053,1706.5562599664772,18.06421622323274
2026-06-03 01:07:00,71.06889532999398,115.63179073714984,3.1174373485649336,1717.3813706167598,17.561576476081907
2026-06-03 01:08:00,69.76282444206933,116.1770265390564,3.280954046751678,1718.2559837006988,17.39390916625141
2026-06-03 01:09:00,71.65022424144675,114.53851905440683,3.180053715745968,1719.8501018712514,17.778783385371003
2026-06-03 01:10:00,70.87697445695143,115.8636140046503,2.9542472961416233,1693.6049507558607,17.236713153293895
2026-06-03 01:11:00,71.1784871241819,113.4686820625974,3.241406913297156,1717.382387286191,17.56796209573364
2026-06-03 01:12:00,71.68966920684319,114.5737443966231,3.0660482372911906,1717.364825465679,18.296578957425844
2026-06-03 01:13:00,70.33615043950068,112.83964114242676,3.100691269565002,1662.7945892592345,17.40718836681605
2026-06-03 01:14:00,69.1621359378311,115.83136940163465,3.097231535005393,1702.3997519389302,17.312608563992274
2026-06-03 01:15:00,71.62953891603618,115.65688084750998,2.9931336193079816,1733.5720803071429,18.227407724698708
2026-06-03 01:16:00,71.33167437198709,116.19496557654199,3.0586718370821577,1704.2642881030279,17.705668971015744
2026-06-03 01:17:00,71.0971478756228,117.29650311299454,3.0155388610249547,1669.2217165535828,17.27228649013974
2026-06-03 01:18:00,71.1912255800889,115.1768902980092,2.9091260768306606,1695.2237212337634,17.24742737138662
2026-06-03 01:19:00,72.2397688443749,116.82366093950618,2.7511063247607166,1687.3440189237665,18.01408064152291
2026-06-03 01:20:00,68.1604999757343,115.21153014714233,2.904749389120318,1692.2486463851735,16.909251112168334
2026-06-03 01:21:00,70.87348604017046,115.40746411375879,3.0639378870940326,1688.4516180075361,17.286490030224495
2026-06-03 01:22:00,70.14212628013672,117.18459272722802,3.203947180465782,1722.1847214277575,17.65581828776478
2026-06-03 01:23:00,71.92217780584268,117.80880985811751,3.1401021397362507,1715.8184503678522,18.108052691042488
2026-06-03 01:24:00,72.36096628906262,115.02828995240674,2.9944613656079526,1712.4254784859152,18.289750098852487
2026-06-03 01:25:00,70.80889518036496,116.06413576702411,2.9022183220736393,1719.2424342287684,17.795694994144593
2026-06-03 01:26:00,71.7546734606668,116.35566400044512,3.0378671183239976,1704.488954388637,17.984811542836045
2026-06-03 01:27:00,69.89629163172829,115.74868669744615,2.8771724831636076,1705.787948688755,17.447513727462553
2026-06-03 01:28:00,71.81659507809435,116.4679432143976,2.7607982185346756,1748.5339098648576,18.241008377346066
2026-06-03 01:29:00,72.67057478284765,115.15853703910003,2.805443681510682,1716.2222935898728,18.491901641212895
2026-06-03 01:30:00,71.2111245271188,111.58046454506135,3.2650406182687153,1720.5078240176535,17.997787402788216
2026-06-03 01:31:00,69.24367488000692,117.40584677127607,3.3161977745996323,1696.0078571186039,17.597237683181746
2026-06-03 01:32:00,71.97787949289982,114.74319443784887,3.1515493822934255,1701.4430339027103,17.72537067610381
2026-06-03 01:33:00,72.03421646011391,115.12703841066906,3.0190709051864686,1690.5144108105064,17.60177655677206
2026-06-03 01:34:00,72.59509411412871,115.36950930217606,2.833310329582344,1733.665166295253,18.03643414338203
2026-06-03 01:35:00,72.22971768962411,114.75895557120828,3.0224648390454245,1685.9537688533812,17.544290382823643
2026-06-03 01:36:00,71.71087056566611,115.6631155823339,3.116764381280333,1718.7097834047875,17.849886708269256
2026-06-03 01:37:00,71.19947716756732,115.52539003165575,3.1630531878182477,1716.4310169165242,18.016547097520295
2026-06-03 01:38:00,69.21698390954111,114.57916702957178,3.1325889970667316,1681.8030170559762,17.85712378234608
2026-06-03 01:39:00,72.6580824875812,116.49705124717221,3.2692944652997293,1734.707960717887,17.724447153196554
2026-06-03 01:40:00,71.71127454121067,115.56735213008753,3.3319100504075196,1704.2129579291454,17.743714822997255
2026-06-03 01:41:00,72.0986294654693,117.21682904090687,3.0128081642630598,1694.8989912099162,17.840992795253033
2026-06-03 01:42:00,71.02949099694857,113.97862060075205,3.45993547028014,1713.2949678272082,17.763998575800496
2026-06-03 01:43:00,70.68761392591954,114.76298699349695,2.745639646316027,1697.3888012568973,17.5980828649262
2026-06-03 01:44:00,69.72090400276245,116.13150463169492,2.9006631164127232,1700.4079321583292,18.127910539264203
2026-06-03 01:45:00,72.52914132734914,114.76161972563027,3.0652874551967555,1699.4712323852834,17.83941075362133
2026-06-03 01:46:00,72.96439133770708,114.64837440584739,3.1311843631195284,1696.5792809946824,17.21897343413686
2026-06-03 01:47:00,72.29977991669135,115.44259968163378,3.0494845726639523,1697.5199371907972,17.543587649319065
2026-06-03 01:48:00,71.72038004989874,115.62640612288494,2.9754738145654835,1721.9202597548062,18.35569316439096
2026-06-03 01:49:00,71.41916751643704,115.98531225775288,3.4038496108363003,1719.5655015616592,17.978934482491177
2026-06-03 01:50:00,72.2837431857784,115.63289152959062,2.97746105711334,1715.7078196036123,17.78649640411152
2026-06-03 01:51:00,73.7810037019455,114.95236400418868,2.926203384937239,1710.3584877277092,18.5447374146048
2026-06-03 01:52:00,70.14960473401888,116.61428539169155,3.299390159864818,1709.9227102806942,17.78264053248772
2026-06-03 01:53:00,73.22519926770752,118.018510028682,3.2225093246054604,1707.9864781143938,17.735471842978036
2026-06-03 01:54:00,71.57145635314637,113.2776048558511,3.202215535229834,1696.3020611934987,17.334003425286014
2026-06-03 01:55:00,71.40517441815096,113.62729586221154,3.062150325844315,1732.207516038841,17.996777297267784
2026-06-03 01:56:00,72.04265128520436,116.56762694519279,2.817881901406667,1718.1241166561513,18.493883865544557
2026-06-03 01:57:00,74.49329309716262,118.31599487246375,3.1081755748057454,1710.6747380482514,18.55194590609184
2026-06-03 01:58:00,71.78215228158301,113.42945484589488,2.8385781682560274,1690.6838102884346,17.839479215462035
2026-06-03 01:59:00,71.82671600872253,116.62261233703333,3.079285295539125,1683.071554630609,17.73135698187783
2026-06-03 02:00:00,72.31680058270494,118.09016267280059,3.1729908940045313,1705.4834560262311,18.081743804877963
2026-06-03 02:01:00,71.41824500785549,114.92707390210425,3.2254441945443406,1714.4418135762699,17.17299691617457
2026-06-03 02:02:00,72.91894289721228,118.24674717812559,3.0762181707534464,1719.790799665598,18.18496047906067
2026-06-03 02:03:00,71.14237918138741,115.0889966422376,3.1323860986107945,1706.259323954348,17.884931240217238
2026-06-03 02:04:00,71.55944110807519,116.07051358855854,2.9106197742742497,1714.2526517739211,18.555649813531115
2026-06-03 02:05:00,70.57386197652697,114.77632349460143,3.1876216167573554,1692.9499547852781,18.255995636819573
2026-06-03 02:06:00,70.01243757641814,116.392877275377,3.1139628933554104,1725.1715132078698,18.367791128033062
2026-06-03 02:07:00,71.85011215768371,117.10876158805027,2.953789296867797,1711.804791581856,18.725942252729038
2026-06-03 02:08:00,70.75356469527303,117.78341115648459,3.1271383918437574,1713.9394400194167,18.41475732750977
2026-06-03 02:09:00,72.2954539360233,117.75103997830166,3.2316122572003816,1703.7877572460152,18.021636134514445
2026-06-03 02:10:00,73.3622516626727,116.50290093975843,3.112722288148522,1724.8574193801348,18.394882969029887
2026-06-03 02:11:00,72.19459127971717,119.43554293772199,2.923655678966658,1740.5611046763293,17.184675805020415
2026-06-03 02:12:00,70.69512743692229,117.31156383589384,3.0727042146082457,1694.3681419932052,17.897445851106557
2026-06-03 02:13:00,71.25409524141111,116.50665833725186,3.140070218379072,1694.706607825734,18.155483700348217
2026-06-03 02:14:00,73.49181492927121,114.92749440667876,2.9504357279985087,1702.0196993916254,17.9486953206882
2026-06-03 02:15:00,71.19508619261437,113.82730216686319,2.893076171971554,1703.847235194052,17.21501633296375
2026-06-03 02:16:00,71.32310657553427,113.91546744757449,3.1215434096828267,1700.8389962842223,18.457871404693105
2026-06-03 02:17:00,72.1826453681135,115.04096558830555,3.200921970940586,1699.874944522128,18.243110030874867
2026-06-03 02:18:00,72.83282696005463,117.61596433960693,3.3866770123307286,1712.0977473182497,18.66984467307643
2026-06-03 02:19:00,71.42060027455803,115.82608336099803,3.1159641043525026,1726.6381350281038,17.917657707482064
2026-06-03 02:20:00,71.87606070984275,114.7566992946437,2.851487552499315,1704.3226793967003,18.29375085098819
2026-06-03 02:21:00,72.65343117749406,116.15304573112796,3.3937067670290206,1716.1012616306111,18.623279725254765
2026-06-03 02:22:00,71.28531705498891,115.68233723497659,3.2243569334295827,1718.3659148502911,17.72404764166103
2026-06-03 02:23:00,72.83560190049735,116.60777652377337,2.7423903796927314,1718.351181200572,17.620269602699345
2026-06-03 02:24:00,72.34615714410084,114.7759976663452,2.9008268302442644,1731.672486025903,17.743926276936755
2026-06-03 02:25:00,71.41654376365783,116.31055913772536,2.9856619351566507,1715.4797604726123,17.558924453251965
2026-06-03 02:26:00,73.36496345397765,116.4730571193471,3.199911674704956,1714.7995428936715,18.762524926152103
2026-06-03 02:27:00,70.55152863258942,114.47136627021484,2.6757489474972047,1691.6604498363674,17.761911823684116
2026-06-03 02:28:00,72.42943830880479,117.55604502817935,3.0254956571288303,1719.7719233148682,18.00902215528067
2026-06-03 02:29:00,73.1622830885543,115.63514226069562,3.183145842219878,1700.5299566896713,17.46250200258554
2026-06-03 02:30:00,71.02919732138405,114.69189161989696,2.633762588964596,1698.6434031701897,18.2690295308794
2026-06-03 02:31:00,72.64517399210213,117.11333965026691,3.1846726745494336,1717.4287954635313,17.881160522159394
2026-06-03 02:32:00,71.73503255073027,115.62003468636618,3.1670175173691546,1730.5180756462169,18.28170856345016
2026-06-03 02:33:00,74.16348641336137,116.52589350203701,2.9420540879741677,1724.707248565668,17.743725340818575
2026-06-03 02:34:00,71.92865318743226,114.83963128053983,2.911090045801947,1716.2536331616534,18.66337869201728
2026-06-03 02:35:00,73.31589616643681,117.05983027439125,2.9429846847877124,1699.7418978209403,18.418809374187067
2026-06-03 02:36:00,71.9853050314333,118.5926281459327,2.664899591262906,1735.974553846022,17.8065811202616
2026-06-03 02:37:00,70.8474944772835,114.40489243633263,3.012424376686827,1711.42187487557,18.527282758661002
2026-06-03 02:38:00,71.31133423330296,116.12871255177264,3.079850237335292,1705.029066717987,18.311351510920026
2026-06-03 02:39:00,71.87708965935764,114.99518729081893,2.879603408755296,1720.8282898606506,18.16463223916012
2026-06-03 02:40:00,71.83707418629562,119.56962044191089,3.2352803154100265,1711.1738147341662,17.773599626292793
2026-06-03 02:41:00,72.11669373005005,117.4210363912647,3.0776169049305984,1701.1513083296113,18.286783647574328
2026-06-03 02:42:00,72.18070915578038,116.04575968732672,3.0861513872690676,1699.5733363533977,17.880019457847908
2026-06-03 02:43:00,71.85349152737854,114.35802453102116,2.995131534038317,1701.18976763545,17.935472157158838
2026-06-03 02:44:00,71.65521199383318,114.86107634293703,3.181079501047928,1697.0140756999429,18.051703675181315
2026-06-03 02:45:00,71.63515139226612,116.77249393031398,3.2520484044447726,1693.1090217424112,17.92643384594742
2026-06-03 02:46:00,72.27540742905033,114.50453041998156,3.014840274112185,1729.7740612786272,17.723511136980285
2026-06-03 02:47:00,72.48520855643676,114.55833901353547,3.191199807449308,1725.44162532119,17.471693593958392
2026-06-03 02:48:00,73.42864633711139,116.28098838186114,3.2004968429181897,1704.596576953535,17.446513076845072
2026-06-03 02:49:00,73.0887879083719,116.5957180562838,3.1583884616649964,1732.4676094179245,18.337546007017192
2026-06-03 02:50:00,71.50212855456662,116.76818061736834,3.33903432436499,1722.1349306435927,17.186546410292756
2026-06-03 02:51:00,71.0260019405191,115.21049904167448,2.940221842365238,1704.9821540209157,18.159453832964456
2026-06-03 02:52:00,71.63669125295904,116.85611306147817,2.986896899819182,1691.638369495125,18.078434991156776
2026-06-03 02:53:00,72.90938567306647,114.97086538697988,2.9504589630490643,1718.522280362058,17.881430948713266
2026-06-03 02:54:00,72.83263566596685,116.64915248063653,3.168565197135743,1739.9430982834592,18.359200514923373
2026-06-03 02:55:00,72.8112914044402,115.95271637998687,3.0055118313265794,1709.4955273023218,17.7438569800082
2026-06-03 02:56:00,71.92345155293663,116.63025892019083,2.956269630320412,1727.1061948814236,18.122166721658797
2026-06-03 02:57:00,72.4193109597556,117.32272947198746,3.309760931323468,1708.8819895669158,17.168897122908703
2026-06-03 02:58:00,70.53604992152046,115.30341076039556,3.3280798437438737,1725.1583183416403,17.028175957366983
2026-06-03 02:59:00,72.26647574020409,115.16799220265415,3.01478174678326,1710.5639627719333,17.886511564032787
2026-06-03 03:00:00,71.96817957258196,114.38812291949343,2.88916848461908,1682.7760212334586,18.376240093298026
2026-06-03 03:01:00,72.20006759501561,113.7022469607023,3.3545309159396566,1704.1746317353777,18.442629143351574
2026-06-03 03:02:00,76.04670750419353,116.60024940686453,3.1913708070984956,1726.1361569274,18.334804594301676
2026-06-03 03:03:00,72.4940541308381,115.99657791389934,3.1381487144047973,1731.2474379044234,18.161429659139348
2026-06-03 03:04:00,71.29292936130933,114.6886902195942,3.081882815994456,1710.9240380615188,18.31049070851333
2026-06-03 03:05:00,72.49580282053851,115.03946616804396,2.9522713945539367,1714.9110410756136,17.991289045716734
2026-06-03 03:06:00,71.9163581508315,117.9931537788066,3.0156744582792947,1706.724425964803,18.317407850019453
2026-06-03 03:07:00,71.67766999342379,117.27414037833829,3.1832001824973317,1739.722332917199,17.660042235183106
2026-06-03 03:08:00,75.12259952708533,115.20611570052051,3.0475355425989727,1745.4442621510045,17.697449508033273
2026-06-03 03:09:00,72.54922487033392,115.31706996331758,3.12147337088175,1701.1615034606875,17.710398153018964
2026-06-03 03:10:00,73.0036889453336,116.85083305265618,3.0929134914180914,1695.4355710575999,18.49171511625513
2026-06-03 03:11:00,72.03184610883093,115.42091114128183,2.9196437775507413,1688.5273937099253,17.80190821503065
2026-06-03 03:12:00,71.03814424451205,114.67295353695839,3.28606212411725,1717.6296334355745,18.082016966721884
2026-06-03 03:13:00,73.93457688791726,115.94440075668193,3.179124652282358,1720.032256505129,17.7643576557647
2026-06-03 03:14:00,73.252703328981,117.81251371182364,3.149845194679928,1708.3226905567697,18.018854688338052
2026-06-03 03:15:00,69.27496946581141,117.28828835310772,3.141293635793758,1715.6857161620544,18.032119491834873
2026-06-03 03:16:00,74.1955192324602,115.24684802861583,2.8063585243611877,1696.6035829779944,17.797724014730665
2026-06-03 03:17:00,71.38393228152535,116.17140251153494,2.9672724728902082,1720.1737307777628,17.61018781779501
2026-06-03 03:18:00,71.80062922557735,115.75527290704144,2.82176938630229,1704.4382452687785,16.838118196937586
2026-06-03 03:19:00,73.78787100666577,115.24937498697571,3.1159867714992955,1703.2348816529502,18.565327280659375
2026-06-03 03:20:00,72.39060568760173,115.65265229697619,3.116162944856809,1707.9500023464132,17.957131256756394
2026-06-03 03:21:00,72.23877060543099,114.30354083003161,3.075908947445686,1704.919494188822,17.532179946598948
2026-06-03 03:22:00,72.11357119494627,117.62194126900282,3.258540038628335,1721.8262086516318,18.846179496360925
2026-06-03 03:23:00,71.02589421421484,117.86783168788034,2.8423881836492453,1730.8881668424635,17.6867791643805
2026-06-03 03:24:00,72.27313111488414,115.53178474696388,2.9484105171346537,1730.3716417192286,17.806020756742086
2026-06-03 03:25:00,73.92854078650326,115.61272935728861,3.154927168744686,1720.9494665296352,17.81109808276311
2026-06-03 03:26:00,71.13254240849014,117.0909055527766,3.0946166470938268,1708.1973699157863,18.35420441887083
2026-06-03 03:27:00,71.23031246917732,117.3657445616926,2.8631097789017614,1703.555224250999,18.52669924291225
2026-06-03 03:28:00,73.43329566441342,114.89094644578371,3.2613621554005454,1689.856236653726,18.64767737288581
2026-06-03 03:29:00,72.58791843156757,116.29920369533704,3.329940471562111,1719.4032259423645,18.768172942281076
2026-06-03 03:30:00,72.79450827070009,116.49075203543832,3.1679365911504904,1708.0545360696203,18.041815026854476
2026-06-03 03:31:00,71.6904535570299,115.06955295930754,2.8399382560622755,1731.5348740621587,18.66621372802987
2026-06-03 03:32:00,72.90634792550128,116.94234438805177,3.122569877151398,1716.7114061042357,18.161341149034225
2026-06-03 03:33:00,70.6743655852693,115.12670362889473,3.1154939202871073,1724.094796982853,17.366264167768215
2026-06-03 03:34:00,73.07582409996245,116.10533520057022,3.076133525544657,1716.1442809486975,18.206230618843804
2026-06-03 03:35:00,71.9233656128624,115.74792432297325,3.2600557341305194,1701.4615710119372,18.065148922853886
2026-06-03 03:36:00,73.40272861853974,114.8251943961295,3.090080476557682,1730.5661091427444,18.048104470021062
2026-06-03 03:37:00,72.96722472386747,113.55267121692994,3.3837090291686,1717.7700447567906,18.0689665502174
2026-06-03 03:38:00,75.12180820570156,117.92707405393885,3.2391440631115542,1729.1684051417774,18.62720955746107
2026-06-03 03:39:00,74.01470386012805,115.51397084446405,3.1349025895875235,1717.2914251884197,18.36542462018165
2026-06-03 03:40:00,72.57956812248119,118.48576000724107,3.199658981440798,1724.1598260866158,18.22401470373509
2026-06-03 03:41:00,72.03261005348722,118.44200437315088,3.3013527151731306,1724.0155778766746,17.965880055629462
2026-06-03 03:42:00,72.44263203303478,115.86276929843727,3.2328940455832442,1686.9549464733473,17.944358551915457
2026-06-03 03:43:00,73.1256586439576,119.3625415436746,3.0923366107624553,1716.8805725346565,17.68977023222714
2026-06-03 03:44:00,72.91314637844876,117.34743111658031,2.9825014053324095,1731.5190007252172,18.07596912504456
2026-06-03 03:45:00,73.17875404408225,115.48622533921117,2.915724026259806,1701.515000501578,17.915408817368945
2026-06-03 03:46:00,73.45513787260062,113.38012695511924,2.7324477763816217,1694.325191259007,18.191800103264203
2026-06-03 03:47:00,72.49099714664894,117.11975492699527,3.1123995911696154,1715.171189174742,17.318748807791728
2026-06-03 03:48:00,72.36939858010705,115.90750944397399,2.9998465138899397,1719.4104298050152,17.327603040427192
2026-06-03 03:49:00,73.04403062817586,116.53530021494697,3.0177251398107368,1706.6616639360625,18.212825060527692
2026-06-03 03:50:00,73.37537461058369,116.06101973985949,3.2433701735943536,1737.202502584421,17.51361898801078
2026-06-03 03:51:00,73.2408624708798,115.26060814078663,3.092071553905564,1749.430816878133,18.240604216020454
2026-06-03 03:52:00,72.8466547889617,116.24443487417784,3.401390005335769,1694.5487285443032,18.04611512197822
2026-06-03 03:53:00,72.33272038393908,117.35735190685882,3.014660836184107,1714.3652474920225,17.896962407250086
2026-06-03 03:54:00,72.18532085081034,115.93989703399299,2.9453671572930427,1683.9743450020615,18.216696681099446
2026-06-03 03:55:00,73.21968410254827,116.07451054299304,2.911822008634356,1730.0086292078456,18.264930091335614
2026-06-03 03:56:00,72.58729439482674,114.26246119032194,3.180794371720719,1704.2785058627487,18.261374406711525
2026-06-03 03:57:00,71.35465480399421,116.35258090730864,3.2555989303194908,1709.4381220922699,17.68076806873489
2026-06-03 03:58:00,71.68721296183004,114.7108861944754,2.980521067178555,1731.1574394129364,17.668819541131374
2026-06-03 03:59:00,72.03688932143287,117.02336191423201,2.9018112929872513,1692.3557924180104,18.40985744186781
2026-06-03 04:00:00,72.07846169025694,115.51818172889129,3.322814953920293,1694.9612805644379,18.109698522081622
2026-06-03 04:01:00,73.06302774986597,116.00310730511423,2.87296986553328,1683.9438954887316,18.325331862616185
2026-06-03 04:02:00,72.77771594579185,119.1086095681558,3.2523216459641744,1739.215636752571,18.05706649207874
2026-06-03 04:03:00,72.36641890241846,116.10468849263621,3.012524633276702,1735.2076518263589,18.418386661379035
2026-06-03 04:04:00,72.81201003017163,115.85603306274656,3.1518791597069455,1714.0546501351569,17.196861352275448
2026-06-03 04:05:00,73.27797453019234,117.18482151634325,3.2603432672323955,1700.6323197663387,18.701598410237438
2026-06-03 04:06:00,71.93201834883347,114.16310657745392,3.1584664777947604,1729.9170694425886,17.970595298894647
2026-06-03 04:07:00,72.69631714789836,117.94617471200904,3.0520584923066325,1760.5895140431828,17.723033603346302
2026-06-03 04:08:00,72.58729883881064,117.2993061206292,3.2831864604142833,1711.2190598849209,17.628290455745315
2026-06-03 04:09:00,72.2671143211192,117.06773532773597,3.139258089998534,1701.1350180548552,18.113761410012177
2026-06-03 04:10:00,71.73587763836714,112.47852456318157,3.6544458629208734,1739.0392785884192,18.221362613120814
2026-06-03 04:11:00,71.03598349106208,115.82132724563601,2.8197348854883386,1698.1142928253337,18.122788046890417
2026-06-03 04:12:00,72.36967814071524,114.82461994477401,2.8321482484132465,1712.5273411798296,17.69896872734373
2026-06-03 04:13:00,71.25004070341168,117.50131580297935,3.2259649293385855,1675.7845219801143,18.424662307461585
2026-06-03 04:14:00,72.0907215507554,117.44752283815542,3.074200627320055,1711.2435606091456,17.882515006647083
2026-06-03 04:15:00,73.34761489247492,116.4734421735653,3.1860800963482165,1694.263429093892,17.774189614327394
2026-06-03 04:16:00,72.35296838384649,115.2841901104307,2.950437769651834,1741.9214734167736,18.273454397114858
2026-06-03 04:17:00,73.11542194161763,118.4639059640298,3.1195034398087564,1707.6345508850723,18.6005090611074
2026-06-03 04:18:00,74.7360598090031,116.20039471596961,3.1696048276869577,1731.8985855265291,18.24399376365778
2026-06-03 04:19:00,74.22318707390995,119.11478678404538,3.0483328070270583,1724.4038051959626,18.257233282695374
2026-06-03 04:20:00,72.31119731318844,116.62115245181964,3.1216203206487863,1719.249639853487,18.02184653227933
2026-06-03 04:21:00,74.41798086292623,117.87991310797078,2.9472206385529924,1738.1232293367168,19.12353414205573
2026-06-03 04:22:00,72.93685617012632,115.74431782023082,3.1456689675026377,1716.4873080567072,18.570490157184278
2026-06-03 04:23:00,74.24501968628682,118.13254776423061,3.3130972750484102,1709.538948760273,18.36843622584843
2026-06-03 04:24:00,72.07728673858188,116.98110547343417,2.8977622928077578,1704.499403646129,18.184936090108856
2026-06-03 04:25:00,72.36324154708389,118.21613491771481,2.904284657510474,1727.430230023067,23.308303138894132
2026-06-03 04:26:00,72.14950219366294,116.83932402820001,3.286906465551862,1693.1575833012564,18.49854311492534
2026-06-03 04:27:00,72.7705006206227,116.28756550620047,2.892255121744409,1743.0926243500157,18.24425015587086
2026-06-03 04:28:00,72.70299657277356,117.62792942979252,3.25367502905886,1727.4943023747155,18.376053239409977
2026-06-03 04:29:00,72.539066385934,118.18609485380517,3.1053053557516797,1714.3396929191106,18.37024600538619
2026-06-03 04:30:00,72.20698307631169,117.68704608328699,3.0351243695491985,1723.5508043780778,17.015381143046806
2026-06-03 04:31:00,73.09052170353176,116.28148001625736,3.2943528207123807,1705.9603526173178,18.46889194794884
2026-06-03 04:32:00,72.62593389853713,114.2876632950618,3.24031053821024,1717.5469511988144,17.74945511699135
2026-06-03 04:33:00,73.02355658853465,117.32546941031066,3.1321577551147857,1701.0642386883799,17.889271563724
2026-06-03 04:34:00,71.14303526499285,114.48670867622707,2.75797698442989,1721.8016814494401,17.546504207723498
2026-06-03 04:35:00,72.43534452652166,116.20707638886249,3.18450935622547,1714.3574222863947,17.787968949985753
2026-06-03 04:36:00,73.44127106265702,117.06298022882812,2.9861643213720024,1732.1706965570468,18.46481966110002
2026-06-03 04:37:00,72.30680047900672,114.62233745979657,3.055036683580534,1739.8958928892123,18.517570294079785
2026-06-03 04:38:00,73.70478737468142,116.4149163654868,3.0656276207736424,1700.8423762865764,18.499582210248708
2026-06-03 04:39:00,73.14138063372062,118.78300185421269,3.3644463025813423,1714.0376846235283,18.875352158671962
2026-06-03 04:40:00,72.68540709240695,116.01894194192009,3.054951596596685,1693.8163476226523,18.23792935960986
2026-06-03 04:41:00,75.71068179316555,117.49481972756524,2.8916351667700173,1729.2606714702486,18.20025664931718
2026-06-03 04:42:00,72.42866263401308,119.40722899964639,3.325806635792252,1720.8097462863195,18.602027743574762
2026-06-03 04:43:00,74.17040889790455,117.65425375893278,3.216801025324542,1721.8484344775195,17.967901417545466
2026-06-03 04:44:00,71.22349997733787,115.45100780221851,3.1961010221679342,1713.9705131181242,17.726069836697555
2026-06-03 04:45:00,72.84991644846788,116.80694508264041,3.3247645223489184,1711.6275167184926,18.114378461144636
2026-06-03 04:46:00,71.2411034870078,116.73660386330731,3.335792503533356,1752.9026544570584,18.066297249698717
2026-06-03 04:47:00,72.68313232086992,117.95923155432736,2.948816943382477,1717.088659466981,17.292585757100547
2026-06-03 04:48:00,72.34732036704831,117.60813249085835,2.868103009228253,1719.7980469704898,18.502415829526587
2026-06-03 04:49:00,71.89802224682401,112.74821670090397,3.1978421894006193,1697.2030493377817,18.132068289885027
2026-06-03 04:50:00,74.37332216566053,115.72239281014433,3.0772857873309234,1736.6077789375688,18.6941981653918
2026-06-03 04:51:00,72.82454767555667,116.55508135984313,3.0835075280108155,1720.002863886623,17.691362253830015
2026-06-03 04:52:00,73.71639488812184,115.50911226989277,2.9469133740610425,1729.7199583660718,18.09770108174544
2026-06-03 04:53:00,73.5527458742461,112.00804109010573,3.1841278897691168,1732.8436884224689,17.9377647291804
2026-06-03 04:54:00,72.15596685680671,115.80052972666103,3.1717378035357435,1720.7250076795524,18.25453873121878
2026-06-03 04:55:00,71.22464444703274,115.90735523120094,3.037454484348561,1702.0009279851756,17.94241893392219
2026-06-03 04:56:00,73.44472637249484,116.07047717994736,2.90513658280941,1687.7615323523628,18.698243944693083
2026-06-03 04:57:00,73.4977603429066,115.30048689759036,3.2811604245664334,1714.1498802086703,18.287913137544862
2026-06-03 04:58:00,74.4041473324526,116.68333610959948,3.147260913559982,1711.544943536082,18.020241677881195
2026-06-03 04:59:00,72.94967211193327,116.97289378576035,3.27175575788729,1703.670040433804,19.15567947406323
2026-06-03 05:00:00,72.05236755202516,115.59045565631396,2.761399601106234,1737.1665849072008,17.970158452625284
2026-06-03 05:01:00,71.30423712733628,117.64724956272201,3.075267271328065,1728.0902567697397,17.6378501502314
2026-06-03 05:02:00,72.74119769516616,116.30786250976765,2.9750388594141897,1689.0671472872982,17.365241926981305
2026-06-03 05:03:00,73.00894903892554,115.57750514538014,3.1136435296498317,1723.949944340906,18.347824681742612
2026-06-03 05:04:00,73.10571621767265,115.3130262271468,3.252312985748192,1709.90762378202,18.60754245963221
2026-06-03 05:05:00,72.01815003829985,115.79106665759494,3.125267466363183,1719.456981459429,17.56732707860771
2026-06-03 05:06:00,72.76975259038437,117.500329854601,3.0803333398034587,1703.528296915479,18.33210869736852
2026-06-03 05:07:00,72.03521192127343,115.25467173093666,3.084790277381688,1708.4896888957446,18.155005522688523
2026-06-03 05:08:00,72.09100068706849,117.06941895989385,2.856326128617181,1732.5037719253116,17.46783417264601
2026-06-03 05:09:00,72.45417581192123,116.16786652352415,2.934308007361609,1726.3487572426245,18.277473476883817
2026-06-03 05:10:00,69.65507704016966,118.42970804424347,3.2373816970704428,1736.4799160525572,17.912894163153084
2026-06-03 05:11:00,71.95564960261414,116.68759782716442,3.005455879939589,1713.0015609259676,17.659204217095102
2026-06-03 05:12:00,72.06514750441052,115.65522606465717,3.2706026935133696,1698.0730388948741,18.629309288189052
2026-06-03 05:13:00,73.19138639201508,116.99803334131845,3.1982483007754663,1728.6779377846385,18.432341029241652
2026-06-03 05:14:00,72.51754579784512,117.35917239301487,3.227557166817787,1733.041589837619,17.758456617534918
2026-06-03 05:15:00,73.128914638681,116.31233055069241,3.169186742832637,1733.2739734196614,18.511753480915825
2026-06-03 05:16:00,72.12491571969227,114.68511200875143,3.0067258886083206,1703.2691608305688,18.12226299689698
2026-06-03 05:17:00,72.34718579535826,117.05498409853698,3.0714433155815244,1702.7611907619978,18.17870290658822
2026-06-03 05:18:00,73.2425002364195,116.85852759358917,3.2148785105194158,1731.8035891426955,18.184892217688006
2026-06-03 05:19:00,72.77884938705911,114.53072041927523,2.771196583316964,1704.7154456420988,18.115921307909538
2026-06-03 05:20:00,72.27258909691656,116.61053592104953,3.2735738403782237,1712.7818772926666,18.527956698172627
2026-06-03 05:21:00,73.31139170394047,116.0629913552536,3.046807605711866,1767.962755487465,18.57735178988788
2026-06-03 05:22:00,71.96700941825972,114.56884532837941,3.079561894693981,1750.4351333313673,17.422636752523506
2026-06-03 05:23:00,72.7006591223876,116.38930344533605,3.1091401562284036,1736.0482594877828,17.54853758436163
2026-06-03 05:24:00,73.26895377453395,118.1497246092791,3.10137325486768,1711.535624104256,17.56226591151654
2026-06-03 05:25:00,73.00465814748603,117.82936266993435,2.894933005379851,1707.560980636288,17.646559305313954
2026-06-03 05:26:00,72.11233659341711,117.76353347663098,3.1312541519999866,1732.4359382328892,18.011646966026827
2026-06-03 05:27:00,73.7691770010713,116.90369140249386,3.194528823759038,1743.5296832471483,18.1092249574174
2026-06-03 05:28:00,74.19457201068599,117.50662359343922,8.104588090476545,1716.2143633906853,18.369609407304715
2026-06-03 05:29:00,73.42334168006452,116.44016868249442,2.8930018153395416,1710.7719239721227,18.147362242769066
2026-06-03 05:30:00,73.23896949198289,115.17346812063784,3.2343484109173835,1721.3093943371334,18.23032212811107
2026-06-03 05:31:00,73.44877112150755,115.38295044201526,3.204439752990578,1698.7595447915803,18.692228456131236
2026-06-03 05:32:00,75.1481480155705,115.97144655928467,3.1581487632905447,1702.2916620826456,17.67935321327645
2026-06-03 05:33:00,72.12288057349643,117.86367981906272,2.976481047515758,1698.1205552350336,18.224607047275967
2026-06-03 05:34:00,72.75434859526084,118.08747977533078,3.227038618071426,1732.1302176523968,18.529365195792973
2026-06-03 05:35:00,72.03471837139203,115.33513006299242,2.9282971056372733,1725.826362416333,17.810417824086908
2026-06-03 05:36:00,73.5979497861109,116.16077465946196,3.052513281619202,1731.6769887337166,18.261866480732376
2026-06-03 05:37:00,75.12489305699995,116.37180305371724,2.9276881677999116,1698.674486392041,18.576494471546606
2026-06-03 05:38:00,73.5869646500328,116.97720157462926,3.1199211900294395,1706.090604412398,18.56436008264335
2026-06-03 05:39:00,73.0066585143108,116.15100619948414,2.965058541292652,1730.759257195188,17.43005109515588
2026-06-03 05:40:00,73.58558212458618,118.60921742467309,3.241530794275242,1712.5513855956212,18.846707539589143
2026-06-03 05:41:00,74.02032483417162,116.49777182397905,3.1663412524995955,1708.2813288309903,18.350904593056203
2026-06-03 05:42:00,70.96400729057203,116.25631269019966,2.980875297940931,1728.483599063149,18.159893576188352
2026-06-03 05:43:00,70.31198266468684,116.21174898965896,3.2263874919575097,1704.2743101016333,16.61503037945627
2026-06-03 05:44:00,74.87975295834985,115.33954647859684,2.96141074239299,1714.432898321174,18.073828519121637
2026-06-03 05:45:00,72.88828811461389,116.44945917994754,3.0826536458990486,1713.837905128904,17.586121608058292
2026-06-03 05:46:00,72.80918927300404,117.49760950027881,2.9892987551534804,1713.4630838983026,18.62878343215815
2026-06-03 05:47:00,72.79344219713084,118.24599268322225,3.209939998583034,1729.9908830785785,17.797373391936137
2026-06-03 05:48:00,73.7378677159549,115.30524192722692,3.208691027571385,1704.284865887641,18.933016473659997
2026-06-03 05:49:00,70.91352592472478,114.2401238308323,3.2661231686346572,1711.3441976450358,18.412362420982852
2026-06-03 05:50:00,72.05508163908915,116.4384705423385,3.1033749370391726,1735.6210331886505,18.270494418000933
2026-06-03 05:51:00,73.98773582621243,118.28282985017921,2.686180803547181,1758.0153385641688,18.9300581504672
2026-06-03 05:52:00,70.53628673860428,116.60801547160266,3.0138030446373394,1695.3370826937407,17.710482931478296
2026-06-03 05:53:00,73.27844339375771,117.57658403370031,3.352137538628404,1728.4348102873698,18.07400821379204
2026-06-03 05:54:00,72.41680202172975,114.72176793391081,3.041521920931088,1715.2025491954264,18.545978149790486
2026-06-03 05:55:00,73.0846101515894,115.97699618745085,2.8232616466363427,1720.6965033474514,17.95576525439208
2026-06-03 05:56:00,73.2170741435341,114.19363502794396,3.1893310978166336,1712.5425375386594,17.88415826659619
2026-06-03 05:57:00,72.64779850221343,116.55127036236136,3.1934259739488273,1734.3004801776472,18.232609546670133
2026-06-03 05:58:00,72.08775605030411,114.17562743624849,3.009099537571819,1734.203288248856,18.03348922275571
2026-06-03 05:59:00,72.42481295985137,117.75370170326728,3.0399548116400856,1753.2365690247404,18.823408033627185
2026-06-03 06:00:00,73.42809663460778,118.69988367351311,2.9951788035663043,1704.6384491397403,18.727192478580054
2026-06-03 06:01:00,71.38813033612637,116.41294997716477,3.1613306406467947,1690.370389909695,17.891694917783674
2026-06-03 06:02:00,73.20563755880245,114.7627176850542,3.1136769451129243,1751.8583758186955,17.888355986837304
2026-06-03 06:03:00,72.91873053886219,117.02820053215599,2.9302900819669335,1720.2528915991377,18.424138470497375
2026-06-03 06:04:00,72.92179745946123,118.8762673805486,3.1082556466096993,1715.0854757065797,18.797671917197814
2026-06-03 06:05:00,71.47594417742988,117.17161264306223,2.996761680374119,1724.1666879654617,18.4167288446216
2026-06-03 06:06:00,73.03889999765813,117.66832378249502,3.302248636996375,1695.695120005384,17.742760020028435
2026-06-03 06:07:00,71.2022394930454,115.5121417885309,3.2070106708190185,1720.2291054058749,17.47248890067717
2026-06-03 06:08:00,73.57219789290734,115.71533878711712,3.09904415471208,1722.273281712227,18.22915943432276
2026-06-03 06:09:00,72.46257310048738,116.46955951662159,3.1157992183636436,1736.8346007253829,18.40363922154232
2026-06-03 06:10:00,73.37578955528187,114.53133895873127,3.274958793168039,1737.4336676716782,18.23349881772728
2026-06-03 06:11:00,73.89153939234205,119.2017589730478,3.072948621556003,1733.9030300285463,18.645511481238945
2026-06-03 06:12:00,72.57808454850024,116.24397504970537,3.1855185449314414,1717.2144727101115,18.249066623473436
2026-06-03 06:13:00,74.47888477730609,117.82755395537767,3.340769680106119,1747.897546945687,18.488652993388467
2026-06-03 06:14:00,73.03649042516619,115.83228078065902,3.0187737577715703,1727.125009603448,18.396024815866216
2026-06-03 06:15:00,73.51569371164105,114.74768577825427,3.353547726610176,1713.3283819139708,17.744035350586
2026-06-03 06:16:00,71.17930529351081,118.01308604366292,3.290074750032269,1705.2230767003005,17.951762080051918
2026-06-03 06:17:00,73.72431158634544,115.64024545318738,3.1698948730717618,1716.0742391108306,18.07848402983594
2026-06-03 06:18:00,72.28488596121058,116.65101306962782,3.0155736366056116,1725.2645384427287,18.26995817291302
2026-06-03 06:19:00,73.76617051131116,116.92532110109812,3.128324685880725,1698.6072959720418,17.78680540970925
2026-06-03 06:20:00,72.64806985356809,116.61526822236148,3.0650933094814508,1722.680278161893,18.296038253690813
2026-06-03 06:21:00,72.54399299371671,115.22455160981727,2.958821067825159,1703.054261695308,18.017221746167124
2026-06-03 06:22:00,73.3651061867219,116.41269147169557,3.1859912897075224,1702.4331886654802,18.536121903276065
2026-06-03 06:23:00,74.87819196945782,115.83596492936576,2.978206416475595,1709.972044484262,18.009344771075703
2026-06-03 06:24:00,72.58229312384368,117.31565742591502,3.0388597578250316,1717.571715988606,18.35302658274581
2026-06-03 06:25:00,73.88148426504051,117.29548366604085,3.0584982361317814,1732.9183209686614,17.87702294244315
2026-06-03 06:26:00,69.96716222809661,115.63984424798583,2.8395795593312463,1698.7346493511516,17.447035611900493
2026-06-03 06:27:00,71.66463230421873,115.7959021592529,3.1972990651531257,1688.5659956006461,18.18192350352145
2026-06-03 06:28:00,70.96313760766863,118.92368802142254,3.0587430633809896,1765.91376311829,18.675185240120523
2026-06-03 06:29:00,73.11370426769957,114.67998136041246,3.2776570394339224,1733.3330597478,17.784588427730927
2026-06-03 06:30:00,74.16213841612954,114.95806671671626,3.084075545098962,1738.1388875086388,17.694678551819866
2026-06-03 06:31:00,73.49431354230578,116.29001856483956,3.031572439777587,1742.9305223850406,17.816103093803335
2026-06-03 06:32:00,72.3224282454036,116.12250206509918,2.959780849905156,1720.4809991254122,18.062014656905372
2026-06-03 06:33:00,72.29180030955784,117.68841816349804,3.09727566209058,1716.2592392159202,18.93327795377358
2026-06-03 06:34:00,71.72011995289685,116.68381877944935,3.067267003731743,1732.449924899506,18.10957186648247
2026-06-03 06:35:00,73.44085210971522,116.178377038057,3.1874614325302617,1735.4749241983725,17.770172695855138
2026-06-03 06:36:00,74.89478361555518,117.37026589611214,3.1280435523319183,1732.8259423455872,18.328422109473873
2026-06-03 06:37:00,72.3300655034258,116.42610825367595,3.3705882780516077,1724.5375926535162,18.55214207884023
2026-06-03 06:38:00,72.76388337468508,118.77380186163948,3.1517348427795215,1698.0788671768314,18.02861649732127
2026-06-03 06:39:00,73.78514230156047,116.66245414029471,2.942535657096601,1714.2501968273637,18.087858924351114
2026-06-03 06:40:00,73.79592241369191,116.18300563049038,2.9726317612022095,1752.2278642687047,18.33797397132932
2026-06-03 06:41:00,73.10053112785086,116.94484349591221,3.1939957654014135,1734.820392791113,18.63174747086225
2026-06-03 06:42:00,72.51224470996897,113.16531590730571,2.9344328630302803,1695.5061033099237,17.943706260217212
2026-06-03 06:43:00,72.9470879159102,116.8258526560185,3.2135619713959604,1716.90052171763,18.781429493362285
2026-06-03 06:44:00,72.36056456654504,117.56186499434835,3.2176982586857066,1739.7848313573504,18.550251311618815
2026-06-03 06:45:00,72.65388928842295,117.49652880436956,3.256221850541603,1730.4803620789808,18.63234987860454
2026-06-03 06:46:00,72.94445402142834,116.42049113552915,2.940436838009772,1716.8913248727388,17.941429190508526
2026-06-03 06:47:00,74.01604102935366,117.56963254494822,3.257590380126371,1727.0533557474255,17.83588529324671
2026-06-03 06:48:00,73.83441253295709,117.66928916131266,3.138080472916439,1716.684996535568,18.0831010174209
2026-06-03 06:49:00,71.01116453249192,117.86757547616946,2.985972366720256,1707.5669616149137,17.811218636481115
2026-06-03 06:50:00,74.31995941105167,116.93624800710435,3.06937655657561,1706.153514019553,17.888042702935174
2026-06-03 06:51:00,71.83445313832291,116.1668830132636,3.1737730795723906,1735.7710917153174,18.17736115285631
2026-06-03 06:52:00,71.66761467597372,113.53690417934841,2.9866143731943504,1721.071588468952,18.348259490419505
2026-06-03 06:53:00,72.75585264148808,117.80006305189855,3.1536959138294014,1732.2891956929216,18.064003384412917
2026-06-03 06:54:00,73.61348998457048,116.90189973182198,3.3024174066473897,1725.315757553717,17.591903430173893
2026-06-03 06:55:00,73.46670844358145,116.82631620791825,3.254150074413362,1743.0390779511952,17.938063795761675
2026-06-03 06:56:00,72.98115701563269,115.76244841379189,3.118171942895491,1727.9944404556213,18.970193384817485
2026-06-03 06:57:00,72.23703694857937,117.59375185215643,3.1308260211786934,1731.4950700162515,18.437280825834513
2026-06-03 06:58:00,71.53886541318619,116.0111230558636,3.007277677089268,1720.1066691505423,17.776809742086282
2026-06-03 06:59:00,73.8981641531554,116.45472461384531,3.02325094872165,1705.7354240827913,18.763617286004756
2026-06-03 07:00:00,73.86684113352634,116.54677855534183,2.877018213164069,1718.1352766396365,18.210998675767968
2026-06-03 07:01:00,75.21340176479929,117.60554279336131,3.175381173455925,1736.3917325760767,19.44407070179141
2026-06-03 07:02:00,73.77199811428969,115.34891339311623,3.2175262184963387,1733.1953817683243,18.468456786629933
2026-06-03 07:03:00,71.35927771240601,117.41154207391403,3.105138799789224,1744.9184839768634,18.59444750016312
2026-06-03 07:04:00,73.74122605858597,116.50338017419593,3.0262977842209016,1724.6804768404836,19.01913847739777
2026-06-03 07:05:00,73.56162169389586,115.77189787633026,3.1162434263031273,1724.6548044760518,18.891822177371466
2026-06-03 07:06:00,72.8714716912028,117.6459107127651,3.306839528884484,1719.1776449334882,18.116208919491392
2026-06-03 07:07:00,72.84804955346493,115.45352741018903,3.244534685702335,1746.3321756421637,18.883601856854835
2026-06-03 07:08:00,71.38095326942454,117.19189822188063,3.071030001455592,1720.7369600876632,17.816366647321235
2026-06-03 07:09:00,73.35679050545194,116.42099949541083,3.3937385219793006,1723.2587055387933,18.0051013637031
2026-06-03 07:10:00,72.92240340216073,114.30079254747055,3.490055858224456,1716.5147659826252,18.142930684453155
2026-06-03 07:11:00,73.64670876358807,118.26024891460658,3.0361704673281804,1718.2623406533821,18.679611127611775
2026-06-03 07:12:00,72.24178301252469,116.74663687849257,3.054739445159546,1696.5943860620152,18.055081330332584
2026-06-03 07:13:00,73.07306164101007,116.93896675601295,3.2017340760159163,1700.628844667689,18.89329639953179
2026-06-03 07:14:00,72.42723179675049,117.95741264155555,2.9796350028529868,1725.9989585129765,18.904941115193562
2026-06-03 07:15:00,73.25481844703084,118.47840530932746,3.2393261627424006,1723.2034428781235,18.355508903634234
2026-06-03 07:16:00,70.71717946209871,116.61099383794595,3.1065375915183284,1721.0298388166893,17.79845967935455
2026-06-03 07:17:00,71.17577709174377,116.95587978852099,3.136754773524752,1730.322638813164,18.50801493949607
2026-06-03 07:18:00,73.25123983686684,117.19996777287514,3.030653967082433,1724.788015375015,17.539020596942358
2026-06-03 07:19:00,75.18795727133498,116.2324901291155,2.991439921601894,1716.694413938545,18.6184833714447
2026-06-03 07:20:00,70.41472931264059,114.02753832221607,2.7640243058253553,1709.2191818838605,17.634303056872053
2026-06-03 07:21:00,71.6318171703906,116.5712472931363,3.3102731892827277,1721.1698130441882,18.659175911931648
2026-06-03 07:22:00,73.0827456823095,118.1093883192511,3.2381944946222116,1713.6954757926305,17.673005927123775
2026-06-03 07:23:00,74.68824178414233,117.33635128569452,3.2100939662498877,1737.783926321432,18.05329807753287
2026-06-03 07:24:00,73.50854017404593,115.39249325905601,3.1638089951804376,1722.1429052163169,18.511958195587646
2026-06-03 07:25:00,73.528080690397,117.80020941105072,2.75324474583557,1723.5507161317885,18.482236649828735
2026-06-03 07:26:00,72.8723182222202,116.19983678915308,2.9920815311723676,1708.700837507102,18.035160687838214
2026-06-03 07:27:00,72.41641346889116,113.90202432302733,3.0557515482894257,1734.8058777100505,18.07337770436902
2026-06-03 07:28:00,72.44298803244622,117.41010485361502,2.917039398816863,1737.4327554617266,18.47536464226911
2026-06-03 07:29:00,72.09323136492706,115.17547468980224,2.8333004693405743,1697.0185455588116,18.55768396897296
2026-06-03 07:30:00,73.36244878049212,118.52839070250045,2.9461633495891344,1724.5668916130262,18.055053814473926
2026-06-03 07:31:00,71.46077784584372,117.750225763217,3.0988979544562842,1716.6866363880006,17.943596097818045
2026-06-03 07:32:00,72.3421604437447,115.54172628044982,3.0617488744843597,1715.1283429831603,17.35993489459566
2026-06-03 07:33:00,72.54933403933124,116.81017362964987,3.2200578794069594,1723.5672956721698,18.23092555461664
2026-06-03 07:34:00,72.61312692012817,119.30115408629055,3.4023070756342424,1685.0416871253042,18.52127751807368
2026-06-03 07:35:00,71.26272479406578,117.48856466651183,3.18876797608853,1728.573051431777,18.20482057903154
2026-06-03 07:36:00,71.80871115802255,116.58211107755193,3.0600856172754596,1733.969580112336,17.7781370215637
2026-06-03 07:37:00,73.98700213172056,119.98102526965454,3.3709850085830535,1738.5592804348896,18.97162818853467
2026-06-03 07:38:00,71.91563030197375,116.18235196334801,2.8321265191568967,1699.7140645624818,17.179265868998616
2026-06-03 07:39:00,71.97032296580277,116.57197987920686,2.746427008310948,1711.1861033340188,18.288191626126128
2026-06-03 07:40:00,71.80639587595566,115.13155491643286,2.950658871347227,1708.6497392888027,18.21419011554511
2026-06-03 07:41:00,73.14859037068382,114.57625440111822,3.227555919840218,1692.416874273815,18.480430038894745
2026-06-03 07:42:00,72.62256603824558,116.51478108803276,3.1492936270280305,1715.4938596050345,18.11534009495362
2026-06-03 07:43:00,73.25127746485492,116.63177553195453,2.9364638328836645,1704.8808556483693,18.231876403669176
2026-06-03 07:44:00,72.11193660079236,116.30282824277992,2.9514499491233073,1717.1207208783273,18.071196186590594
2026-06-03 07:45:00,72.80768966272002,114.57187368435692,2.8988174042920907,1692.5362672925319,18.10347160643277
2026-06-03 07:46:00,72.11591584906287,117.21220104326903,2.908399862297247,1704.231997234506,17.492190829734064
2026-06-03 07:47:00,72.51185071310717,115.39628312134137,3.325508382892278,1710.777981282964,18.881373343138932
2026-06-03 07:48:00,73.42635762111613,117.22878238343871,3.078371498165147,1731.529752065769,18.509229592023235
2026-06-03 07:49:00,71.94767198035828,117.18032280770277,3.3359980484671956,1755.7787712239783,18.0430426836793
2026-06-03 07:50:00,72.47015404619302,115.8753882679694,2.956497788294518,1722.5463383363108,18.214635838181994
2026-06-03 07:51:00,74.42993069715524,115.29699558640627,3.1705739723260415,1703.899381976064,18.90028436363643
2026-06-03 07:52:00,72.38345405546607,118.42450185613984,3.13887057739945,1710.7751386309503,17.98896983256624
2026-06-03 07:53:00,73.02357608911967,117.12711517048328,3.2039269464381306,1724.2658133090076,17.652517252923655
2026-06-03 07:54:00,71.50561268683622,116.39705020943697,3.1191608496434426,1696.0056476275047,18.44737011456337
2026-06-03 07:55:00,71.53171452769564,117.26605814595507,3.181358830960155,1723.1700539134597,17.937048500289833
2026-06-03 07:56:00,72.8175039873707,116.22540503920638,3.1581623732388535,1719.1076910918835,17.65879144155355
2026-06-03 07:57:00,71.89454696139013,115.40681089048431,2.9130705193606024,1713.4761878705697,18.511182869886888
2026-06-03 07:58:00,71.02533490062955,114.7976157142123,3.1765510940947497,1688.055483289512,18.117812264960957
2026-06-03 07:59:00,71.12761717056429,116.22262290437914,3.074667269842216,1731.8322317213615,17.81680775460988
2026-06-03 08:00:00,72.07241814498587,117.20831904964099,2.9689756948636146,1705.6723589893138,18.337256788865957
2026-06-03 08:01:00,71.65695310742848,117.2857001526627,3.1452959394740088,1710.5452380486115,17.945271854220337
2026-06-03 08:02:00,71.85208973722598,116.38530839069419,3.228706857601271,1715.7372112465907,18.14333018176479
2026-06-03 08:03:00,72.09878362076991,117.46636229153827,2.9948393838880643,1689.7178317899222,18.159030511787815
2026-06-03 08:04:00,71.68177143929196,116.17433432100788,3.0428457715085186,1715.6258184795026,18.466205073416067
2026-06-03 08:05:00,71.60851430969846,114.9598948093038,2.8517861169150214,1693.8165727846713,18.314582919516948
2026-06-03 08:06:00,71.65828929282185,114.72038632752995,2.815155078030512,1707.3925393927502,18.186899251690527
2026-06-03 08:07:00,72.31877427613924,115.58309138401715,3.0430257113656722,1722.3660829146118,17.987043541192346
2026-06-03 08:08:00,72.32514184375344,114.84061379678015,3.2096750196367814,1728.71026917541,18.277125750560675
2026-06-03 08:09:00,71.65970892271267,118.71741487327961,3.001076873562408,1717.1396426524027,18.629352188451836
2026-06-03 08:10:00,71.84997705011463,116.7156936277841,3.293404910662883,1702.5880268345038,18.34624189112259
2026-06-03 08:11:00,70.85402816067302,115.68593900623614,3.02261735624078,1700.9645203799812,17.76964738854475
2026-06-03 08:12:00,70.57854716556972,117.88124557769451,3.0241714987567936,1700.8929898917377,17.92968282412325
2026-06-03 08:13:00,73.0247229643195,114.51654230927818,3.028587120222359,1682.3342089992657,18.70589547713161
2026-06-03 08:14:00,72.20854964428301,116.08377336484699,3.230461870597778,1717.7434995809297,18.423889283058347
2026-06-03 08:15:00,70.36767970932924,118.46433858481632,2.9271454167407214,1689.2052722028923,18.093089775886266
2026-06-03 08:16:00,72.36361522993705,116.2582713299368,3.076063970768255,1720.224534809551,18.67171131996277
2026-06-03 08:17:00,73.04400606690916,119.09229488201271,2.9949687636105238,1693.5233823556298,17.860823076653404
2026-06-03 08:18:00,71.28428402439245,116.88941127282902,2.9788771586153597,1694.528656533122,18.10490504658673
2026-06-03 08:19:00,73.49627814054065,117.71615260937556,3.081875919606208,1725.349788046012,18.824769433903764
2026-06-03 08:20:00,71.90764239068764,117.89835980547429,3.0694339075379187,1717.655021128838,18.40966274989818
2026-06-03 08:21:00,73.04758194143297,116.32435070068755,3.245912544690763,1689.3597346594051,18.80955401860877
2026-06-03 08:22:00,74.39868490193763,116.19883301961772,3.117363004445515,1715.4138615551185,18.358839690465473
2026-06-03 08:23:00,72.39353151974214,115.87815978709,3.1510300731437835,1717.4850704076637,17.817862801363972
2026-06-03 08:24:00,71.28336860645777,115.00716288910894,3.105345398189937,1706.597065900936,18.55982803319536
2026-06-03 08:25:00,71.92103331935687,116.2583486305713,3.299730789394556,1712.6861115554477,17.437425321771816
2026-06-03 08:26:00,73.33357359864043,116.19347114407164,3.03455948156475,1719.6445321784006,18.17145528395173
2026-06-03 08:27:00,71.4597013854144,118.07877726962303,3.025177309314206,1714.6931521385295,18.438198178266024
2026-06-03 08:28:00,72.2468934354571,116.44510696504064,3.1606341956443176,1694.891837101321,18.091592830769198
2026-06-03 08:29:00,71.7372774947201,118.87589370543027,3.021983082793535,1714.21123619363,17.179376217887977
2026-06-03 08:30:00,71.84898842861836,113.27646636944877,3.132620038486299,1707.2620900197005,17.395561619111525
2026-06-03 08:31:00,70.2272188909405,114.2075999162427,3.39522398458243,1734.7691405250189,17.788272226047884
2026-06-03 08:32:00,71.4000108960478,115.51689808471046,2.916044599122273,1711.0312579679296,18.1616025240653
2026-06-03 08:33:00,71.02745065583059,117.65484123690823,3.287340428631,1713.542561889059,18.137575975277542
2026-06-03 08:34:00,72.87857611817954,116.21755555852648,3.016105552344528,1721.8841031094464,18.172058547168525
2026-06-03 08:35:00,72.77486661549995,114.58876207308211,3.290662084209187,1713.1674867510264,18.467173133352095
2026-06-03 08:36:00,72.15923022761889,115.60040583193243,3.162543888637943,1701.1285593299754,18.122035618891225
2026-06-03 08:37:00,71.77462275143453,114.64640246764844,3.162283840694283,1721.3434537852563,17.99031594965445
2026-06-03 08:38:00,70.45574409585997,113.92761315466805,3.017353133022353,1715.018707163387,18.01502213648539
2026-06-03 08:39:00,72.15610479454621,118.40355414424006,3.0294218938052166,1744.6381246435885,17.743493475202044
2026-06-03 08:40:00,71.71385134737271,115.84683059487239,2.976282945319709,1728.0530474750958,18.389109006298312
2026-06-03 08:41:00,73.64739816425411,116.60011350692103,3.0937634109950065,1729.9535904386382,17.857403966013532
2026-06-03 08:42:00,71.76177173851401,115.81514720729096,3.0341929379865737,1723.1219619607145,18.15832597669615
2026-06-03 08:43:00,72.6428997817047,116.1501091852042,3.1254463336157685,1709.0038828463933,18.41109413676404
2026-06-03 08:44:00,71.7244540859604,114.66856355513497,2.8335588543613124,1690.1618163976839,17.719128857672146
2026-06-03 08:45:00,71.44585114340528,115.38070984646936,3.053628192738854,1694.9923953512514,18.130715766394825
2026-06-03 08:46:00,71.34622290828158,116.74101471510384,3.2784867572313208,1728.1373438742025,18.785245381127975
2026-06-03 08:47:00,72.3917009428115,118.32278480563828,3.2496354422799456,1742.9300307354042,17.902205419812354
2026-06-03 08:48:00,73.37166063243409,117.39966959853608,3.087633388772414,1727.8466660479992,18.513052562659666
2026-06-03 08:49:00,72.26355642881575,114.63534419832395,3.4575776803517506,1712.138967187625,18.483709612825027
2026-06-03 08:50:00,69.54946752062628,116.63359978314244,2.9432210630124693,1731.1149296621418,17.64077656115217
2026-06-03 08:51:00,71.2711889480531,116.06527526117333,3.0199825033999033,1699.9418455100972,18.067735471196105
2026-06-03 08:52:00,71.82429977109923,115.38618821276133,2.8581463113543126,1697.922413014869,17.966097660448156
2026-06-03 08:53:00,71.27067534589747,116.20365416937614,3.0051305468554252,1716.9300475493314,18.49505001320583
2026-06-03 08:54:00,70.59672382323852,116.44305562225269,3.3185928528632336,1729.4620543034507,16.782575013998507
2026-06-03 08:55:00,73.00635501173224,116.1596692547261,3.0187248704896477,1702.0524076427566,18.629558524239098
2026-06-03 08:56:00,70.65469952391635,116.68984111174838,2.8450619284106176,1689.2754146297248,17.61186329022583
2026-06-03 08:57:00,72.04552969184654,115.32223645539051,3.221318344207467,1718.66926907368,18.214876817790824
2026-06-03 08:58:00,72.31781412999916,118.50225481173091,3.132438626906989,1726.3829716020985,17.729848046213363
2026-06-03 08:59:00,74.13028320299328,114.11865469916138,3.220183334832814,1674.6487892135488,18.815502268400206
2026-06-03 09:00:00,72.56920331836918,116.75647984863824,3.0263128969732,1728.834636059784,17.939905769682657
2026-06-03 09:01:00,71.36602348405727,116.46153774385414,2.917026192859097,1693.1169975209725,17.79386905169518
2026-06-03 09:02:00,73.96479786793331,117.14218962446598,3.0638336746895956,1729.1478804587052,18.6334002321819
2026-06-03 09:03:00,70.42220813173621,114.90310900377219,3.133436976341023,1680.0915304393636,18.169431575916335
2026-06-03 09:04:00,73.9849125156208,118.28935822566801,3.114905745099716,1703.0281791811037,18.309706997221543
2026-06-03 09:05:00,72.68992137084862,116.02027000910945,3.1348497311338863,1724.6120672816207,17.678447727483313
2026-06-03 09:06:00,71.58866881222352,114.72332271250801,2.9959292994497435,1733.52695134252,17.622892481629375
2026-06-03 09:07:00,72.92868099687323,114.87153081175016,3.1427846978517384,1715.66692429436,18.60267931264177
2026-06-03 09:08:00,72.76116486223371,116.73578456529835,3.1052904748188435,1757.0786796141608,18.460641125061787
2026-06-03 09:09:00,73.06802062561677,114.3401275136474,2.9778491353582655,1701.4071060282906,18.197340959303016
2026-06-03 09:10:00,69.59206064137567,117.69247569785323,3.056450424445014,1691.5610658024004,17.962826230075656
2026-06-03 09:11:00,73.12716352534761,117.68829686323342,3.0373022665471043,1714.5279718958602,17.4353339015026
2026-06-03 09:12:00,71.47316853325468,118.09364012072598,3.152669799228765,1706.771910775807,17.820903096963047
2026-06-03 09:13:00,72.98170106808035,118.09667720778373,3.1997048047417116,1717.9984862298659,17.89629703324976
2026-06-03 09:14:00,71.1851231775253,115.18786612290911,3.1159075941108747,1696.9925563391485,18.197631445347177
2026-06-03 09:15:00,73.29314228315064,115.10368397290705,2.8312105101413674,1723.8043826417734,17.485803388378226
2026-06-03 09:16:00,71.98344272495743,112.57534903786848,2.9078628040332957,1718.6698187455215,18.315797768987935
2026-06-03 09:17:00,71.91637427294573,115.52170957022057,2.9717928380401006,1737.6565901733734,18.722364397026976
2026-06-03 09:18:00,72.4080201894655,118.00772579789017,2.939815718076188,1704.4959099774842,17.25683484825458
2026-06-03 09:19:00,73.7286263915921,115.55326902098855,3.0216856077497667,1725.6770946879456,18.280006230627794
2026-06-03 09:20:00,73.49524701273995,116.30695431073698,3.242711238081691,1729.872424624044,18.479166405379967
2026-06-03 09:21:00,70.11238380837045,115.30762815513584,3.1696723293831854,1712.8663912142915,18.33577963536655
2026-06-03 09:22:00,71.16057289504309,116.42330482815656,3.0013096767946594,1709.8024793876975,17.120842701849824
2026-06-03 09:23:00,72.78133488308258,117.38032672399609,3.1445707225280084,1680.203928745914,18.05355938776769
2026-06-03 09:24:00,71.54680826370297,114.42872973300817,3.134378472804862,1718.2613349397457,18.05039424110709
2026-06-03 09:25:00,72.3863874144048,114.22287806921936,3.05108512816116,1720.1352681804276,17.806794156579773
2026-06-03 09:26:00,72.17990367054918,117.59131481969195,3.2260584235616028,1709.8977041840271,18.731306916322655
2026-06-03 09:27:00,71.86383567686285,117.10189903240641,2.9822868060907712,1704.5621242265595,18.024885457258264
2026-06-03 09:28:00,69.9278196670936,115.45074581077535,3.0587140962157457,1684.9718067634044,18.06094350976249
2026-06-03 09:29:00,71.3588687410759,117.95549872402881,2.9028376119641637,1718.8891944614875,17.905367077351606
2026-06-03 09:30:00,72.53990985302597,113.8007142453919,2.8788105090526748,1706.3469396246378,17.815865462449157
2026-06-03 09:31:00,71.5477743374351,117.23665427503052,2.870498451973627,1735.771909445392,18.280653946260035
2026-06-03 09:32:00,72.33455935728585,116.40309688584583,2.951120268429157,1698.058812614743,18.599827134043913
2026-06-03 09:33:00,71.42964309714398,116.84170711591139,3.0867220516863845,1707.7967645151211,17.746138789598493
2026-06-03 09:34:00,73.63337544202201,113.46619139584088,3.043345635139791,1697.9240492182553,18.226437513712746
2026-06-03 09:35:00,71.14730373012218,115.32028979981895,3.0191717229516444,1723.8215701563793,17.891751867225494
2026-06-03 09:36:00,71.55516261501083,116.83673122229082,3.0535175319406727,1731.2865510630281,17.31707131153109
2026-06-03 09:37:00,72.54373816416066,115.51743025907153,3.357803645034629,1736.751107173554,17.415248215250205
2026-06-03 09:38:00,72.37051935428407,117.30908209725303,2.9527119399391797,1718.5243661878358,18.257731798732465
2026-06-03 09:39:00,71.8361734433445,117.56354723683056,2.9737622225900155,1726.4707879785044,17.864038580003328
2026-06-03 09:40:00,71.2551663642931,114.74063448819285,3.0372416334100785,1718.420067539949,18.99025647185218
2026-06-03 09:41:00,72.31652209839746,116.4199940187145,3.140067091409601,1714.3459577483309,18.100829539278
2026-06-03 09:42:00,71.52658086674845,114.26390543505204,3.2471036936683504,1706.8041566544214,17.908289560904848
2026-06-03 09:43:00,70.29878293264697,115.49467674148107,3.2784368058208964,1715.0138619815402,18.319087889523274
2026-06-03 09:44:00,71.29964407524018,116.77357903135714,3.3818790335995397,1745.2495641915903,18.302201873358356
2026-06-03 09:45:00,72.84127144470993,115.4501841927137,3.27247752250679,1722.6471737201502,18.299953907178057
2026-06-03 09:46:00,72.38612186430872,117.18095437384541,3.232316628223036,1716.8486743432238,17.552655225514215
2026-06-03 09:47:00,69.85021926084369,114.64721738915377,3.4886941504095823,1706.353044239172,17.892957121189042
2026-06-03 09:48:00,72.66211798309878,115.54644430104865,2.9094630873184073,1714.3407062673962,18.68032613497064
2026-06-03 09:49:00,72.58002875556622,116.94036301240403,3.343891724841022,1718.2614234134087,17.809042473016365
2026-06-03 09:50:00,71.52047200362199,114.33919189644149,3.3664209139953267,1701.8198235517561,16.940769635368767
2026-06-03 09:51:00,74.05451742646706,114.64525872562456,3.6248894244108367,1726.6192251807572,17.427015738072186
2026-06-03 09:52:00,73.39023207060072,117.37292286783465,3.139800348071719,1730.641374492479,18.76538109044386
2026-06-03 09:53:00,73.20684609204126,116.08471952106817,3.3320358104160688,1745.2150366025867,18.00930520319452
2026-06-03 09:54:00,72.69681567451227,113.64607593699357,3.1712963132534866,1704.8604912323985,18.279416882514095
2026-06-03 09:55:00,73.31565196790197,116.9881521880455,3.160664096191766,1717.1479913093053,17.98830914614177
2026-06-03 09:56:00,72.24084623102503,114.64338545484877,3.3618318184714817,1705.4553554816373,17.367044417149685
2026-06-03 09:57:00,73.35815648320998,114.01647696891466,3.5728372999302938,1712.328467556995,18.70388430766089
2026-06-03 09:58:00,74.11230726791119,113.0939165618671,3.673052275529429,1731.6524976134106,17.90270009913358
2026-06-03 09:59:00,75.61974722896211,116.84527638667858,3.407051720869356,1685.7742918073789,17.78096195401138
2026-06-03 10:00:00,73.88912268224377,114.56841705567753,3.593531039475833,1714.9148804937245,17.984401506057683
2026-06-03 10:01:00,73.19183284854702,114.51851490608631,3.508725119488325,1743.4182543763493,17.889524332786735
2026-06-03 10:02:00,74.46862132737496,116.79834428114437,3.6406413023754305,1734.1916694099932,18.326798901323297
2026-06-03 10:03:00,73.80418853998243,117.09289368567615,3.754095542750713,1733.74108546017,18.24134592952246
2026-06-03 10:04:00,74.59709401019181,115.04499356058987,3.5601380766857895,1725.824477134682,18.188969236440933
2026-06-03 10:05:00,73.32806896660881,117.1410643830874,3.7720208565288686,1705.0085533722533,17.776290320099058
2026-06-03 10:06:00,73.39679420998704,118.40148221295642,3.438611774790816,1701.227167738094,17.302845511389723
2026-06-03 10:07:00,74.34156723026729,117.40563402067752,3.7267544324402455,1699.398062806746,17.56194392655941
2026-06-03 10:08:00,74.82278900438307,117.16032855834432,3.7968671367860356,1692.6706455245505,17.56792876815719
2026-06-03 10:09:00,74.29450546984589,116.00419881131748,3.791869942637749,1722.5623802651494,17.930674610902795
2026-06-03 10:10:00,74.05438962886194,114.79645058529994,3.4721400970071734,1726.410947883262,17.33842298127452
2026-06-03 10:11:00,73.88812922047245,115.33315415655339,3.6412188042128557,1711.8526323493888,17.113989019167125
2026-06-03 10:12:00,74.19476785872368,116.12527132942407,3.7479378170618824,1720.023531631214,17.33955281608814
2026-06-03 10:13:00,74.0315888049452,114.238568959051,3.7965930349490007,1714.36981014491,18.02883818738662
2026-06-03 10:14:00,75.86822788662151,115.17828220993823,3.788557201669071,1723.2185979797027,18.325737545224698
2026-06-03 10:15:00,75.21180519774703,113.93759369538674,3.9729541371697583,1676.9228377916809,17.62279118528126
2026-06-03 10:16:00,75.03218937542191,116.24082355419661,3.602186503688409,1717.5014813786183,17.819271157353267
2026-06-03 10:17:00,75.09823568227941,116.07512728991091,3.7790634729638906,1706.6230700711453,18.233321884566344
2026-06-03 10:18:00,75.74200984685712,114.79308220734347,3.552770112313322,1707.0820325308734,17.85436137772048
2026-06-03 10:19:00,75.01177154437913,116.80285921971893,3.9326952477400567,1714.296606331101,18.383558920382896
2026-06-03 10:20:00,74.64924391422346,114.30734854097962,3.922984924847359,1696.7442406171892,17.717370524759968
2026-06-03 10:21:00,75.9789673690431,115.196828686317,4.390443433284315,1697.5275900674612,17.67973993706344
2026-06-03 10:22:00,75.16503525598428,116.74942464735913,4.045427870980202,1699.647982973686,18.34096086251549
2026-06-03 10:23:00,73.55465721269016,116.37351208866507,3.921698206931789,1681.727424417698,17.50494868325526
2026-06-03 10:24:00,75.38792898283364,114.70369091700924,3.9543131386927577,1691.4527285040076,17.5137805981699
2026-06-03 10:25:00,76.0099037965857,116.37700480902716,3.9153634900192307,1699.379012689897,18.406402934226023
2026-06-03 10:26:00,76.48047746519826,114.60918560408903,3.962885149086934,1685.7238054115714,18.351576175500718
2026-06-03 10:27:00,76.07815713745256,115.48962285331216,4.014371233669897,1717.6173691744375,17.93651353822757
2026-06-03 10:28:00,75.09324120500365,115.92246521703754,3.697225486497384,1696.490688905018,17.47321645155466
2026-06-03 10:29:00,75.26668230284864,115.94151901128497,4.006867868746568,1675.6401055217357,18.248452746986377
2026-06-03 10:30:00,75.92141135253071,116.10830834950343,4.040469623866939,1703.6777048233835,18.014306957563953
2026-06-03 10:31:00,75.64319805655339,115.47761718906655,4.267369330993242,1685.2992928744375,17.662806049429907
2026-06-03 10:32:00,74.700262836342,114.08002465367504,4.01692008843278,1726.8758752523515,17.525522518944275
2026-06-03 10:33:00,76.3547965379499,116.34448501368202,3.9729045696158485,1713.7077564549759,18.39120719402623
2026-06-03 10:34:00,75.75640069735806,116.31805714861451,4.130674724779823,1686.6998516931756,17.385003080065502
2026-06-03 10:35:00,75.54889776696187,116.27903515120616,4.105359616844686,1714.5613017108526,17.244665900480406
2026-06-03 10:36:00,75.3076767365298,114.80806601532643,4.106672574699802,1710.227838723887,18.593548011904076
2026-06-03 10:37:00,76.23577117005847,116.61211162257037,3.9413190844138697,1703.2663149145521,17.41173499967607
2026-06-03 10:38:00,76.21613337229486,113.94840278846256,4.128253024940094,1730.6737506499603,18.148415432713968
2026-06-03 10:39:00,77.35958252326566,115.19923935877942,4.094696431395382,1694.916802123343,18.409485093184692
2026-06-03 10:40:00,75.55594908249367,114.96419699403778,4.138453065070688,1719.4581242454283,17.73147542500678
2026-06-03 10:41:00,75.75817900528375,114.00408512366744,4.313135508178066,1700.776852952109,17.40708087236954
2026-06-03 10:42:00,76.57056241386992,115.05817661666289,4.11211579033216,1705.1517174569133,17.95542604209127
2026-06-03 10:43:00,74.60278229236373,115.28463205272786,4.171673238171957,1689.0040063009767,18.0661374162223
2026-06-03 10:44:00,76.56822316034223,113.02128888661093,4.3163730533493885,1692.5384197886426,17.7431013959621
2026-06-03 10:45:00,78.12268902076981,115.47899507154887,4.261585835240484,1706.161022320826,17.67772909693543
2026-06-03 10:46:00,77.61511287360291,113.49329286026722,4.686734426799214,1679.3735174070407,17.918114081986307
2026-06-03 10:47:00,75.94854725712091,117.52251576048555,4.315549680944202,1706.1686607419579,16.98248425445823
2026-06-03 10:48:00,75.19092031834236,115.2564086391287,4.104628642665869,1701.7423309086837,17.111243607547554
2026-06-03 10:49:00,76.58729244090465,115.57464241910604,4.210609820425663,1683.183027763465,17.608366964271745
2026-06-03 10:50:00,77.87090077336266,116.19790275320032,4.246009666712215,1722.158157403112,17.98431676799969
2026-06-03 10:51:00,76.1328415028123,116.11420967874305,4.245314120635295,1727.0397516644348,17.21357991377763
2026-06-03 10:52:00,78.6065614883072,117.00444324290675,4.496516442459267,1701.1076487857638,18.01522309182304
2026-06-03 10:53:00,77.4939368479426,113.66160891886913,4.247917881370488,1695.4000973868074,17.977600160458493
2026-06-03 10:54:00,76.4505088275939,117.13961127132175,4.383625232162667,1724.266499167498,17.69780930043877
2026-06-03 10:55:00,77.64921319675295,116.51401772107582,4.5856035738415715,1706.3024702100922,16.646233795882416
2026-06-03 10:56:00,77.647565395745,115.61509697722138,4.398714911619138,1707.2239828306172,17.88913852451924
2026-06-03 10:57:00,75.99367648409697,115.16420663479569,4.568978423847582,1716.3075129409697,18.37928457682266
2026-06-03 10:58:00,76.98633272938731,111.93647234425178,4.256793678193417,1712.9087924965283,18.012981917524947
2026-06-03 10:59:00,77.89715259513623,113.65750643244922,4.43712448767222,1723.4314518582873,17.581397385438617
2026-06-03 11:00:00,78.82437737604658,116.06396250342254,4.396671601728896,1705.633262281594,17.57169176373111
2026-06-03 11:01:00,78.3396669950614,116.92824476806145,4.595049910172534,1712.897134568354,17.974599016366962
2026-06-03 11:02:00,78.34660691242293,116.20396431764907,4.401768122101827,1720.8623889509745,17.748056895381318
2026-06-03 11:03:00,78.6622879693509,115.39973541853539,4.895625766781407,1669.8238127463724,18.028221538059736
2026-06-03 11:04:00,77.79463760730599,117.59401096152388,4.3428710099272365,1720.7865707281267,17.202947811923462
2026-06-03 11:05:00,77.44540113485162,116.36802158021743,4.768512556137269,1694.5808919433691,17.629439772372205
2026-06-03 11:06:00,79.02943119231242,115.35922135812815,4.7919972516655935,1718.590053304896,17.731428256859452
2026-06-03 11:07:00,78.91506839862367,118.27701922863614,4.712623249082279,1733.7417232268742,17.977881122658403
2026-06-03 11:08:00,76.7097076983444,113.79376647635343,4.655131272143349,1696.867077363599,16.776354152913104
2026-06-03 11:09:00,78.7487462954717,113.73537117956569,4.9688143981954775,1699.8549525486355,17.593697303815638
2026-06-03 11:10:00,78.60599406646988,114.5965292999481,5.052010430094239,1700.5369321301928,17.767908200600267
2026-06-03 11:11:00,77.07138198328526,114.05249290151127,4.658453027884071,1677.7204599218417,17.762920512543598
2026-06-03 11:12:00,78.37954884074968,115.18409243126204,4.7745952151597875,1741.2803286621252,17.79880940150413
2026-06-03 11:13:00,77.43119749317536,115.75194157469738,4.630328095520357,1696.6186876584334,16.532953258156194
2026-06-03 11:14:00,78.17135491486127,115.53633318977315,4.607430242006598,1732.3786393466364,18.045090494692815
2026-06-03 11:15:00,76.99241492503069,115.20686266810853,4.84571443347171,1697.892804799313,18.24206576204952
2026-06-03 11:16:00,79.05127513223151,115.29332729159135,4.831529756705542,1703.4800773164434,17.27586126629681
2026-06-03 11:17:00,78.20763134368539,112.62792082833035,4.581994158217096,1719.5334480481504,17.531006351253723
2026-06-03 11:18:00,78.74852287459102,113.62940032233482,4.912371244148883,1689.4362867309496,18.046472678084363
2026-06-03 11:19:00,77.46363148149747,114.55663884664678,4.875305380950359,1698.7152449266607,17.842805177214032
2026-06-03 11:20:00,79.9620591701989,114.46427538750812,4.79054303319143,1719.9459011451409,18.176708953575133
2026-06-03 11:21:00,79.32305581704499,115.00989043260577,4.785677862794377,1700.644962931259,18.04987124394538
2026-06-03 11:22:00,77.68873100103173,116.5557090264603,4.938848025020853,1691.030621870538,16.822492887338022
2026-06-03 11:23:00,77.6515664429848,115.10081210645998,5.155349904746321,1719.2637746813962,17.40332283555416
2026-06-03 11:24:00,79.31107692473876,114.06243354096044,5.021812755243769,1729.6705377959286,18.075092964101916
2026-06-03 11:25:00,80.28436779768413,114.77944377404098,5.102044750651897,1733.1508455251649,17.8311149368074
2026-06-03 11:26:00,79.46603310746293,117.48960974476772,4.857969823999054,1695.7007124032054,17.864816004388803
2026-06-03 11:27:00,78.32020608091709,116.69712865228708,4.899516401179042,1689.4187384822183,17.376898730567635
2026-06-03 11:28:00,79.47326696025047,116.07099464495552,5.10349032565757,1697.6721897680616,17.503632382071434
2026-06-03 11:29:00,80.189499462694,113.58255498173394,4.832752434386555,1716.8782710006246,17.632018155976443
2026-06-03 11:30:00,79.53627778379604,115.78166760545066,5.082092384013086,1687.5613886441452,17.258020398939642
2026-06-03 11:31:00,80.02771065742243,115.88522125929096,5.1432212824459596,1688.558751969142,17.423007554092912
2026-06-03 11:32:00,78.68752956404037,115.32243118895026,5.07200442011005,1693.175367654846,17.619116902308456
2026-06-03 11:33:00,81.32111309916586,114.47056912780637,5.133987131413553,1687.9877605355605,17.557791281411458
2026-06-03 11:34:00,78.7917380128566,114.55213731923696,5.101045276604737,1713.0959988686116,17.72067166137611
2026-06-03 11:35:00,78.47031868034837,113.82626176810301,4.990266559084274,1706.8401750299151,17.182892313791175
2026-06-03 11:36:00,80.16551646628405,113.88459647488466,4.968635983502306,1696.2239178620077,18.299651071418616
2026-06-03 11:37:00,79.35390571376912,116.84528334807567,5.145742671817487,1699.8399719224533,18.095019021428907
2026-06-03 11:38:00,70.62834259865514,116.3698179356634,3.2164119926175587,1666.0512208552495,17.454575195964463
2026-06-03 11:39:00,69.46851885973989,114.39407398890727,3.1360563976395515,1689.6184425059191,17.447119300426237
2026-06-03 11:40:00,69.9172467677733,115.74685259095733,2.969816063735651,1722.982484255662,18.147256084611865
2026-06-03 11:41:00,71.83202321974079,116.20821690812318,2.9944560568490903,1702.1970452011185,17.614006061143158
2026-06-03 11:42:00,68.9630698950433,117.95268395251642,2.9434580537727957,1685.495327416058,17.271516260335847
2026-06-03 11:43:00,71.58749303299557,116.13974555662999,2.9402399622570377,1721.878884812273,18.066071898398334
2026-06-03 11:44:00,71.02904754286651,116.19905895991562,3.056318107961455,1685.9139360306497,17.87521936467679
2026-06-03 11:45:00,71.92690948863934,115.75338301694151,3.2058092627221817,1732.6283138966899,18.283424808565133
2026-06-03 11:46:00,68.17964327163804,114.2631697307001,3.325053283964274,1740.4450671748511,17.518411808953108
2026-06-03 11:47:00,69.65797958409206,116.80525356455718,2.8852562893463154,1700.3060242817194,17.471044806253527
2026-06-03 11:48:00,70.78868951199429,115.62133324875455,3.086917499215458,1716.5047627314632,16.882548456151554
2026-06-03 11:49:00,73.13672467068872,113.91241543166325,3.0752078788861428,1673.7375370114053,17.508674509060853
2026-06-03 11:50:00,71.05685794941247,115.59519185389122,2.953908169657338,1674.979905189892,18.018113296945522
2026-06-03 11:51:00,71.75572812044611,116.46795000222765,2.876971059050249,1694.2235772115723,18.229064724862127
2026-06-03 11:52:00,71.60527223301209,113.07764927770893,3.080815726210727,1720.238250765909,18.224625744790647
2026-06-03 11:53:00,69.68250306983737,114.07338626210114,3.3299986622447757,1702.4294996988342,17.905014297145897
2026-06-03 11:54:00,70.64871327766978,115.36160479680265,3.035442866048112,1696.2211333169653,18.347571160306074
2026-06-03 11:55:00,70.68012210540925,113.4711904229489,2.9339515247686183,1691.0447171530227,17.26958302729004
2026-06-03 11:56:00,68.82735639840226,112.77855486619471,2.9696042047196616,1696.7285813010608,17.541333467673173
2026-06-03 11:57:00,68.6777637777474,114.52373953057598,2.81886013720367,1688.323070941375,17.04944024314873
2026-06-03 11:58:00,69.74179189694917,115.07046000078788,2.9681503355422527,1679.2373221578048,17.86127950105951
2026-06-03 11:59:00,70.80481362545908,116.0707128829819,3.130869366463387,1690.5612080803892,17.49163471069315
2026-06-03 12:00:00,70.66163383534628,117.18935314094114,2.9154748991598267,1706.7520706392045,18.048637730439047
2026-06-03 12:01:00,71.42527024417508,115.81751336237521,2.5595782746045197,1698.779047680043,17.679662963612966
2026-06-03 12:02:00,68.23953314921542,114.12286976693437,3.0128690403201364,1694.1696146641086,17.45313267992269
2026-06-03 12:03:00,70.29904897295951,113.84898534550042,2.952621572548501,1679.0356843619418,17.665501653024617
2026-06-03 12:04:00,69.49338312670507,114.53330890614149,2.8870569945059246,1707.4785720584057,17.491917101436186
2026-06-03 12:05:00,69.29399831719611,116.05814290708427,2.9000452753278485,1706.3988032721556,17.738006308907355
2026-06-03 12:06:00,68.52943479417341,115.36966807939139,3.0244645512016506,1689.4148136245603,17.601003806309194
2026-06-03 12:07:00,69.92418838885271,115.71215958505906,2.9651218982833565,1707.6843114044937,17.653582236140224
2026-06-03 12:08:00,70.82935206378518,115.84014370269946,3.1518072302194478,1716.4606012841375,17.94834766444996
2026-06-03 12:09:00,70.38765138302452,116.46109753681503,3.1381635677945625,1677.3270131594327,17.879852152753
2026-06-03 12:10:00,69.22129815238877,115.2184309369943,2.9679455142855407,1702.7085002567403,17.397209397840808
2026-06-03 12:11:00,69.15946302241223,116.3391668222056,2.901762384875555,1676.4013638193185,18.103269049744718
2026-06-03 12:12:00,70.9801759849755,113.87568783280186,3.0023338784695555,1697.9496451997886,17.671904295352157
2026-06-03 12:13:00,68.76724455099199,114.68797818111872,2.963252851700825,1693.1295553746515,17.21539710081428
2026-06-03 12:14:00,69.04652791861731,113.77560895635813,8.363975485416878,1690.9944434615304,17.421913720561363
2026-06-03 12:15:00,70.4052632560339,116.1116690125026,3.297810419769916,1714.865166837635,17.99558167749101
2026-06-03 12:16:00,71.37999679354989,114.03546203772885,3.12400658702083,1715.6488924120274,17.862293337091906
2026-06-03 12:17:00,69.59324151264143,114.29231544917357,2.9090395117559953,1712.0130896692388,17.41996611384983
2026-06-03 12:18:00,69.62850814004435,112.7551604722045,2.7116606689652176,1693.8779630594452,16.112837966414247
2026-06-03 12:19:00,69.64566238986416,115.50937684902675,2.959343590445868,1707.8292345482905,17.011120762735267
2026-06-03 12:20:00,70.00059310416863,116.4638969053734,2.909653381961551,1707.169555231489,17.755312647289582
2026-06-03 12:21:00,69.27559265345693,115.7673239412017,2.969212312847912,1690.0915204734272,16.94234559084036
2026-06-03 12:22:00,68.12711848452754,115.5663569605571,2.648166348984273,1696.307426188523,17.501147454110463
2026-06-03 12:23:00,71.32515163285633,116.17262084856495,2.9401856952762095,1700.221744589382,17.936564224107958
2026-06-03 12:24:00,70.50123912941379,115.66367872368497,2.926571456604594,1718.5772425751504,17.36697750675865
2026-06-03 12:25:00,70.0513135244603,116.18060711998538,3.000714200144798,1718.0643439417195,17.015799589470376
2026-06-03 12:26:00,69.44759583182577,115.65878431794074,2.9541747257578734,1692.8831938231738,17.127343292220672
2026-06-03 12:27:00,68.91167244793283,113.75905193581903,2.9775623243781166,1687.8632980830193,17.546845681465786
2026-06-03 12:28:00,69.44534145524646,114.94504611559925,3.2405284899600626,1716.834605517934,18.095423778835936
2026-06-03 12:29:00,68.5064461768703,115.08423350839028,2.9227439782822833,1720.0987611144096,16.66731710877517
2026-06-03 12:30:00,69.50807102002784,114.61942640433944,2.8648111446721845,1705.0299937049158,17.543460632538462
2026-06-03 12:31:00,70.02468574429862,78.42903634183601,2.7512273423514384,1711.9439681532665,16.99045151516499
2026-06-03 12:32:00,68.03781625412111,113.11339067613343,2.8963600904520237,1714.1523250774894,17.333880742869525
2026-06-03 12:33:00,69.63475235990369,115.02255641234582,2.7729180330262486,1693.9993483457206,17.31048337299403
2026-06-03 12:34:00,70.38398691037156,115.81378202432556,3.1258045064485325,1697.6100719096626,18.307581692468478
2026-06-03 12:35:00,69.4428748362131,114.39580125063208,2.944556856047479,1699.0954708192394,16.97677784062859
2026-06-03 12:36:00,69.27119399225738,118.00405749161722,3.120004498243791,1689.3819749974507,17.762653420228702
2026-06-03 12:37:00,68.84727062069764,114.05608507277098,3.230507891064668,1727.6163413197098,17.983482711049902
2026-06-03 12:38:00,70.21982191722151,115.35756059282598,2.858483321393685,1691.0783606273862,17.333859231397884
2026-06-03 12:39:00,68.80142842699759,115.89160047865231,2.9040398590361765,1692.1480592246476,17.218618500324542
2026-06-03 12:40:00,68.88503270737468,115.55158845539881,3.1512714142305795,1719.049320177526,17.136578720160134
2026-06-03 12:41:00,72.01391723906944,116.01859773354326,3.0438838035341464,1675.1735979727039,17.318754211126702
2026-06-03 12:42:00,68.73925271374596,115.98385577729576,3.0581965577953665,1699.2333904930854,17.0176660104202
2026-06-03 12:43:00,66.75212902205519,114.59246410146565,3.1233460280055567,1683.7713878327706,17.09906226882236
2026-06-03 12:44:00,68.42041429268436,116.62704707125074,3.1099164632140113,1695.0903927785441,16.86043170231695
2026-06-03 12:45:00,68.91718043597548,115.80396311830573,3.012498745705696,1672.1007627917206,16.93192990489667
2026-06-03 12:46:00,70.27729400785383,114.10520352237504,3.2179793323252115,1696.1418441518651,17.48575173974068
2026-06-03 12:47:00,68.18073408034891,114.9625030171752,2.9615366198460444,1694.7266108534332,17.353038420962857
2026-06-03 12:48:00,69.06093193764863,113.24159696666267,3.0844690212116705,1704.8861732026478,17.726650012059547
2026-06-03 12:49:00,69.11077079954514,116.52337577398237,2.953301491420527,1709.3977226878585,17.270079452643763
2026-06-03 12:50:00,69.2115246070213,115.37327790070145,3.1600294284586736,1666.5317427177451,17.24446602682347
2026-06-03 12:51:00,69.90843112896496,116.36448961006109,2.8779494507906045,1694.7247882496024,17.543204257897383
2026-06-03 12:52:00,69.50794492378884,114.78731421162354,2.742141097111059,1696.2935304776688,17.775658362697204
2026-06-03 12:53:00,69.2421603474204,112.6444063289245,3.089700539942548,1697.328189609848,17.241619756096355
2026-06-03 12:54:00,69.06701742584507,118.00166032337573,2.836100505059842,1698.30839076219,17.02536147143779
2026-06-03 12:55:00,69.70620119059558,114.90515776129025,2.8153037011635806,1684.1862491616423,17.195419786230392
2026-06-03 12:56:00,69.16861126253967,113.36701159368366,3.1608902862897823,1671.0252092043695,17.211003848744856
2026-06-03 12:57:00,70.57236675174681,116.58031521399744,3.1586352972072342,1705.9952644895275,18.060727063180394
2026-06-03 12:58:00,68.84880135182378,116.79537763588272,2.9054481502658436,1676.4508770363345,17.453687356430375
2026-06-03 12:59:00,69.18102231151195,114.37646356104624,2.5178064889341925,1700.9663114131404,17.30838279338396
2026-06-03 13:00:00,68.40596992305052,114.49714630203613,3.0544018338800685,1680.8251393281796,18.06839496344001
2026-06-03 13:01:00,68.86806670724717,115.01184088596999,3.0811214245056013,1706.7399684694385,17.349179680176906
2026-06-03 13:02:00,68.62486136011738,113.13713588425175,3.0422084097038296,1692.1205057018149,17.80066121539509
2026-06-03 13:03:00,71.02668262422918,113.85846227738162,3.0497789047598665,1696.0545456259479,17.83213676879643
2026-06-03 13:04:00,67.99271332509377,116.67420222795164,2.941851036892345,1690.1167098105843,17.728202351794774
2026-06-03 13:05:00,67.87616024479077,113.94702299824273,2.878807676683005,1681.975276602496,17.18129997488949
2026-06-03 13:06:00,69.23229898573074,113.57177429519092,2.805865230812797,1690.863152167,17.335123980810337
2026-06-03 13:07:00,68.23240579316165,113.69508572225389,2.8445595651729687,1707.5585681508946,17.120829073619
2026-06-03 13:08:00,68.94142906151264,115.3285151389774,2.9842978132700244,1664.199431337676,17.360626145855484
2026-06-03 13:09:00,68.94570092308462,112.22517337159353,3.0237723515504826,1684.8946167116428,16.982398018876747
2026-06-03 13:10:00,69.20297948737844,115.00088618017408,3.0981607692530115,1711.787325228199,17.242471095510492
2026-06-03 13:11:00,70.05312873907177,117.6553754581403,2.7690828426337726,1708.3061058422363,18.01714247952532
2026-06-03 13:12:00,70.86182077142168,117.14390087329032,2.7315578679983883,1716.2412985052392,17.60266804053485
2026-06-03 13:13:00,69.02695386714305,114.6383209209746,2.873076072070595,1685.1177329981479,17.356883371279785
2026-06-03 13:14:00,68.12215276675293,115.6954690690729,2.78805704898454,1668.4354721239802,16.56940762251902
2026-06-03 13:15:00,70.18018309679279,116.67808877484488,3.0352246006791366,1684.847669634115,17.382129901606778
2026-06-03 13:16:00,68.43234567640967,114.04646273610423,2.750017516721759,1684.819134753897,17.23227555713624
2026-06-03 13:17:00,69.4950322096637,115.79846890548399,3.1562825774849643,1707.2600015494934,17.327768294512644
2026-06-03 13:18:00,67.90853835782092,116.43950804719442,2.8295715078773673,1686.7559344948459,16.656463541356533
2026-06-03 13:19:00,69.78332852863491,113.00051205302633,3.2067029191799423,1688.5851337146273,17.562415622646473
2026-06-03 13:20:00,68.75927435083707,114.98897457730735,3.0317781791987404,1696.5806054690331,17.57946814525416
2026-06-03 13:21:00,69.26268857048706,115.08305729847592,2.8183343098830185,1695.7396454633085,17.210503222643354
2026-06-03 13:22:00,68.01452602536435,114.63951854527487,3.281926496523461,1686.9341272177535,17.576153219060192
2026-06-03 13:23:00,68.71798198861279,114.35163647770861,2.9954229479199705,1676.0983259349782,17.978675303737244
2026-06-03 13:24:00,66.78022303697902,114.42540040681435,2.9680776735771697,1702.8362490339623,17.683828857114293
2026-06-03 13:25:00,68.60803092841863,114.91536183924158,2.959329872265517,1709.5395344191013,17.17210060888567
2026-06-03 13:26:00,67.7223868752182,115.42877087163659,3.0090784996372606,1671.953797250413,16.601806813367585
2026-06-03 13:27:00,69.37441246721309,115.14422575224411,3.0503069688123277,1688.2596302390234,17.37826731444005
2026-06-03 13:28:00,71.95595118513064,115.01258366897555,2.8853229460593814,1713.0183998023754,18.55180667946818
2026-06-03 13:29:00,70.13168215123225,113.82917234036071,2.957105821710454,1680.7627761164592,17.953760170783905
2026-06-03 13:30:00,70.44168009314971,114.07454819612816,2.9934537581639455,1700.6973847817435,17.318300240085687
2026-06-03 13:31:00,69.3046724749277,114.70765069167726,3.0470278275795892,1687.0259717851952,17.82202418068854
2026-06-03 13:32:00,68.56459783008016,112.98499263370624,3.0121052261705983,1666.1790080706617,17.383622764140558
2026-06-03 13:33:00,69.50809847566158,115.14625080311109,2.9587611555696642,1713.4761110868642,16.245825224312625
2026-06-03 13:34:00,68.98795904104409,115.30278042225036,2.9032325068861558,1692.0346753761714,17.81801060121562
2026-06-03 13:35:00,67.68022273504371,115.53118604524288,2.853691422838695,1696.6506525861005,17.12698102414484
2026-06-03 13:36:00,68.89528753225602,113.41353634077666,2.7666180332779504,1672.2506856485438,16.743426769559218
2026-06-03 13:37:00,68.66551039349936,113.33694538079668,3.044505279882037,1714.4081175145761,17.203614048570447
2026-06-03 13:38:00,68.29497558296892,115.42261492988287,2.844893186440349,1716.6687457514297,17.19538089832309
2026-06-03 13:39:00,67.80902603297085,114.15992452132943,2.904835476925136,1664.1870446628877,16.684343053040415
2026-06-03 13:40:00,68.22485379748926,114.10790983087225,2.992390278416924,1688.877332684238,17.127506277558133
2026-06-03 13:41:00,69.48198784251242,114.93108064852908,2.940102662150567,1707.8208435783893,16.914026849826477
2026-06-03 13:42:00,67.38396667065184,114.92566686722876,2.941286821214277,1681.3992209319522,17.384066297543498
2026-06-03 13:43:00,68.77706341949178,112.60705832196932,2.8051873658397777,1694.3258144943422,16.93643172000049
2026-06-03 13:44:00,69.4176853165178,116.16072549167004,3.006939473355846,1668.1168342926032,16.569605238445497
2026-06-03 13:45:00,67.27064787698959,113.77444092542444,2.9042043185540067,1678.4011869750927,16.954464745699923
2026-06-03 13:46:00,67.88963911593937,116.31715334725742,2.9388487122126157,1694.9374118814048,16.76002763327976
2026-06-03 13:47:00,68.47771976651313,112.90367777136011,3.140624347502333,1684.5438867415173,16.73435939083138
2026-06-03 13:48:00,69.00447202649487,114.65728102689717,3.027557886951358,1684.9440023398568,17.610347518505495
2026-06-03 13:49:00,68.16579790883038,114.00696755566125,2.8630266923026064,1666.9958937913914,17.436282266864755
2026-06-03 13:50:00,68.82855252834837,112.07823057509748,2.9408970569494297,1702.4578243492667,16.83748090775149
2026-06-03 13:51:00,67.83795725957147,115.29188714624162,3.2067180405156672,1673.266827039652,16.743266804716885
2026-06-03 13:52:00,70.36407058530942,111.94294617387457,2.9040040059369976,1713.1326751818808,17.084776593270856
2026-06-03 13:53:00,68.68536215880937,113.96420259874846,2.960262375270426,1680.615661880478,16.6277126549185
2026-06-03 13:54:00,68.49865029921874,115.37485536395002,3.0362701546779918,1699.3402105947314,16.928023002664037
2026-06-03 13:55:00,67.60812347649095,113.38426876091752,2.9669661854302842,1697.4705584986812,17.038361843924314
2026-06-03 13:56:00,68.4849577787868,113.4190488384019,2.910979270217651,1678.604223349987,17.37355944834815
2026-06-03 13:57:00,70.33124923699873,115.36097852119237,2.848523632762478,1683.3709858932498,17.336329643740296
2026-06-03 13:58:00,67.26253109713424,114.09853253073449,2.9583487714980023,1685.1111456868873,16.88668243425895
2026-06-03 13:59:00,68.90278075295431,113.85385991547706,3.0546983382615713,1685.3542902078636,17.198189770172483
2026-06-03 14:00:00,67.55851885260266,115.79385195534768,3.149059096512567,1670.7197888412159,17.644150362626036
2026-06-03 14:01:00,68.58252427983948,113.05252811949305,2.7437477270626465,1700.718206612166,16.387789330344315
2026-06-03 14:02:00,68.52797459359233,113.96769637730127,3.232365988048871,1683.258451440883,17.389891064709154
2026-06-03 14:03:00,68.22407539814783,115.54616518572533,2.9238338935875157,1691.7064395121795,16.78188697965988
2026-06-03 14:04:00,68.4227724094673,112.71887268623969,3.0852046344284165,1704.391429255357,17.66016225095866
2026-06-03 14:05:00,67.22145254561889,116.7683545234153,2.8652322372008,1703.7494622178365,17.64577260542147
2026-06-03 14:06:00,68.31718992935659,114.02457337536565,2.7106934434392347,1681.1442836306496,17.45645406515634
2026-06-03 14:07:00,68.72855196430389,115.44982482998678,2.763084205973448,1707.619209775619,16.858843050838335
2026-06-03 14:08:00,67.4920737046765,115.33666968452772,2.9030063189376176,1700.5130628745317,17.250404598210743
2026-06-03 14:09:00,69.75793545390319,114.09093472961692,3.0301926554438023,1679.7280652396173,17.286911834234242
2026-06-03 14:10:00,67.47108328097148,113.3985104561888,2.9362338679068487,1678.6002826286128,16.0381840513177
2026-06-03 14:11:00,68.60789969493104,114.34738607010642,2.9223943750313013,1706.9934757859755,17.258075702524366
2026-06-03 14:12:00,69.59948420076775,115.8918508629382,3.170145482176383,1712.1685392165616,17.76362249947913
2026-06-03 14:13:00,68.06499037022174,112.88141182053008,2.9379726487113804,1664.996476338479,16.466939182118367
2026-06-03 14:14:00,69.43330114812362,112.74948263018207,2.988193896321379,1674.161349731494,17.3374899125515
2026-06-03 14:15:00,70.04397878547162,115.81382633727077,3.40217296968668,1697.534461687454,17.056251903003748
2026-06-03 14:16:00,68.62612071161114,113.13297858980583,2.9331145356217805,1669.2484440581093,17.559909643839244
2026-06-03 14:17:00,70.10864991736342,115.04402811032709,2.870231729862932,1706.995766924311,17.14432366136053
2026-06-03 14:18:00,69.27014066377069,113.7058542886156,3.0020439210679926,1715.0167970877737,17.04530872318142
2026-06-03 14:19:00,68.20465828960444,113.81334198062754,3.043632056755829,1692.3030868661444,17.13789786326331
2026-06-03 14:20:00,68.58297569559758,115.37985516401922,2.956040018632404,1668.3336747373792,15.708673670674752
2026-06-03 14:21:00,68.44791830107528,113.80479567227246,2.9506701158458406,1688.0742352579975,16.811668761599613
2026-06-03 14:22:00,67.34804108454443,113.18823424468614,3.1300963509685222,1697.0715366398806,16.842731724645834
2026-06-03 14:23:00,68.90660665017603,113.98950814777756,3.1577982092618395,1692.325881856635,16.213982603072473
2026-06-03 14:24:00,68.45932900553072,114.35408118521948,2.9796502463907033,1706.7006311622931,17.74880177667614
2026-06-03 14:25:00,68.23975918707586,113.19892305820943,2.837011275007152,1674.7158968003425,17.035863725521864
2026-06-03 14:26:00,65.9804788635948,113.00840220447687,2.9715629891369963,1670.5814604408154,16.83596014541522
2026-06-03 14:27:00,67.44481067565698,116.36836513393926,2.8607825295342613,1705.224361141225,17.47473245380095
2026-06-03 14:28:00,67.91270290640594,114.7329865700654,3.0580542487226463,1674.375066195515,16.775265110808704
2026-06-03 14:29:00,68.0724633180434,114.06762723847011,3.029065981240817,1654.298461328519,17.258258389135843
2026-06-03 14:30:00,67.99880728325716,115.18023590369252,3.3339879319144994,1682.101666614562,17.34715928274619
2026-06-03 14:31:00,67.89500636192689,111.98749681155866,3.1471364925480305,1689.9413322283856,16.968254732582324
2026-06-03 14:32:00,68.19268072122934,115.67393454234661,2.7730636266565143,1702.852599288224,16.274046922815593
2026-06-03 14:33:00,67.87408708299853,115.8528790281084,2.875427838046333,1715.3358621887926,17.16997028267262
2026-06-03 14:34:00,68.7149496176187,116.68160267264525,2.6461075735605513,1687.9105238694144,17.024575132518137
2026-06-03 14:35:00,67.75280657259873,115.12595910778019,2.60681113772861,1695.3738892816698,17.31627881140363
2026-06-03 14:36:00,68.34560040920009,114.52105138516978,2.950165358932652,1688.4276610229656,16.86089120515031
2026-06-03 14:37:00,66.38161921245432,115.21875391364775,2.73243480750998,1687.5695249069029,16.44350656752848
2026-06-03 14:38:00,68.18732225510631,113.41402083262324,3.190510669762484,1686.0636694118837,16.69261904965128
2026-06-03 14:39:00,67.88748262436741,113.03032372883307,3.0740088863778614,1685.8609357199816,17.329457555788103
2026-06-03 14:40:00,68.58130640376804,113.8254883670164,2.88611464490919,1674.418919572546,17.066993177913687
2026-06-03 14:41:00,67.87942504003004,115.90128743026526,2.901328440160961,1719.8163437913515,17.685928879787028
2026-06-03 14:42:00,67.79703827230921,113.08968838904586,3.163922104343738,1652.354819176796,17.67287178264184
2026-06-03 14:43:00,67.60496370235262,113.04348250611825,3.2037215300616992,1697.8693867603404,16.801560794216204
2026-06-03 14:44:00,67.4676651747885,114.28024344854701,2.793203497452493,1691.4118619906167,16.67021345257266
2026-06-03 14:45:00,67.60455623072589,115.22294172813659,2.798282871184152,1697.0612950463044,17.129877418290043
2026-06-03 14:46:00,68.45641867548788,113.43978299557925,2.9070683070548586,1672.7041346383692,17.38750083492675
2026-06-03 14:47:00,68.77655032309238,114.93952134559937,3.007013409290801,1663.2947463760745,16.506883347398936
2026-06-03 14:48:00,67.92109335627069,115.91664703411625,2.8745871064599977,1699.4141970729513,17.319243457379052
2026-06-03 14:49:00,68.3606686842092,115.65713088734931,3.015603914968903,1709.66937284631,17.26998756148674
2026-06-03 14:50:00,67.53315254303979,114.27872695680634,3.2161965047882495,1688.0337792297535,16.477224609794195
2026-06-03 14:51:00,68.00135340166496,113.46991190952642,2.694337267638244,1693.1274358416608,16.353179273221848
2026-06-03 14:52:00,67.71694872587454,116.18585946043594,2.8733560245012177,1681.1693124397095,17.229354673074695
2026-06-03 14:53:00,67.81193168139909,114.15453707714964,2.7343546982598035,1693.4543030053735,17.897231567169925
2026-06-03 14:54:00,67.91240256496799,115.42303527733918,2.8274862604641133,1708.9796950725759,17.029360259618265
2026-06-03 14:55:00,66.45366045156324,116.0317718088357,2.8679207951009995,1677.721241801992,16.972816719153368
2026-06-03 14:56:00,67.7955142462143,114.68840482208428,2.803323867054427,1700.2668798815066,16.60103933176538
2026-06-03 14:57:00,68.07448014319525,112.8947749106414,3.0174155942941883,1663.3652078273644,17.140237478798177
2026-06-03 14:58:00,67.89841990164724,112.44045866932434,2.951129176261542,1676.5021014674383,16.713490174277066
2026-06-03 14:59:00,67.77621178524574,113.02109412606899,2.9367361574377457,1686.5654009428897,16.58555010201517
2026-06-03 15:00:00,69.16940913543517,114.9032712254963,2.890786818211531,1715.9004571886453,18.005580556124578
2026-06-03 15:01:00,65.44100267786892,113.9127381022812,2.859741806056533,1678.600709554044,16.7323263667742
2026-06-03 15:02:00,67.81136245988989,116.29504583926312,2.8571662419070996,1666.4452015896502,16.19760450271821
2026-06-03 15:03:00,68.84262053401106,114.85311904203473,2.918104773621493,1719.2818693688837,17.42266355016281
2026-06-03 15:04:00,68.56763521035157,114.0755245447334,3.0274149970033384,1691.020594870115,17.68595874789257
2026-06-03 15:05:00,67.3656612423599,112.1917466226369,2.6149268735908002,1690.6617783927693,17.046079061564388
2026-06-03 15:06:00,66.2451353763389,115.22964583573457,2.9640659311302393,1679.1585745903171,16.835851261175723
2026-06-03 15:07:00,69.01057447842115,113.91295682705011,2.797705768936233,1687.7372092130854,16.593171434706022
2026-06-03 15:08:00,69.28663032934897,112.62996980396645,2.9116605223748913,1684.0660766313313,16.861558195580322
2026-06-03 15:09:00,66.80915290713217,113.77736827499747,2.6824804353244187,1717.2067273689663,16.7994326964168
2026-06-03 15:10:00,67.03370939829404,112.55613305452242,2.862933830140332,1701.215393765726,16.728782010361833
2026-06-03 15:11:00,67.34606377217926,113.84352546388882,2.9986353033883297,1717.9123835798832,16.953857347081616
2026-06-03 15:12:00,67.29452623206787,113.78027638769963,2.986752387943134,1671.811019468369,17.3725498831331
2026-06-03 15:13:00,67.80896331840232,113.0113607920954,2.7618885690390376,1660.5923084822996,17.417254151312235
2026-06-03 15:14:00,65.80675874886653,112.84827452653514,2.956887361309969,1674.7179988843006,17.223509288201264
2026-06-03 15:15:00,68.2631027180755,112.92792666461786,3.0923577807147913,1722.025352960156,16.5950870883283
2026-06-03 15:16:00,67.76155090809142,112.50930954258364,2.817283599278274,1673.439324359846,16.31670913265509
2026-06-03 15:17:00,67.07215638623885,112.33739776857934,2.9032717932009438,1696.4037863061321,16.804464016273226
2026-06-03 15:18:00,67.97778541001416,113.53183398062188,2.630461445616687,1672.7760248970098,17.22156738373104
2026-06-03 15:19:00,68.02834703770583,112.76654154787146,2.7881235368539357,1672.1006244781686,16.948696699913356
2026-06-03 15:20:00,67.49469205631524,114.45910255232666,2.9575914734567634,1682.205804151496,17.016339109945473
2026-06-03 15:21:00,66.37848135640613,113.86307242893189,3.0514609349439255,1713.2735752569963,17.44507790399326
2026-06-03 15:22:00,67.03059021662227,115.21002457293497,2.8285327515800085,1700.1883766248693,16.800827465189254
2026-06-03 15:23:00,67.62034116261545,116.19278905253205,3.328990909697311,1654.91879098789,17.287227576612917
2026-06-03 15:24:00,68.45686111508749,114.94194593645919,2.989027174013763,1698.3897074153174,17.271764066917815
2026-06-03 15:25:00,66.09272791456445,113.58213369969161,2.678505086645651,1656.670700825676,16.559443216564212
2026-06-03 15:26:00,67.32141432887477,114.46496413919641,3.098181367516108,1670.797369135471,17.092694310564124
2026-06-03 15:27:00,66.51964456604404,114.42966005673819,2.7367087621085946,1692.585902430064,16.627694895461662
2026-06-03 15:28:00,68.1088240648704,113.84856414931315,2.9684857161297624,1704.8208681218814,16.506532980757886
2026-06-03 15:29:00,67.8726897314913,113.89978754452537,2.7896124080719176,1706.0386976181314,17.140637289600065
2026-06-03 15:30:00,69.82263139412235,112.66422811852668,2.722400304289753,1690.1765938540418,16.28990525774922
2026-06-03 15:31:00,67.11896577845896,114.72124010246586,3.058625270918229,1688.044750272294,17.06188501524921
2026-06-03 15:32:00,67.54674834835332,113.60643700430292,2.8706328405586183,1702.1130579926773,16.370728539702338
2026-06-03 15:33:00,69.71231299785232,115.46389160319153,3.173815397120222,1659.3597570304662,17.469406171615905
2026-06-03 15:34:00,68.43294813164454,115.23700049832338,2.7898991227328658,1715.9281596195028,16.910912451164894
2026-06-03 15:35:00,67.08735699603331,112.81958876699589,2.6707692756690244,1669.9033511521613,17.36665780401793
2026-06-03 15:36:00,66.74572746718826,115.2636617477729,2.8458923434627623,1687.477637931818,16.79948881042504
2026-06-03 15:37:00,68.8978964762712,110.76475134344771,3.3560857660434142,1677.058093709269,16.817404910538716
2026-06-03 15:38:00,67.56658273391446,116.56320289537724,3.074882807866916,1672.6189538684312,17.46983294452391
2026-06-03 15:39:00,67.71158711305168,112.078810856487,2.995413631379591,1689.3897930193812,16.959659545248087
2026-06-03 15:40:00,67.73898360369289,114.65304854537484,3.0253018102147067,1691.0002211470864,17.002776551056392
2026-06-03 15:41:00,68.1227778180701,114.6500228134433,2.8697483780218236,1686.914083265726,16.90692031413075
2026-06-03 15:42:00,66.35022306025151,115.09314467177988,3.3257148368927707,1680.9724757063427,16.71452473307537
2026-06-03 15:43:00,68.46830114255948,113.3024635138209,2.981839459093723,1705.5145349714871,17.791464734564414
2026-06-03 15:44:00,67.09321723437132,111.08310537331852,2.9651626118413263,1714.9950802129988,16.158745821782404
2026-06-03 15:45:00,66.38002555543238,113.28330314761675,3.0594660185119196,1701.1408537918928,16.35701214490845
2026-06-03 15:46:00,69.01303892777668,113.74244846207272,2.7427097314577624,1690.9003713638854,17.47347559866922
2026-06-03 15:47:00,67.22643806838018,111.35584333946426,2.789089546086605,1659.639314870991,17.348182885477613
2026-06-03 15:48:00,67.89284795505023,113.86702699158572,2.884011653864963,1693.5750829330289,16.537290367220862
2026-06-03 15:49:00,67.47488196058642,112.10985264104201,3.042090861260983,1688.7491809885107,15.999467924356868
2026-06-03 15:50:00,67.26855908059567,114.22356793178024,2.7016031019604827,1690.832204715318,17.23126399200893
2026-06-03 15:51:00,66.99157618935504,114.07914663188531,2.948192991469618,1674.5445167270436,16.768502633598615
2026-06-03 15:52:00,67.90544563713974,116.02789400080243,2.880311247823668,1695.0786946628002,16.64084665424476
2026-06-03 15:53:00,66.90358911753418,113.18462567562456,2.663311466445023,1703.3176604089201,16.784468245925716
2026-06-03 15:54:00,68.03751604884863,114.66683902275507,2.8670182210253436,1673.9322588885327,16.646141793558137
2026-06-03 15:55:00,67.51708955801112,113.54648895084424,3.0014828016323314,1694.298856246457,17.27086079656809
2026-06-03 15:56:00,66.48736481285951,111.9397736978537,2.7033559214133565,1672.9926240566501,16.95222045550341
2026-06-03 15:57:00,67.49268925205615,113.42382065399838,3.122998606400568,1680.6956383450267,16.481924246426228
2026-06-03 15:58:00,66.13239556536189,114.51605046157044,2.9776704299591827,1667.2623563934421,16.488407722525658
2026-06-03 15:59:00,67.07806989324312,114.37575859724217,2.962125719729326,1676.7842597311464,17.345476726657523
2026-06-03 16:00:00,66.69729243169807,112.9342191578403,2.8869709079080943,1672.004159368936,16.531568697701644
2026-06-03 16:01:00,68.20187678127073,111.92321621514117,2.7475732744016526,1688.4684382585656,17.081450355450905
2026-06-03 16:02:00,66.91086223051809,114.55662668448288,2.8214305643905098,1697.1323933529127,16.88764464954565
2026-06-03 16:03:00,69.65405981656464,114.74977886210011,3.004037870920663,1708.1945970122977,16.42137860988104
2026-06-03 16:04:00,68.18522292039707,114.72596318341559,2.816509729914453,1673.0721116333877,17.155672692670866
2026-06-03 16:05:00,65.62578571355887,112.65572211949409,2.8939561445964608,1678.5267844058703,16.921867809607814
2026-06-03 16:06:00,66.42015798922125,111.6323289498002,2.775406382191384,1665.57525003369,17.563761889867262
2026-06-03 16:07:00,67.8459773194645,115.14102735231644,3.034415495792176,1691.6798812103675,16.490026860328623
2026-06-03 16:08:00,68.08838004364075,113.92451716311894,3.0079446551131936,1686.4476258801249,15.704362939058521
2026-06-03 16:09:00,66.26867640169307,115.09927238874299,2.651130158992574,1665.2186386250585,16.970259278880093
2026-06-03 16:10:00,68.65311685334905,113.88129534349754,2.933217327445937,1693.0107956632328,16.6836786231469
2026-06-03 16:11:00,66.34412145674632,113.38930999327707,2.66800782817008,1676.9152842274345,16.149932062571928
2026-06-03 16:12:00,65.7941591316652,113.75805332409257,2.604667050631721,1679.0801774397635,16.67168639830747
2026-06-03 16:13:00,67.29894263282159,112.8397034933517,2.814650880817349,1699.11457157616,16.598289813753112
2026-06-03 16:14:00,66.82127529300972,112.91089352402034,3.3318747269514724,1676.052268132994,16.332052105913036
2026-06-03 16:15:00,66.19292846863694,112.97556991736542,2.9891778087518,1687.3268972571675,16.51340458062877
2026-06-03 16:16:00,67.40291375082614,112.2025735734657,3.095953016107861,1699.0706548528046,16.88013146826845
2026-06-03 16:17:00,67.39789008527663,113.37713875141166,3.0013993681099427,1702.7514299930008,16.895998457238075
2026-06-03 16:18:00,67.14411180991922,115.85114374961695,2.9323945156906586,1677.49357366523,16.834838274909163
2026-06-03 16:19:00,67.68763869345129,115.01292113523392,3.0517594533876364,1668.9002094983657,17.058250594272533
2026-06-03 16:20:00,65.1977964502766,113.64578335093204,2.789140149450786,1666.3661960798856,15.961515644042304
2026-06-03 16:21:00,68.01750892760113,115.71403207697426,2.994045150098174,1660.8933535188005,16.905490883501724
2026-06-03 16:22:00,66.68780599051496,112.29005504695915,3.061893362834867,1687.3560189109496,16.73594875520121
2026-06-03 16:23:00,68.96467231201805,117.11370506907164,3.0465917399825106,1699.5569826477238,16.911412549849445
2026-06-03 16:24:00,66.7145572973549,112.56235130715093,3.0607472833036735,1676.6270374699488,16.225704564007234
2026-06-03 16:25:00,66.4369740951272,115.70383357481681,2.9140077906246864,1656.6815151038172,16.351161485693222
2026-06-03 16:26:00,68.32515657187228,116.14890478666743,3.170453506396704,1677.8490169872011,16.757455013895854
2026-06-03 16:27:00,68.0080617623617,112.0172073920693,2.910170780942469,1708.9849961054379,17.426294786128672
2026-06-03 16:28:00,67.62523694457455,115.47426620242638,3.2319042398784026,1691.995034829368,17.467766599489234
2026-06-03 16:29:00,67.32219229271459,113.44486495000582,3.0050781745957256,1695.5531351956784,17.422158275813196
2026-06-03 16:30:00,67.60828978740855,112.9378796229533,2.8503708464083197,1731.2134468342883,16.18542463334403
2026-06-03 16:31:00,66.30634758936797,113.93333545193708,2.7100484528965176,1682.3047161005452,16.276158765612728
2026-06-03 16:32:00,68.24240671450926,112.25268432397229,2.7762801926179494,1647.1159582376847,16.99407658707921
2026-06-03 16:33:00,68.10031569917597,113.84560926019726,2.7389766003746976,1660.0596707871948,17.141895908109
2026-06-03 16:34:00,67.1406719187366,112.09180727893683,2.8680761628890834,1680.8601436366978,16.223655658668342
2026-06-03 16:35:00,68.67806306327468,113.93500800698591,2.7237404411011354,1683.247924721401,16.934565356286658
2026-06-03 16:36:00,65.29398034656838,114.86511106053598,3.0780921650126087,1674.2558640503707,16.17859417060027
2026-06-03 16:37:00,66.24922458035599,114.15698491000693,2.929485990326515,1680.2590362130695,16.95717724250278
2026-06-03 16:38:00,66.15164132761718,112.7726949857237,2.890818777859393,1664.2927346246775,16.344842730148805
2026-06-03 16:39:00,67.39624057650971,114.3313212351568,2.737300502435495,1688.028921185047,16.91398283111837
2026-06-03 16:40:00,66.72914666178475,111.75608000772637,2.7809014310035605,1700.1668287085095,16.23720685123071
2026-06-03 16:41:00,66.7067330747149,113.0035876961754,2.600959607385574,1712.7880216083888,16.351559646190335
2026-06-03 16:42:00,68.28758022912983,113.16682935942704,3.1548809998739826,1708.0017981675624,18.08088938077371
2026-06-03 16:43:00,69.63256126130369,114.89882163265082,2.7176492592566253,1671.7218511039277,17.00503710508822
2026-06-03 16:44:00,67.73484638668504,113.84198662625919,2.689049646651687,1677.7644119469196,17.531398466169012
2026-06-03 16:45:00,68.06131423069036,114.23864755323221,3.1184058626661795,1676.5783696077658,17.401843737477925
2026-06-03 16:46:00,66.74727242362812,113.2503293110633,2.943680590140015,1685.9887752186753,15.987351641353623
2026-06-03 16:47:00,66.22834157916601,112.50565016267079,2.9148685006439363,1678.1111507034857,16.870398685400822
2026-06-03 16:48:00,67.04759035957653,115.28052428261708,2.9506925352244,1676.5460404632236,16.229601183614886
2026-06-03 16:49:00,68.3917680981311,112.51629668896774,3.0333283116111045,1699.8673404537217,16.558345037635572
2026-06-03 16:50:00,66.12795694244227,113.70762045587094,2.89529954525981,1677.539325900116,15.848427596492739
2026-06-03 16:51:00,65.92286397417769,113.00888930243393,2.6446974474785545,1677.1082861844595,15.942016954197122
2026-06-03 16:52:00,66.61307978996959,113.5392102317848,2.9675530429458816,1677.7134851071369,16.089893186158577
2026-06-03 16:53:00,67.43242688007996,112.52015463748141,2.9464675161459426,1686.7660934705837,16.40507090636183
2026-06-03 16:54:00,66.82171568877868,115.01323115976373,3.0924009065646856,1693.5629189597494,16.890540121986263
2026-06-03 16:55:00,65.9515636270443,114.73430915782025,2.684660214399819,1697.6870689187103,16.125712391574652
2026-06-03 16:56:00,65.89381680771191,114.33725830121217,2.767110088843251,1656.0180343437735,16.633558651120396
2026-06-03 16:57:00,68.24292493662767,114.28273710785778,2.9983857804864216,1692.781424903755,17.50109936273344
2026-06-03 16:58:00,67.61016034722638,112.84145520990816,2.7492302987008825,1676.645714783417,16.791358739544016
2026-06-03 16:59:00,66.65504361711,117.0356669576377,2.5570158123645506,1677.4752564050686,16.797637327579057
2026-06-03 17:00:00,68.35934465882265,112.55385695080219,2.9458533471116337,1694.617461484618,17.008554643537455
2026-06-03 17:01:00,67.577698860264,114.80566439262763,3.0507970736692664,1702.757329800254,16.30010168332139
2026-06-03 17:02:00,68.04312224955225,113.49042613594237,2.8533991782087926,1665.67139993374,16.926344961319796
2026-06-03 17:03:00,67.20873617043675,113.40179080085555,2.9806759845195026,1704.9952056531606,16.259365121010987
2026-06-03 17:04:00,66.04064160375755,113.28128375741132,2.9311110091297152,1652.6464616451058,17.150289303099253
2026-06-03 17:05:00,69.01353628759921,113.66462388891964,2.953366453836285,1699.212351616777,17.44674240950374
2026-06-03 17:06:00,65.85624809008783,113.5754491920931,2.891259976184483,1660.812813466161,16.754116086875882
2026-06-03 17:07:00,65.01493959461531,113.60576842980046,3.0840759865759932,1666.714474645906,16.852828733079953
2026-06-03 17:08:00,66.26011235332251,116.43944851387991,2.737113389965602,1677.251387829463,16.612375608647582
2026-06-03 17:09:00,65.97094186518535,114.37297503432087,2.9884892802583396,1668.5241678579712,16.229440056333637
2026-06-03 17:10:00,66.60881435605427,114.56039348879875,2.75229061368541,1642.9353057815752,16.593956266709142
2026-06-03 17:11:00,68.46334726942646,114.95155843060257,2.8315088154756185,1699.317212897393,17.831000628089072
2026-06-03 17:12:00,65.1264195465235,115.5974990497004,3.0720578547493345,1690.2304602794788,16.736348514731347
2026-06-03 17:13:00,65.99246022631522,111.97079296953147,2.694212280527527,1672.7214467820595,16.1216808353932
2026-06-03 17:14:00,65.91294738053764,112.63975600093681,2.8210303324017896,1667.85922563026,16.636202183521842
2026-06-03 17:15:00,66.98877586938762,111.16702287062405,3.2512413634183313,1673.8145081161222,16.86494809539252
2026-06-03 17:16:00,66.53644361745069,114.10317820847436,3.04934257223865,1653.4300155946003,16.58458904655994
2026-06-03 17:17:00,66.59344680944893,114.34874406615685,2.778153243259627,1650.4864836787533,16.306258645958806
2026-06-03 17:18:00,66.5558088797116,112.39681015216514,2.821228226819091,1693.2748785365395,17.08998883398382
2026-06-03 17:19:00,67.29363500828845,115.36458691797606,2.8839819738641483,1697.8703891622215,17.19966433152054
2026-06-03 17:20:00,67.28589582099953,112.75705735671332,3.1047725245134083,1690.5486206958697,16.938815346102285
2026-06-03 17:21:00,66.13345691732347,113.01586671900246,2.744874825205965,1684.7131845438557,16.742031634957836
2026-06-03 17:22:00,66.59432945805102,113.33356414756591,2.7200136619745465,1687.6085941309289,16.282086416235586
2026-06-03 17:23:00,67.6476728830677,115.63229101481345,3.021619983832025,1693.6650585455027,17.051563629073527
2026-06-03 17:24:00,66.91147530300265,112.49238423523667,2.649310896037262,1668.5189667469128,16.50723379066987
2026-06-03 17:25:00,69.50476761252696,114.13346154218758,2.7822694265522556,1687.1231110164947,16.3829932265596
2026-06-03 17:26:00,67.39443583025015,114.6833041755497,2.904136577416911,1678.9388944287289,17.32698817970285
2026-06-03 17:27:00,65.9546012018143,113.77115849547175,2.8675265881403504,1670.2769825192163,16.132537081626985
2026-06-03 17:28:00,65.83074798193454,113.8108124743304,2.6675957644420025,1691.5608196160156,15.783391170971216
2026-06-03 17:29:00,65.79732649813393,114.20083920490625,2.938863655756598,1700.7804401729659,17.16712561263711
2026-06-03 17:30:00,66.94062405877888,112.53028581592595,2.9627949598867027,1640.7509056803085,15.900200752909702
2026-06-03 17:31:00,66.92813864213095,115.76390385246964,2.8165311416458945,1679.354794254667,16.71338825523813
2026-06-03 17:32:00,66.77878883307058,113.48319439752748,3.1568851750605935,1676.942764990233,16.370041009882552
2026-06-03 17:33:00,67.24971177777553,113.54753466912432,2.9736177444323735,1701.9574409863676,16.630556238863313
2026-06-03 17:34:00,66.46922171073798,115.24573886328488,2.757843704804927,1659.958877510853,17.70392235260877
2026-06-03 17:35:00,65.74215406842129,112.81483012697616,3.1478844397576613,1636.1098013916737,16.745129450885994
2026-06-03 17:36:00,67.36592028837433,114.25246991988966,2.8460437482800036,1697.2225077253208,17.07803006766266
2026-06-03 17:37:00,67.99559909925813,112.78106387574985,2.9367287146180012,1696.4235480317304,17.1404279019533
2026-06-03 17:38:00,67.2122558273333,116.55041897001458,2.828805215952122,1653.6044124778816,16.504938529479002
2026-06-03 17:39:00,69.14931725378493,116.72081393888936,3.0236515328518085,1684.1396878511466,17.4052703433186
2026-06-03 17:40:00,67.68128947960778,113.40797304008437,2.8304549046832865,1703.4895506479572,16.92053479603686
2026-06-03 17:41:00,67.2468709777752,114.03767817297862,2.8311281904703103,1662.6806693324907,17.008446149262507
2026-06-03 17:42:00,68.01267326165619,113.25951678782387,2.8595551551484477,1678.2261343556477,16.33673252738958
2026-06-03 17:43:00,67.35234824412623,113.29671297397432,2.839042952419457,1690.4865323927309,17.03511231279188
2026-06-03 17:44:00,67.79999871312997,114.01832688609004,3.0857567940785633,1663.5824476294094,16.93380874096857
2026-06-03 17:45:00,66.96689925209601,113.43931367244511,2.7105333682288824,1671.3828442237382,17.195918903159065
2026-06-03 17:46:00,69.02537436394914,112.07037160058279,2.9207726811901717,1659.9064210073395,16.731451963330013
2026-06-03 17:47:00,65.82482822231229,113.22703597045121,2.8741802926894873,1669.6841302542537,17.26859017446888
2026-06-03 17:48:00,66.45221747158985,113.4346682384106,2.8803328367392993,1667.9406952159113,16.878199087560876
2026-06-03 17:49:00,67.44953832365276,113.86433949460148,3.0445580566194206,1682.9779381906765,16.69476232742458
2026-06-03 17:50:00,65.9136508629644,113.19030802258763,2.65996309126818,1686.6334362687412,16.54478779486316
2026-06-03 17:51:00,68.85940672415809,113.78390752085922,3.0329419036688092,1710.3802954302862,17.105419345408677
2026-06-03 17:52:00,67.29318468664293,114.53094804199556,2.711994227443023,1714.7316243706343,16.48906381257759
2026-06-03 17:53:00,66.605238630282,114.01814166671369,2.815575547554228,1681.493902856757,16.955876383504528
2026-06-03 17:54:00,67.4692545508029,115.18355940648955,2.698399987894893,1675.3621496513372,16.74938528992619
2026-06-03 17:55:00,64.6087937313981,113.49318855518918,2.8101538462310076,1666.3735273235936,17.227200905357694
2026-06-03 17:56:00,66.67490585638387,113.03514021748379,2.7980861805804653,1662.490579614558,16.46280516440791
2026-06-03 17:57:00,67.21998869121184,114.53522273089393,3.165414136252611,1690.6569936292312,16.84929174510818
2026-06-03 17:58:00,68.91255787967543,110.93463771783715,2.9236298610075973,1670.0618662895085,16.481962444618244
2026-06-03 17:59:00,66.6273635158698,115.77576759655577,2.9493913516938064,1684.4554733959749,17.37329282673319
2026-06-03 18:00:00,67.30860174208189,114.2221138634874,2.7600649776153365,1671.2427046915377,16.368136808840905
2026-06-03 18:01:00,66.70153980956643,116.52343767215535,3.0378176068733995,1678.3700570486494,16.988501634601217
2026-06-03 18:02:00,68.35463347153957,112.61194018543533,3.1560775141932265,1688.554024684628,16.95277042758534
2026-06-03 18:03:00,66.44716044123575,112.0224188492905,3.0213925958467582,1676.307665040956,16.23058755126438
2026-06-03 18:04:00,66.22369262180068,113.86738708892769,2.698423922929233,1650.2403402534455,17.771468334049224
2026-06-03 18:05:00,66.78726331302254,113.69415366222765,2.814319520141798,1676.560267333738,16.257329889036328
2026-06-03 18:06:00,66.92393921878066,113.60797580615241,2.896412321786099,1664.0011550625502,16.614450421823648
2026-06-03 18:07:00,66.88191168107242,113.41036611115298,2.792583834777987,1693.553104977752,17.267298607721784
2026-06-03 18:08:00,66.64679521331908,112.56175684432412,3.2676484571515068,1692.1066329010005,16.507722442954844
2026-06-03 18:09:00,66.50883240637636,111.40831319553926,2.80704121194795,1641.6325793975113,16.65282133342141
2026-06-03 18:10:00,66.2502619246731,113.37209680004509,2.862318372862773,1685.7866985267299,16.378248522748276
2026-06-03 18:11:00,67.40421345490059,112.0284378208407,2.814469016620194,1686.7401367431996,16.762461808507606
2026-06-03 18:12:00,67.48477690099352,111.9200268148497,2.9395815152191775,1658.7051495957896,17.218800237875804
2026-06-03 18:13:00,68.90086284442937,113.55589216353059,3.141529190516156,1700.0101894120346,16.837695890817873
2026-06-03 18:14:00,66.64972447334225,113.81908707425484,2.9040480707072827,1658.1656816345355,15.589365464899446
2026-06-03 18:15:00,66.53064097139386,115.97735287673663,2.8732841312512516,1698.4078956145688,16.782839569336613
2026-06-03 18:16:00,67.07950203430218,114.77257886229725,2.745411279622631,1671.606743843963,16.823900904161864
2026-06-03 18:17:00,67.45897156301422,115.14783455856801,3.076523685522647,1656.268936556303,16.79216178169406
2026-06-03 18:18:00,66.02662578534255,114.51231810107689,2.8936408476896074,1714.8502062413204,16.790640111712428
2026-06-03 18:19:00,66.05083924831958,114.17794496504105,2.887843590786283,1659.9746791831838,16.523845090132294
2026-06-03 18:20:00,67.94248345995715,116.61087965924895,2.5560881749974516,1669.2953885876254,16.703908013157992
2026-06-03 18:21:00,68.0752996477284,111.8421739604528,2.8762242230110595,1669.9125365128289,17.42087713984469
2026-06-03 18:22:00,65.78713331175015,112.90377029020978,2.833144031387342,1671.826930175545,16.683005566762212
2026-06-03 18:23:00,66.27480952263535,112.69500532948561,2.5992474086430133,1685.1113346719394,16.80977393032636
2026-06-03 18:24:00,66.21324755639095,114.33871024899227,3.032871169422493,1677.7545700109795,16.219729031853014
2026-06-03 18:25:00,66.43596238119872,112.1477811262727,2.8078678528156935,1692.69538630294,16.544588184633685
2026-06-03 18:26:00,66.58932618251771,114.0885662168482,3.1624987108402496,1681.2114334935302,16.185980302755212
2026-06-03 18:27:00,66.25045282593922,114.33795430269718,3.12165786459162,1656.803327477574,17.338656380393893
2026-06-03 18:28:00,66.85456426607432,114.84618605517026,2.816692400603042,1693.1834467296646,16.312772786932854
2026-06-03 18:29:00,66.23814675322637,114.19384150199579,3.088035304226086,1680.0347491140433,16.76874758555585
2026-06-03 18:30:00,67.07942979901003,115.44384870262178,3.148105671749397,1671.9354384580936,16.9352308943335
2026-06-03 18:31:00,65.5061715395742,113.14441645653592,2.796375854142434,1707.1521174819482,16.712109157716036
2026-06-03 18:32:00,67.47796063104313,114.05931073699577,2.7399757332894437,1688.1001716437152,15.773607757206825
2026-06-03 18:33:00,66.2827993135455,112.42456490334168,2.5639250678802137,1691.5715550930624,15.845036900597815
2026-06-03 18:34:00,67.05663571422464,112.53929088721799,2.970202566499397,1697.2758597656361,16.895344899178934
2026-06-03 18:35:00,66.85376959647533,115.43161582367003,2.74158920460239,1671.216814398856,16.287663344462608
2026-06-03 18:36:00,67.54080460558457,112.8474230683908,2.983038313343088,1693.793651989499,16.653840563768206
2026-06-03 18:37:00,67.56155988644664,114.21536371040446,2.81120830017197,1684.0175931300507,16.553078616554938
2026-06-03 18:38:00,65.90464293939087,113.96294184422469,2.7714196269960865,1669.3204918614429,16.241658015793774
2026-06-03 18:39:00,65.17343938776789,114.55565140591406,2.7921546031924858,1656.951914273588,16.082713331496297
2026-06-03 18:40:00,66.9496693961017,111.6089089452514,2.711610776984452,1681.6801369451025,16.79935270023525
2026-06-03 18:41:00,67.63319788674484,114.86195286525383,2.8352073062232552,1692.7039998888267,16.133819293814614
2026-06-03 18:42:00,66.22162327595224,113.53747560791689,2.796649034038722,1681.6718308753223,16.601236394163163
2026-06-03 18:43:00,67.28574495731192,113.47808296118117,2.9444082478025164,1686.571648506675,16.8320211546571
2026-06-03 18:44:00,68.05882914700965,113.65551444645716,2.946071743632443,1686.4969759893297,16.96877310717731
2026-06-03 18:45:00,66.26690304610814,114.68068869442926,2.735094653504505,1674.8494945889115,17.673153561035626
2026-06-03 18:46:00,65.70740005224772,114.31219333371672,3.060767759453267,1702.3691853994417,16.32457303840775
2026-06-03 18:47:00,68.11695464808871,113.51883265751214,2.8875540920725147,1686.3514898221379,16.99871820223655
2026-06-03 18:48:00,66.0573099512015,111.91444388788845,3.1107907588117056,1669.7880313388623,16.729003948107316
2026-06-03 18:49:00,68.68792894762375,112.60178631597176,2.961765000632293,1658.0001389490494,17.16597841016344
2026-06-03 18:50:00,67.31084892463389,114.54767233778277,2.919968015552958,1678.962353379799,16.73670144231271
2026-06-03 18:51:00,67.46365547463382,112.08063328170952,2.833948231087369,1672.8666304869057,17.38354443256702
2026-06-03 18:52:00,67.3198622094293,113.60274561726021,3.0085279756875303,1674.0509991623046,17.14638457152542
2026-06-03 18:53:00,65.98943035900352,117.27406663017592,2.9421536844955885,1701.5629038448276,17.308872293860794
2026-06-03 18:54:00,66.2760342572765,114.14420473110386,3.0349519713724304,1682.4324579086604,16.230666293823827
2026-06-03 18:55:00,66.91758200026241,114.3997738288127,3.141304345235015,1654.8843186413462,16.793073311132652
2026-06-03 18:56:00,68.28612790499972,112.72392997134318,2.8241168896118314,1695.911441669692,16.794643975147988
2026-06-03 18:57:00,66.24109830256393,112.36365677283028,3.014447454099835,1660.7550335911756,16.57355500461095
2026-06-03 18:58:00,66.86008780834707,114.40647103176339,2.984533065616831,1689.7529251348926,16.47515649734525
2026-06-03 18:59:00,66.20416278268236,113.21216463955297,2.9721159213206123,1673.5536984125897,16.75312590778958
2026-06-03 19:00:00,67.40714720276779,115.01807131322444,2.842335158735694,1682.7666153164087,16.98756855045166
2026-06-03 19:01:00,67.3072051667167,113.8331227827877,2.8488125671969278,1681.7779059778093,17.223322842796044
2026-06-03 19:02:00,66.88995001175432,117.41520970756548,2.7889226321155034,1673.079089037376,16.947665105839736
2026-06-03 19:03:00,67.04060187010813,112.52678798460303,2.782347225045744,1677.7238161182336,16.663863715381954
2026-06-03 19:04:00,66.9509728184028,113.7588482845191,2.7601073600732504,1678.4534694570232,16.66819463769602
2026-06-03 19:05:00,67.22932224221186,112.31752889041275,2.8690256528384457,1704.9859895885609,16.505456994145565
2026-06-03 19:06:00,66.45697240627285,114.72711920628888,2.777568793137045,1681.6075354269628,16.58527391495048
2026-06-03 19:07:00,69.76660623185327,114.40267102406892,2.9822836308382255,1687.095211888814,16.564910776008062
2026-06-03 19:08:00,66.05467296112015,112.48143629506083,2.909534054701233,1669.5553722979494,16.586048338818475
2026-06-03 19:09:00,66.8305723073071,113.36564659188117,2.9337942843375786,1687.3986048869428,16.95472489599633
2026-06-03 19:10:00,67.12535396792747,114.96833527906561,2.839118868162945,1660.6745814377966,17.21720803982893
2026-06-03 19:11:00,67.4680043232064,115.05496456610575,2.905862320022314,1696.3574311398488,16.656566105609173
2026-06-03 19:12:00,67.88909626347532,112.17231775696195,2.879541129875253,1661.0626734322427,16.55172340318368
2026-06-03 19:13:00,68.04812902269492,113.31477347567157,3.0338605985085434,1670.7309469172183,17.26467017674335
2026-06-03 19:14:00,65.05343901378383,115.6658184762907,2.824317766023308,1653.6982393425965,15.879105000031814
2026-06-03 19:15:00,68.52764599897269,113.54749016083754,2.9648689050884878,1688.0027030882252,17.231311550504937
2026-06-03 19:16:00,68.31964021819816,114.58148351010483,2.753469457947244,1683.5269175082828,16.547553010170706
2026-06-03 19:17:00,68.15388952708494,114.93090539062622,3.0120503641663867,1691.3367374988607,17.052157392531264
2026-06-03 19:18:00,65.12934209586363,111.8994876319609,2.8079829784678925,1663.7405606129503,16.498605155159343
2026-06-03 19:19:00,67.27746932339853,112.52847026339151,2.765566441015772,1688.4535626003737,16.8964174039386
2026-06-03 19:20:00,66.78542657884248,113.34967530121921,2.73705433503859,1690.2724053421935,17.642316911223254
2026-06-03 19:21:00,67.55242108508325,115.1129108257354,2.7204692818044975,1683.8084665835775,16.43857059236184
2026-06-03 19:22:00,67.42482697382398,114.92930372382722,2.833484987242852,1681.6042398951618,16.39257230648719
2026-06-03 19:23:00,66.6213645307792,114.14798278701444,3.102411697303678,1677.581496367532,16.613416288546457
2026-06-03 19:24:00,65.77452708487164,113.26384827932348,2.790890919321681,1663.8174818972411,17.265551291956793
2026-06-03 19:25:00,67.06879995325382,115.03267131016999,2.572436830970087,1664.6334586221387,16.85025983054457
2026-06-03 19:26:00,66.965452875697,113.49161898001427,2.958472826784651,1688.888665779236,16.79524291423758
2026-06-03 19:27:00,67.27010580983418,114.250490503081,2.7286567778312123,1673.628686547362,16.78609642040146
2026-06-03 19:28:00,67.90367788100055,114.77056691280042,3.025962479656442,1687.5491479997954,16.376191279995496
2026-06-03 19:29:00,67.38036813880271,115.78617778161069,2.8455047328824676,1704.9980762414405,16.886687894113145
2026-06-03 19:30:00,66.74107164566998,113.93341523669224,2.884299113240269,1678.222700070017,16.783370102624716
2026-06-03 19:31:00,67.25993309150643,113.2718027567908,3.085392296206723,1672.1577781466926,17.322452207214308
2026-06-03 19:32:00,69.56680834554905,115.41306411675686,3.00859100537598,1678.3220676183155,17.188681957709843
2026-06-03 19:33:00,68.23547045028319,115.2255561887655,2.7103323154054833,1680.0423414709367,16.200172507293892
2026-06-03 19:34:00,65.21255756079755,113.26398921463347,2.754847118765042,1693.1592635357679,16.784765990387676
2026-06-03 19:35:00,67.53017826416495,112.53371139236742,2.6484539670004565,1682.7708880238142,17.08107031077161
2026-06-03 19:36:00,68.52454944918436,115.47226827388938,3.316444938677545,1716.3705639221178,16.55210236877689
2026-06-03 19:37:00,67.54692853668105,111.99632222505326,2.7936869121255437,1690.931343702803,16.491488449452827
2026-06-03 19:38:00,67.25528482498395,111.90031706629955,3.096250533079061,1695.8680829161135,16.72104727166322
2026-06-03 19:39:00,67.00294866126329,113.40630587889459,2.8273761495992655,1680.890560612057,16.941906431013813
2026-06-03 19:40:00,67.86979176346446,113.83694774643335,2.7522896737509552,1698.0310696103768,17.27187098806864
2026-06-03 19:41:00,67.0059639412078,112.69042736082127,2.934058780435093,1683.085838608515,17.07401472260651
2026-06-03 19:42:00,67.85195032659624,113.71673690870699,2.847700351880443,1669.6766405544518,17.71018437723541
2026-06-03 19:43:00,66.87606622145566,113.78019441377083,3.0176432229083536,1693.0525764091672,16.459510969191342
2026-06-03 19:44:00,66.66445728058348,113.12977287707122,3.035906810516278,1681.8905164686073,17.14925980618003
2026-06-03 19:45:00,68.45802971868017,116.21943180978204,2.8300971668118984,1687.4026343782884,16.445998501298067
2026-06-03 19:46:00,65.5846282915462,113.92607995982652,2.6780312712037224,1693.5331277332498,17.349573980933755
2026-06-03 19:47:00,66.83203755411733,114.99228965968544,2.7296322468679035,1683.9261232775737,17.362815909463325
2026-06-03 19:48:00,66.8132411106695,111.88783499504562,2.56665067760194,1679.5651431732897,17.102248394418414
2026-06-03 19:49:00,67.71893405676961,111.2440800781497,2.8256237373013047,1665.3275921403717,15.806411718725542
2026-06-03 19:50:00,66.65919449199852,114.15568068623375,2.9051369846233976,1697.306620112126,17.0826992744175
2026-06-03 19:51:00,65.52667421150171,115.85115242125524,2.7369306918451097,1676.5450799784362,16.48500850340409
2026-06-03 19:52:00,66.78952936350609,112.41556779309784,2.718951715710372,1680.933369149711,16.99519419546509
2026-06-03 19:53:00,68.57131662805402,114.27549015086663,2.9378166299116724,1692.3494572772977,16.469860285012793
2026-06-03 19:54:00,67.26133732017566,111.83491934781881,2.7930091254846676,1681.8022425851611,16.76651033076103
2026-06-03 19:55:00,68.69627794490893,112.57517597601976,2.8638955297079485,1694.3724682669742,16.577340003015482
2026-06-03 19:56:00,66.93434145637892,113.13614528236495,2.805210385972802,1671.0115357822986,16.140912132115833
2026-06-03 19:57:00,67.24430005420925,112.95584753350326,2.9404416020766906,1701.2721819632127,17.010531253719687
2026-06-03 19:58:00,66.43841440564488,112.00914470604873,2.8202597067388866,1677.2789603265826,16.767366852219617
2026-06-03 19:59:00,68.38863919580992,111.9512073966285,2.8296689445795136,1686.1575395244797,16.690369998792733
2026-06-03 20:00:00,67.77167935207595,111.77005537681137,2.653281188837087,1684.3535902948029,17.311509603708807
2026-06-03 20:01:00,67.39833820881731,114.53433256275201,2.9232789153173884,1717.5628597044165,17.74279924765997
2026-06-03 20:02:00,67.12816751151256,114.44801050713527,2.9286979918008385,1677.8192927279795,16.97572610050114
2026-06-03 20:03:00,66.19758234225426,114.31077059054272,2.8799921803424287,1677.4264409480845,16.077463833802128
2026-06-03 20:04:00,67.672195825821,112.93109499194061,3.2215821693682023,1688.6825275003935,16.3877410363253
2026-06-03 20:05:00,67.23692300809691,114.91884638472885,2.938530461089749,1678.8211296613545,16.883418294892095
2026-06-03 20:06:00,67.53564276823634,114.32369314280635,2.874899017597674,1684.3914386544654,17.148367555614985
2026-06-03 20:07:00,66.10872345044177,113.21835034723529,2.955511549279738,1694.5642845745751,16.658681750995108
2026-06-03 20:08:00,66.1770996217225,113.40733901568555,3.2232984311566026,1683.4833461383164,17.00239298508586
2026-06-03 20:09:00,66.63258498098628,113.17886278975266,2.968428546764441,1688.8680650408885,16.9553728471064
2026-06-03 20:10:00,69.00340467430568,114.64846863885806,2.6276691265961767,1688.8010776343401,17.593775476129732
2026-06-03 20:11:00,67.57194985159589,115.69762195079186,2.98193708842353,1675.8495564672273,17.12510462215204
2026-06-03 20:12:00,66.58132481812102,114.87781543228559,2.7689405189460623,1681.6131130912136,16.34836301866411
2026-06-03 20:13:00,66.40619723909253,113.0826286953882,2.604300802378467,1678.6484046443775,16.874161299203703
2026-06-03 20:14:00,68.14030501782119,114.56110348992016,3.1822847027814682,1703.129028725963,16.34032556126139
2026-06-03 20:15:00,67.55925853461328,111.9016947064048,3.1037776927713177,1661.9259746561686,16.790914964871096
2026-06-03 20:16:00,67.21897867586262,114.79762778447514,2.7923265166360753,1707.438649386261,16.847772986759992
2026-06-03 20:17:00,68.08197998534853,113.00840028698964,2.7989005893776735,1684.5368248905615,17.066992018514817
2026-06-03 20:18:00,68.55600542927793,114.72300122657005,2.9503380519894185,1687.4906143194296,17.076953526425633
2026-06-03 20:19:00,66.78237075085256,117.26451772007447,2.7806652464980384,1666.7158668659433,16.963470390977804
2026-06-03 20:20:00,67.86900256761047,113.256739210838,2.9091225620936827,1694.3057742642227,17.53736691014962
2026-06-03 20:21:00,67.62224187472181,117.3336831496816,2.8147773085112924,1669.9437766453684,16.9267914837082
2026-06-03 20:22:00,66.04174295177987,114.13415215524692,2.8429656242102643,1686.2060487095066,16.84826169857973
2026-06-03 20:23:00,68.81032448334247,113.43821196385066,2.7451975689490613,1695.3056607638994,17.700808044331428
2026-06-03 20:24:00,67.38717713199239,112.72642329447312,3.036099462088448,1677.528625947318,17.59920567634724
2026-06-03 20:25:00,68.49018496714433,116.86100551315181,3.1154389415222234,1655.995002654577,17.004445660471376
2026-06-03 20:26:00,65.18775166880235,113.66021684590918,2.8562114299083476,1706.6577759421778,16.329481002777598
2026-06-03 20:27:00,68.37009739980435,113.50167711839869,2.9399676608054004,1673.2679363394025,16.905524635611805
2026-06-03 20:28:00,69.59073896757552,113.99852312507396,3.0438852766835724,1693.9935473811645,17.301626744357492
2026-06-03 20:29:00,69.29189413020195,114.3318780655868,2.9212816472149066,1673.2522043170145,16.826118516098706
2026-06-03 20:30:00,68.97930601514624,113.96713648972883,3.1912746639906424,1702.088068145385,16.28910039037861
2026-06-03 20:31:00,67.0213831832128,114.3965991693955,2.734646917801198,1680.7279742213498,17.439979596583953
2026-06-03 20:32:00,67.6111397430303,115.75348187468282,3.037484547198789,1670.389029046337,17.138729919798003
2026-06-03 20:33:00,67.58580533065246,112.63259649783546,2.9152803982554336,1695.4095014135905,17.451737901636132
2026-06-03 20:34:00,67.39411772202315,114.3570550170763,2.737384700865656,1662.0339583803584,17.32939951511461
2026-06-03 20:35:00,66.67731903191262,113.56006907264852,3.2468997246496647,1675.7681034666984,16.900018147681973
2026-06-03 20:36:00,66.97394924807462,113.57350958550778,3.3026043225959185,1699.3185306041269,17.19040317381579
2026-06-03 20:37:00,67.9860028912137,115.4174173424347,2.910873398791616,1711.0134170519366,17.46806749568996
2026-06-03 20:38:00,67.83938310585538,111.87693971266204,2.9754188338252505,1667.3058330194851,16.32930693490656
2026-06-03 20:39:00,67.48372850205804,110.78694431906158,2.837766350546592,1672.5154750719787,16.672342384814797
2026-06-03 20:40:00,67.63686699709994,113.92669397229882,2.8639393972542764,1687.3787898602056,16.80489761376891
2026-06-03 20:41:00,68.32296658891521,113.90912747741838,2.7684546663833283,1657.704562361639,17.40624648727176
2026-06-03 20:42:00,67.44241321459023,111.9359789167809,2.7119203791668216,1701.1563037198575,16.56425474565919
2026-06-03 20:43:00,68.36494203753878,111.91800331971267,3.208000250130728,1671.2830943464,16.70047346354281
2026-06-03 20:44:00,67.96423420254857,116.4087497260587,2.933650795614967,1681.3320467236856,16.87360785260158
2026-06-03 20:45:00,67.7578457565229,114.40138447124522,2.930638849279954,1688.5228878263674,17.110735432872083
2026-06-03 20:46:00,69.75377775564769,114.20316039556211,2.8237279689550454,1689.8296900983705,17.062482454006478
2026-06-03 20:47:00,67.69286659632192,116.42391477731184,2.9478035894449923,1669.407371631538,16.31451650398971
2026-06-03 20:48:00,67.67630296013459,115.04760107316442,2.695839279655012,1710.103564532966,16.40913229073317
2026-06-03 20:49:00,67.2753054846415,115.71963106407844,2.7903724782569728,1642.6596651640875,16.85289098499309
2026-06-03 20:50:00,68.22414758348877,112.78329248533106,2.76664960647381,1672.4930483013652,17.167579619760716
2026-06-03 20:51:00,66.98883543252897,112.20768899360318,3.1051699579252325,1672.695845474015,16.845314044237906
2026-06-03 20:52:00,68.18274480526387,114.74839127502497,2.686075311633185,1672.5264445977673,16.815665688574775
2026-06-03 20:53:00,67.36752528850991,114.38344778675356,2.7488542570860655,1703.4406197276205,17.25808334364314
2026-06-03 20:54:00,67.07579510551437,115.09569796733992,2.599268510914192,1656.4062249119738,16.94564399787991
2026-06-03 20:55:00,66.8350344623057,111.77677646338819,2.782079691117876,1706.4782536653504,17.000825867733433
2026-06-03 20:56:00,68.75811338603594,115.18016887037022,2.886795317609974,1686.9726874001083,17.316084859432745
2026-06-03 20:57:00,68.43944465064754,115.17316670775772,3.0790700130690905,1666.0664512940502,17.631988044537476
2026-06-03 20:58:00,67.08522655978861,114.75078570403234,2.8751922723367818,1650.1848324411594,16.403980700915728
2026-06-03 20:59:00,66.4459380960279,113.53828716532064,2.873499991859851,1683.7906468052947,16.844732038689894
2026-06-03 21:00:00,68.26330847272801,114.5178438246571,2.9713532597962016,1674.743856643124,16.81321571724606
2026-06-03 21:01:00,70.05653074218641,114.04940332363087,2.9322439871672246,1703.2833134833645,17.99316224328045
2026-06-03 21:02:00,67.27376135189505,113.68263795773635,3.297097729800493,1680.3637259148577,16.867585214936494
2026-06-03 21:03:00,68.29686990609375,112.58760324896004,2.833957943585209,1698.8587314760232,16.602579683630932
2026-06-03 21:04:00,67.64930147872258,113.47362194444113,3.0209914886953095,1689.6495763273902,17.14968690274474
2026-06-03 21:05:00,67.65716522453705,113.1212647720838,3.017996338579263,1672.4469675892822,16.747039479521025
2026-06-03 21:06:00,67.94563507102961,113.40664008620824,2.8400938449216255,1701.2090034881587,17.476435063748124
2026-06-03 21:07:00,67.3260160655277,113.66000433124802,2.996176120757189,1697.6965968737984,17.13340244432016
2026-06-03 21:08:00,68.02694901900723,112.38262621198446,2.854349360542202,1697.5147107149146,16.69609093885213
2026-06-03 21:09:00,66.59866324213958,115.81512351445699,2.9385570257457476,1696.7206916671983,16.366965762091898
2026-06-03 21:10:00,67.29019916504814,113.26716376738422,2.93966124860853,1680.497517658234,16.796205543184445
2026-06-03 21:11:00,68.26542979310643,114.82376388937318,2.940811231521892,1692.9444541901537,18.239364453405074
2026-06-03 21:12:00,68.11647730602799,111.99835862186471,2.767273797820122,1700.7787254058726,17.207529291205752
2026-06-03 21:13:00,67.11089039135628,115.3786996276363,3.196188930790696,1646.5671022004424,17.11407159125326
2026-06-03 21:14:00,66.11564197649464,114.0010898661069,3.00799302476121,1682.4801174836216,16.90013224520446
2026-06-03 21:15:00,68.70379670135166,113.31042174449479,2.684575810185795,1681.2012723130847,16.97648890442988
2026-06-03 21:16:00,68.05305551869142,113.6021015369337,2.8785626162813704,1693.9343970110674,17.376739992342998
2026-06-03 21:17:00,68.25909040967241,115.46561104050677,2.7260785430465346,1680.280941714677,17.436231104115304
2026-06-03 21:18:00,67.78037071665268,110.79784031685074,3.0704158603297045,1707.6524415533975,17.3104397526836
2026-06-03 21:19:00,68.95182102429892,113.1785856787174,2.9412404403067587,1677.8351238701289,17.090256800389934
2026-06-03 21:20:00,66.23390473962867,113.49342455233152,2.9097000101046033,1674.9324095018317,16.677240066290267
2026-06-03 21:21:00,67.39211332714855,113.48572844535357,2.7831423656078007,1671.9333404460635,16.990967243809596
2026-06-03 21:22:00,67.94479735039609,117.21223263236158,2.8997226204569206,1707.859671372904,17.13635230442688
2026-06-03 21:23:00,66.87426562710284,113.2421885132386,3.027897660277033,1650.6803576369393,17.676756691395862
2026-06-03 21:24:00,67.0938509894286,115.17662169757864,3.0909314432508106,1713.3145237972706,17.414412675729327
2026-06-03 21:25:00,67.8084643051422,116.3263485494229,3.0704538296970334,1710.798690472578,16.80646755067799
2026-06-03 21:26:00,67.45694960607503,114.52968674938089,2.6821716267515696,1674.5263512247125,16.39465446533769
2026-06-03 21:27:00,67.71641053253437,112.95550109018998,2.8896879544001357,1698.9249283014117,16.722754680865698
2026-06-03 21:28:00,67.46806895025594,112.50688636445683,2.974548449767792,1689.2616337725995,16.590843060549563
2026-06-03 21:29:00,68.39279081046115,115.12727350546258,2.8386349393443466,1714.5639257219268,16.93306001704487
2026-06-03 21:30:00,69.52139051999842,116.37934375599878,2.7115018734710015,1706.3306521147044,16.814828562032165
2026-06-03 21:31:00,67.21824725117439,114.92933076300177,2.7586170879533083,1723.2195025976198,17.006275510178014
2026-06-03 21:32:00,68.23373370866568,115.59951222849297,3.1662578448900045,1664.826125267449,16.93363886246912
2026-06-03 21:33:00,66.99668218983206,116.98899113036259,2.746524437670892,1687.9189092941115,16.998196275521412
2026-06-03 21:34:00,66.73084010454605,114.79134286238838,2.9262336861676155,1657.958363884161,16.81049587721499
2026-06-03 21:35:00,68.12835401231024,112.63901296200318,2.9072012441454684,1678.3495932052565,16.618967915138658
2026-06-03 21:36:00,68.04640441917688,114.3025757156608,2.9263529348106627,1723.6288292861998,17.606611672202046
2026-06-03 21:37:00,67.47578272607602,115.86887084575743,2.9003282875461576,1696.6845082826812,17.273501627047597
2026-06-03 21:38:00,68.0573764950881,113.20043922157843,3.018302216732058,1694.7544504922198,16.531701966300364
2026-06-03 21:39:00,68.53322982439326,115.70542582023945,2.931913878288725,1693.0234674906444,16.59483888679819
2026-06-03 21:40:00,67.45613045682322,114.4206633333692,2.872884308403625,1700.1034276272849,16.663602438624903
2026-06-03 21:41:00,67.1579962384919,114.56998627558298,2.952286198331732,1681.081706062504,16.468196316760842
2026-06-03 21:42:00,67.92534159841865,113.30439872226924,2.7233875734739126,1672.3742036072388,17.281627411292266
2026-06-03 21:43:00,69.49717885944371,115.05398257132212,3.06222762045054,1689.9298211526102,17.807781276311335
2026-06-03 21:44:00,69.50551596568286,114.4074650384229,2.8413568474562028,1647.7444641963646,16.842560329536468
2026-06-03 21:45:00,69.05695879536205,112.35169452656456,2.8586239829688544,1689.195352567691,17.687444508710367
2026-06-03 21:46:00,68.8234763167741,113.76203999774816,3.0297539271518423,1694.1571096556968,17.39268157601803
2026-06-03 21:47:00,67.31707287828378,112.58743181164795,2.876721380533791,1678.2754531556945,17.114942168086603
2026-06-03 21:48:00,68.32269092175366,113.476239014065,2.8783321996777893,1684.2366980323332,17.327160533115762
2026-06-03 21:49:00,68.62947041313521,113.87084426486955,3.1634805878617214,1705.5429405095044,17.65990473942289
2026-06-03 21:50:00,70.03422032345823,115.70919775984778,2.8203559965218377,1706.5388668480966,17.308977148305438
2026-06-03 21:51:00,69.23002964413297,115.6742393109618,3.0378350426875245,1674.648313027042,17.127062474707426
2026-06-03 21:52:00,68.09615126092524,115.05036084636583,3.100962461509191,1679.7851353635847,17.146125789685243
2026-06-03 21:53:00,68.46310973733323,112.38850481995588,3.102346839673326,1696.7568435050841,16.311652037653193
2026-06-03 21:54:00,70.99224233220538,114.48174947779191,3.2997787501895495,1703.4952577265396,16.979463766915863
2026-06-03 21:55:00,67.76370695086383,112.35226954121954,2.8349389852519886,1706.417985460351,17.704514639936253
2026-06-03 21:56:00,69.06518840591326,114.1356768639388,2.823971553477738,1710.3762651532306,16.825230404872045
2026-06-03 21:57:00,67.1370233427373,114.51814879992017,3.0386652109943797,1719.439676127312,16.130358991163515
2026-06-03 21:58:00,67.32115137482405,114.81695998786282,3.049465153771083,1677.2943093253532,17.174802804235373
2026-06-03 21:59:00,67.47386514243013,114.9072401310585,2.8373782291848944,1714.8761453269656,17.269358873352402
2026-06-03 22:00:00,68.01411682887837,115.51743609665839,3.006538688340544,1672.9633823719262,17.125584130388813
2026-06-03 22:01:00,67.3527118100605,113.97063263742297,3.3192260273114016,1718.0297923533014,16.766453068684527
2026-06-03 22:02:00,70.28629324293365,114.14327518431656,2.9772694949945646,1699.1344202976454,17.576078321513574
2026-06-03 22:03:00,68.37018224797693,115.95148498070911,3.1320643120085516,1706.8381976956712,18.06341612179303
2026-06-03 22:04:00,69.1546005271228,115.77742496741652,3.215820850986957,1710.7109329408238,17.136247426489717
2026-06-03 22:05:00,69.43313673634727,113.57231544305276,3.322316687843326,1669.0205036354323,17.353813412043554
2026-06-03 22:06:00,68.38041370660034,114.74169416190377,2.9893159748023295,1674.3708792570608,17.590856258417
2026-06-03 22:07:00,68.97559152612783,114.20315632705396,3.158377190294777,1695.819535869342,17.047060602993472
2026-06-03 22:08:00,68.59825490363752,112.22211729913116,2.857221286678973,1700.2848743747954,17.92004673549752
2026-06-03 22:09:00,67.65095070351904,114.72664529440061,2.9502999752620287,1720.5518755367498,17.54532563503319
2026-06-03 22:10:00,67.17457777706312,112.7642037767162,2.8875408217560206,1676.6637401699827,16.66201052655501
2026-06-03 22:11:00,68.30337494059252,114.79724262055444,2.6774238045511884,1715.1478756977035,17.839677947222697
2026-06-03 22:12:00,68.17887024885896,112.64280958388088,2.7252234105082795,1689.1518564536577,16.766756940134176
2026-06-03 22:13:00,68.66428987860661,113.42132891341558,3.0168335129804236,1686.2728651593325,16.867486903942034
2026-06-03 22:14:00,67.95922085169035,113.77435914473185,3.0204318526850824,1688.138059969908,17.42080445447097
2026-06-03 22:15:00,69.1173605391568,116.19258638797142,2.827123490564231,1692.0943984246744,17.791842208184494
2026-06-03 22:16:00,69.04883466665237,114.06508141856614,3.213961103689734,1703.3687347637776,17.392121057483973
2026-06-03 22:17:00,68.94457842601611,113.20159014159374,2.799606446161475,1687.2965909244192,16.993830338866392
2026-06-03 22:18:00,69.317114346465,115.30718017418675,3.0299214156459,1677.1093563899535,17.33093780521542
2026-06-03 22:19:00,67.63899745101007,113.98384485499926,2.8873282921635304,1685.9057009094734,16.970712871992113
2026-06-03 22:20:00,69.7745424391138,115.80163731475697,3.006239846431161,1704.8891134945002,17.762970990883975
2026-06-03 22:21:00,69.92351662652074,113.32050908775707,3.1037643251088967,1672.7619469658248,17.105031623789156
2026-06-03 22:22:00,70.82130890199265,115.61229263124775,3.1375525006252656,1713.5176895781403,17.418895325825183
2026-06-03 22:23:00,67.56449793549918,116.98965729911765,3.041254815768721,1704.7234898559004,16.422190078975287
2026-06-03 22:24:00,68.2676657953673,113.89595670887988,3.03256277476058,1711.3068484269315,16.853853744539414
2026-06-03 22:25:00,67.40253241105889,114.74559580531282,2.7771896213167215,1698.6852174202759,17.213411665603495
2026-06-03 22:26:00,68.93057102538056,112.52779830286069,3.138249218854506,1666.544195154037,16.80836348168563
2026-06-03 22:27:00,69.66556832607984,113.96935076508552,2.84048511998059,1709.6199788408958,16.79857322457311
2026-06-03 22:28:00,67.68001351814725,114.76505574472756,2.931654279707584,1704.0194485988109,17.49867887234778
2026-06-03 22:29:00,68.78113954444028,114.29553182215027,2.9267282360098767,1685.4374422637507,16.945537524647513
2026-06-03 22:30:00,69.22123990448222,115.5120333055779,3.0374994107505415,1695.9059391455974,16.863624224847793
2026-06-03 22:31:00,70.08080946808028,115.15334784659345,2.9035208079528383,1702.499610747507,17.949520619719273
2026-06-03 22:32:00,69.17323074802174,112.56815588424553,2.9195428218976476,1715.4727895563517,17.414404799833022
2026-06-03 22:33:00,68.99048284137675,116.08485902446128,3.2339296381005056,1694.3821411627318,17.843440010718247
2026-06-03 22:34:00,69.22362938002165,113.32782370720129,2.7936483699762986,1710.9561135774504,17.611603088632663
2026-06-03 22:35:00,68.87836463119226,113.71831201154265,2.9753779218122154,1699.894041669359,17.842658529742632
2026-06-03 22:36:00,69.69514117612957,114.79913428048579,2.801131084149511,1696.641444713238,17.615237482522897
2026-06-03 22:37:00,69.18919693413875,116.41682345562462,3.0702455023361046,1713.7756534449197,17.130421824960784
2026-06-03 22:38:00,68.97636827099079,113.246416567886,2.8543952241577255,1680.209574901305,16.799514780616388
2026-06-03 22:39:00,69.77513000005605,114.85028129876301,2.9839844630150685,1699.096895399895,16.823271668131998
2026-06-03 22:40:00,68.51548975506122,114.6835348034914,2.767720942635909,1693.6919157198972,17.19227606011159
2026-06-03 22:41:00,69.56824412026168,115.02739940371615,3.1429688033718404,1667.2437663744588,16.6792862698377
2026-06-03 22:42:00,68.36802870946596,115.60554887731597,2.9565659687184205,1707.618246267913,16.773283126543596
2026-06-03 22:43:00,67.87497635506672,113.79496283920781,2.972655037560351,1702.83329972766,17.07900936682753
2026-06-03 22:44:00,68.97286268711993,115.79250653059464,3.0962450725572794,1694.8853569495773,17.848295832054276
2026-06-03 22:45:00,70.0050507615957,116.10614011370635,2.779605657801444,1689.5427024328635,16.6506460077629
2026-06-03 22:46:00,68.83717859797096,116.72939716802487,2.8803230639132855,1694.518610688189,17.306213253800802
2026-06-03 22:47:00,70.12064269991228,115.28280619000415,3.0042080062595193,1706.3505500370236,16.83967587265218
2026-06-03 22:48:00,68.19627982710782,114.53720252308568,2.6922536305629348,1692.1038033718505,16.951601842508854
2026-06-03 22:49:00,69.35227224650133,114.41290023362374,2.750632770685214,1689.7528495458166,17.863141418460742
2026-06-03 22:50:00,69.46493403373411,112.71784397404981,2.8413858546902477,1685.1588470977529,16.89498014906793
2026-06-03 22:51:00,68.15114103568779,114.09161530291199,2.7905276563545196,1692.1535949775175,17.10723155406293
2026-06-03 22:52:00,70.07034882836061,114.84096359758743,2.9288310522363,1682.0932135616322,17.409488029222413
2026-06-03 22:53:00,68.31480587339136,113.88536177416684,3.012814990379921,1691.8898898093514,17.288847427736957
2026-06-03 22:54:00,67.9747581484804,115.05407823940503,3.0682698255980836,1679.2623113217232,16.94925134490771
2026-06-03 22:55:00,69.69200244192666,113.12957038927323,3.263050151836037,1684.0126395722145,17.941601161578614
2026-06-03 22:56:00,67.6916153426641,113.8469482632081,2.9342941592436005,1735.434545734437,16.85460603549528
2026-06-03 22:57:00,70.13540441389992,117.3218349952387,3.018361258707418,1728.1392589340182,17.657797044241427
2026-06-03 22:58:00,71.61520540754505,116.24720191719302,2.999766809398967,1702.85895435917,17.45027588153595
2026-06-03 22:59:00,68.69266947162188,115.23404473202118,3.014348011498701,1706.026798369191,17.54367046993223
2026-06-03 23:00:00,69.82565154423501,115.1681341126011,3.0397094620869947,1711.3050907304678,18.160660664675834
2026-06-03 23:01:00,69.92719891962804,114.51530497426862,3.135239210798626,1698.2526522074913,17.36587165208268
2026-06-03 23:02:00,68.9880326374611,112.37950893539723,3.10335745357434,1697.366579462086,17.235790402987814
2026-06-03 23:03:00,69.65004133664351,115.43965702510877,3.0706446720345166,1694.615479665286,17.2727403504044
2026-06-03 23:04:00,68.18561107904134,111.49765853851369,3.1889107577854916,1711.3120230535083,16.98350725377882
2026-06-03 23:05:00,69.26849290644753,114.10952343837545,2.9706929238465474,1712.3773683863308,16.970376514147276
2026-06-03 23:06:00,68.58906862990177,114.40563998751584,2.8689335794332727,1715.5625300459646,17.197556774241384
2026-06-03 23:07:00,68.79414707975866,114.22236505088641,2.9167261470784807,1700.7765595247122,17.068705453078124
2026-06-03 23:08:00,70.83126687830637,117.61562380641614,2.9847890485755886,1732.649929644702,17.206328297498192
2026-06-03 23:09:00,69.30664763382707,116.80293130995267,2.81170273570057,1693.7043329247363,16.04065953426466
2026-06-03 23:10:00,68.40545249636365,115.53333991153124,2.8609259212349727,1721.2901683280015,17.70096341048159
2026-06-03 23:11:00,69.7858881819556,113.24652932579242,2.786152452078345,1684.4761235772655,17.83598161107263
2026-06-03 23:12:00,68.14415935194265,117.11221068254306,3.0386948585908797,1677.9585592105898,17.66275927449649
2026-06-03 23:13:00,71.5138012375993,115.99053526389646,3.0695913180230896,1733.7207510360893,17.274333331875244
2026-06-03 23:14:00,68.93398083702807,113.68869000646491,2.7226004525257137,1707.4931981462541,16.904137794190472
2026-06-03 23:15:00,69.35181713509327,114.63055584533592,2.8746407152990185,1702.3374449108946,16.669846932685665
2026-06-03 23:16:00,69.41683239068395,116.09393152123602,3.2700211066873903,1693.841287020753,17.727484723504748
2026-06-03 23:17:00,68.5583278782598,113.9297097465401,3.0710246248588167,1682.6342884249837,17.830301185571088
2026-06-03 23:18:00,70.27743151387978,114.78180021215987,3.0423612185602797,1683.5883735015261,17.373015424064423
2026-06-03 23:19:00,70.37606715407753,114.82531860269684,2.8633984747537586,1694.6855019314323,17.565904634431938
2026-06-03 23:20:00,70.14714425302617,113.84103734492551,3.0538965422241193,1699.9078218569057,17.758969899599535
2026-06-03 23:21:00,68.23680649971095,113.66010195166828,2.9301044035069754,1657.347478585108,16.68375411271874
2026-06-03 23:22:00,70.02916570391552,113.76123126124094,2.879940469724844,1725.2968728828894,17.89968011902043
2026-06-03 23:23:00,70.62393081039228,115.66216428910306,2.9005824219226577,1688.6344968903884,17.688109768764082
2026-06-03 23:24:00,67.59397180804551,113.55257957231152,2.905461726056162,1713.8060900768746,16.92492949153072
2026-06-03 23:25:00,70.86071768811712,115.62967391250814,2.795332975352456,1693.1420719180883,17.962596991736874
2026-06-03 23:26:00,68.54639205997599,112.89585957357326,2.7724013471735103,1696.5099250620456,17.22298081949
2026-06-03 23:27:00,67.27670942443247,113.22061606103513,2.9421290372592654,1708.9945405875458,17.186014535469436
2026-06-03 23:28:00,69.21582007582468,113.33386462587922,2.8562750914181403,1709.2101498658228,17.53230441555079
2026-06-03 23:29:00,71.3221946733946,114.57438763567698,2.9496541342194638,1694.9389611012455,17.604824108422743
2026-06-03 23:30:00,68.8184686016438,114.88811192094661,2.737262338888659,1703.2614617071004,17.69130120756492
2026-06-03 23:31:00,69.30970013952266,114.77625022136544,3.076101825537334,1701.3197849300586,16.829550367691375
2026-06-03 23:32:00,70.07391081890619,112.43080437257541,3.2825710182699046,1691.8808772697803,17.504982894143655
2026-06-03 23:33:00,70.40603067940958,115.005726799917,3.1679822773086648,1686.0688130916253,17.14005842256761
2026-06-03 23:34:00,69.80162092690661,113.95194168443666,3.159755418679969,1688.666538489465,17.35481260437034
2026-06-03 23:35:00,68.57101342043352,115.61304006415752,3.092053432888981,1693.9385777771813,17.441181772193456
2026-06-03 23:36:00,68.9566307953551,114.44361734565149,3.02415660570169,1697.254627594787,17.770408972022235
2026-06-03 23:37:00,70.02934329692381,114.55487139198772,2.9897696750143727,1719.2439547046843,17.3296395680305
2026-06-03 23:38:00,70.76754768999422,114.46556347997861,2.886787821803155,1718.4055992729461,17.575014839243646
2026-06-03 23:39:00,69.90645318293409,116.87586726639817,3.090594365146773,1685.1762438389874,17.973516749120197
2026-06-03 23:40:00,69.5790369077872,113.19596011414053,3.077023295506734,1724.03124005314,17.196529059318237
2026-06-03 23:41:00,72.16286395271374,114.7249496101716,2.9441905886336226,1701.5459601878908,17.413854270750456
2026-06-03 23:42:00,68.98679063254515,114.79472139267557,3.056607495686512,1705.6256615899763,16.582203451781428
2026-06-03 23:43:00,70.70516615753844,114.40878650691641,2.8766028090624376,1682.0541181503718,17.268463149306548
2026-06-03 23:44:00,69.90368116694316,113.98171611534063,2.898690981011657,1691.862307221818,17.073346201381362
2026-06-03 23:45:00,71.15931185442712,112.72795609368755,3.109730891521499,1714.26209459197,17.350696433960348
2026-06-03 23:46:00,68.99263871873084,114.15649985399858,3.0636664880373616,1686.6343886621214,17.589138606814704
2026-06-03 23:47:00,71.23264485705185,114.39119973567213,3.001372452521076,1708.0603899409919,17.337189596320943
2026-06-03 23:48:00,69.72979165194381,117.03744005079695,2.9493414460833685,1707.3619350801278,17.181993225558518
2026-06-03 23:49:00,68.54081110546551,116.9322517327104,2.9738570202887686,1674.1841695735254,16.467524698783286
2026-06-03 23:50:00,71.04282221409582,114.97151058838675,2.7268539578223656,1673.7698351809718,17.312305170301048
2026-06-03 23:51:00,70.20799623370291,113.26676642634934,2.8831662056367504,1712.9770904094787,17.09844350506131
2026-06-03 23:52:00,70.89767767652492,115.84633868910653,2.807612683864405,1742.4265488081892,18.338019570910408
2026-06-03 23:53:00,69.51977597138908,113.85068463342265,3.003643055015969,1707.2560116589946,18.115603590228442
2026-06-03 23:54:00,69.24599461645252,114.29312582692214,3.1601015085150506,1709.122953457307,18.01280206883351
2026-06-03 23:55:00,69.9158721475729,114.1968745711116,3.068340077557131,1686.0921708178867,16.957833000487092
2026-06-03 23:56:00,70.28454756383776,114.55712786103057,2.9337909483356897,1724.1482495477594,17.507921220320625
2026-06-03 23:57:00,69.48679523990991,114.39207706569573,2.8818598979317285,1691.9183936174868,16.92759461675654
2026-06-03 23:58:00,68.63830321158483,113.12640195686556,2.8670936600106183,1713.4904837702807,18.088431017021776
2026-06-03 23:59:00,72.7601002156007,115.05817307786788,3.359981866657203,1721.1173245429407,18.28272795837759
2026-06-04 00:00:00,69.28021577322447,116.00917586430174,2.9958921956007747,1706.6120241595847,16.97158706821928
2026-06-04 00:01:00,71.21403817310042,114.99631950921615,3.032401830221003,1709.3874304695846,17.666083394592885
2026-06-04 00:02:00,69.13897814813316,114.71476833777147,2.6542900046461226,1702.6134166383408,16.68917091329795
2026-06-04 00:03:00,70.62789298039613,112.37587716145089,2.82649754019911,1704.978518991729,17.472694119433314
2026-06-04 00:04:00,69.9385896032692,115.88355133467775,2.9764541973494234,1711.1550918615717,17.302880304239896
2026-06-04 00:05:00,69.14054109711299,114.07735657650109,2.918607719211275,1687.7756744777967,17.74584923036674
2026-06-04 00:06:00,70.99933198162827,116.70154708743438,3.043477700179159,1701.1214920718712,18.071528295123372
2026-06-04 00:07:00,71.91748763622999,115.37254040536538,3.030475873340826,1724.5201344906418,17.60183491106488
2026-06-04 00:08:00,70.64703400733268,114.5484079875718,3.1049259772148017,1705.5652233331957,17.52183579742173
2026-06-04 00:09:00,69.77607793588983,112.51418075745963,2.688127638587146,1688.8112796259811,15.969659555455916
2026-06-04 00:10:00,71.78761273966717,118.2263127809104,2.87531555464781,1723.7430090966736,18.43309836769226
2026-06-04 00:11:00,69.6744453256909,115.67829952715631,2.9660183374416027,1708.7535066096937,17.094165005650996
2026-06-04 00:12:00,71.22332733148494,116.57276145827939,2.9386943306626687,1687.663671806824,17.809394771965945
2026-06-04 00:13:00,71.22085712957607,117.57409558768266,2.97955851820438,1716.1690041771224,18.59938812650291
2026-06-04 00:14:00,71.14017130085587,115.53367704651232,3.034005621990684,1705.5903670029913,17.154764238855975
2026-06-04 00:15:00,68.60148727350455,116.46448932123081,2.8777006617321246,1708.5666466799587,17.429313188979677
2026-06-04 00:16:00,70.49806563940126,114.57582135476585,3.038847962659802,1702.1620612470854,17.773799211319922
2026-06-04 00:17:00,69.79251031960142,115.85498055149948,3.0795901005083586,1706.5629976170967,17.921927797797284
2026-06-04 00:18:00,69.93957955516535,114.37028446613371,3.0181885612175874,1674.2203523182297,17.563688267095397
2026-06-04 00:19:00,71.13527277030813,114.44462007896146,3.1113925424669366,1687.2326477152076,17.994858252005127
2026-06-04 00:20:00,68.45178392584845,114.6355511526949,2.64200215659145,1704.6901903134267,17.09331890024129
2026-06-04 00:21:00,69.83176009833295,113.95290898133881,2.943680601979515,1745.6387141929085,17.95430084016325
2026-06-04 00:22:00,70.87544594393974,115.51474554866515,3.141812068456576,1707.1016159166845,17.725300922286866
2026-06-04 00:23:00,68.87336885989177,114.63049212071833,2.8706698372255843,1689.6724891694091,17.465977437511185
2026-06-04 00:24:00,68.43503458773826,112.60362176570733,2.84923744272344,1701.8804137053023,17.623747308927136
2026-06-04 00:25:00,71.26829052236792,114.72164392227728,2.9991156505267327,1690.2098115145945,17.28559293516357
2026-06-04 00:26:00,69.93033363877703,114.48761227537945,2.990847339994413,1717.4363898866732,17.331379077447117
2026-06-04 00:27:00,69.3776825591841,115.52315718645043,2.8864456891404395,1694.0512427876029,16.73512454574511
2026-06-04 00:28:00,70.2559438523167,115.64718049906274,3.296865605577979,1719.8640265948416,17.4758475022979
2026-06-04 00:29:00,69.58253380089437,117.08199619351858,3.0659755699431535,1702.298566787931,18.127787514877756
2026-06-04 00:30:00,69.32316971095945,115.76003125567658,2.873627550561195,1718.9414046945783,17.736115543996362
2026-06-04 00:31:00,69.49805994616214,114.19315224857243,2.774600919833656,1673.7514760830848,17.552125072094366
2026-06-04 00:32:00,69.45295834107934,115.16540908113505,3.076532502214163,1703.5063737116845,16.97816811076898
2026-06-04 00:33:00,69.7974007706219,114.35822157819884,2.8460718034615113,1705.1055523624295,17.51596024657012
2026-06-04 00:34:00,69.4571235249487,115.49911236502392,3.3171292245410995,1694.8220026961567,17.43166230495564
2026-06-04 00:35:00,70.1539802345595,115.0747622752895,3.0643898005246677,1705.4323266561692,17.716454149972698
2026-06-04 00:36:00,71.09978534023676,114.73356185807711,3.1165180236277275,1711.6426059319513,18.297203342016292
2026-06-04 00:37:00,70.57410077008895,115.14265112854969,3.046125112832466,1717.4969079113637,17.40259722890646
2026-06-04 00:38:00,70.62600899234735,115.66662828392379,3.175782847736558,1710.8323822720272,17.43036341500888
2026-06-04 00:39:00,71.40574354817042,114.63272616443477,2.6967264965271283,1717.0996819728869,18.2874685382358
2026-06-04 00:40:00,70.87959744462108,115.74662152963064,2.8439235626131927,1718.0747682684037,17.44173767285696
2026-06-04 00:41:00,70.92603384544256,113.47419395597103,3.1796949458092008,1684.6190723152774,17.719263668011877
2026-06-04 00:42:00,68.38177388207647,116.48912867644552,3.235916524420739,1690.8797587560098,16.78258613698551
2026-06-04 00:43:00,70.71896970413172,115.73349152664844,2.82143266632142,1680.5661081007424,17.427215039728186
2026-06-04 00:44:00,69.38053687909553,116.58543120380583,2.702558095830979,1703.2995823977365,17.837154225994936
2026-06-04 00:45:00,71.61775437739736,114.24334191487074,3.06401211089263,1713.9839773304614,17.925803437071153
2026-06-04 00:46:00,69.83761475034761,116.79368688793247,3.101714850369744,1726.5600235668155,18.076539381026098
2026-06-04 00:47:00,70.25080711736257,116.374648905028,3.0388882118264626,1708.631160834107,18.00838236170047
2026-06-04 00:48:00,69.66817548609907,115.0520210690263,3.0091022736533755,1694.1338051767689,18.17505317856647
2026-06-04 00:49:00,71.67390067479626,115.0871377632471,2.75816239516977,1709.1981426690102,17.630687817016607
2026-06-04 00:50:00,68.5923995643116,113.55607113119515,2.934298239069594,1669.9786310099137,17.80603548692442
2026-06-04 00:51:00,69.56523968059436,113.53911011579912,2.9763869622226995,1695.9310292408336,18.47608839154595
2026-06-04 00:52:00,70.42052274791365,114.0950545392804,2.917533017949556,1664.7472681594888,17.48774284513233
2026-06-04 00:53:00,71.24700711643749,114.3683226002461,2.7705394607079232,1716.5978545354908,17.409761426112336
2026-06-04 00:54:00,70.48301688524845,117.52773168564859,3.1285681270213748,1703.9820527605532,17.568450546932535
2026-06-04 00:55:00,70.11681763592944,112.89325873822592,3.1095791086481115,1693.9588121956488,17.53519523212476
2026-06-04 00:56:00,70.5756781160885,115.08742892913482,2.8747202729229953,1684.8096284714038,16.789693710716193
2026-06-04 00:57:00,71.23670942910529,115.85237238979838,2.9940726746162056,1694.360835075996,17.359929261552043
2026-06-04 00:58:00,71.1466436240721,115.66283702079747,2.9410524649380942,1713.507085096133,17.48500583193834
2026-06-04 00:59:00,69.78391309662,115.518934592364,2.925893710692975,1678.2534612890001,17.536237346586187
2026-06-04 01:00:00,71.77964009818855,117.10733761988853,3.1387520321042772,1720.5407451990518,18.704432625408906
2026-06-04 01:01:00,70.45815256893658,114.95320220095773,3.1101517625190187,1694.3424535407853,18.019279921286138
2026-06-04 01:02:00,71.22078825612539,115.64836323580457,3.1974358497557187,1682.028994132992,17.326106086144012
2026-06-04 01:03:00,69.97679371819522,114.84728237446907,3.1713930990052774,1721.055907462109,19.146821013281492
2026-06-04 01:04:00,70.91382359101621,117.19316898737911,3.016238304542034,1728.3395550502237,17.80846102165697
2026-06-04 01:05:00,71.09114773269009,117.82545280092172,3.446689911600378,1695.9828307127095,16.980637968344944
2026-06-04 01:06:00,71.62967152629876,113.90829955274998,3.2552274646705572,1696.3078107662336,17.25515759259806
2026-06-04 01:07:00,71.54979818371349,113.17827397902352,2.942318675533603,1704.4448137215993,17.39481293003471
2026-06-04 01:08:00,71.33516926732608,115.63281617038884,3.015647037159899,1687.1804643113119,16.935736660695785
2026-06-04 01:09:00,71.2834289832111,117.2083681815015,2.7637227153075203,1702.8112326418568,18.16714543659972
2026-06-04 01:10:00,69.54117121597974,117.85414823957171,3.0378070091689455,1713.4945871743685,16.686120423805367
2026-06-04 01:11:00,72.25486173402392,116.72704813263613,3.307159528463288,1742.3294696117837,18.31369023450551
2026-06-04 01:12:00,69.66433228703616,116.81583671500142,3.426588974860357,1696.5580138828916,17.896213075566322
2026-06-04 01:13:00,70.16663855161403,117.18486905196873,2.9946612983131207,1717.917178510975,17.413806417618808
2026-06-04 01:14:00,68.83893662815848,116.88512024408472,3.0587248189634635,1706.9918707442248,17.92997857676716
2026-06-04 01:15:00,70.39512880163173,116.61464111194998,3.1279467043185196,1682.3464513724991,17.341527197567657
2026-06-04 01:16:00,69.81451251125903,113.96949574672898,3.3308320172125914,1706.408755101582,17.417144365050437
2026-06-04 01:17:00,70.3629822335134,115.34517819511879,2.8762346774420227,1702.485383782416,17.89742603674665
2026-06-04 01:18:00,70.07733786686377,115.55653587385608,3.411426259373575,1724.587930259361,17.514428268494594
2026-06-04 01:19:00,70.32576072141005,115.0071246362534,2.960898963390553,1724.2692500438377,17.313405396975735
2026-06-04 01:20:00,71.98874846117874,115.45275789542873,2.8577092454850734,1712.2984626558316,17.70382878300513
2026-06-04 01:21:00,71.30052411539756,117.26017322816514,2.9780107895276053,1723.2738818348282,18.217255546377263
2026-06-04 01:22:00,69.34152223939505,114.41143095375567,2.8998678474243254,1702.06631865552,18.17181261664248
2026-06-04 01:23:00,72.4775391541624,116.95442623827604,3.1292592472661727,1730.064519333711,18.168232243672787
2026-06-04 01:24:00,71.11511219967342,115.89258417071521,2.7863311607455854,1708.3431182646757,17.614254592321466
2026-06-04 01:25:00,71.77107872957838,114.89563107051762,3.082890668216044,1728.7940518932378,18.170900098790664
2026-06-04 01:26:00,70.76139274661348,114.09785438737734,3.1255804199217425,1723.1881711196854,17.34990915215037
2026-06-04 01:27:00,71.4221800252777,113.58769095322816,3.264376368303391,1719.1370155978248,18.28221383844057
2026-06-04 01:28:00,70.53702473768307,116.12795952118549,3.1384420521594074,1696.1464098190938,18.152803493647344
2026-06-04 01:29:00,69.9714917803267,114.98279245709196,3.2171035873946323,1694.4743242714399,18.30197907870566
2026-06-04 01:30:00,72.95220457996709,115.01159372445468,2.9759849584555527,1724.6508515583098,17.680392584882252
2026-06-04 01:31:00,70.51591609315058,113.28819421102224,3.0950965624596556,1720.5955108604765,17.399241159684873
2026-06-04 01:32:00,70.79613393630751,116.32927524084246,2.7196174280724215,1713.1761475554006,18.12554074827765
2026-06-04 01:33:00,70.68364845737678,115.15803441551756,3.00733561736131,1700.2023953022385,17.573748662259124
2026-06-04 01:34:00,70.1928874124228,114.69223812269313,3.0945907116223683,1710.186435554124,18.17406280948174
2026-06-04 01:35:00,69.30990215645872,114.1872164172301,3.0945225031775707,1700.4103893093534,18.1991161775792
2026-06-04 01:36:00,71.68623527722558,115.6946143133348,2.8292820582479994,1708.9850546325695,18.671574137288406
2026-06-04 01:37:00,72.57789967396197,116.27349686604252,2.9887751855752605,1738.8605164361982,17.878109860653627
2026-06-04 01:38:00,71.43342856727573,115.336176340683,3.0111963196706193,1702.6297737703896,18.218231808158606
2026-06-04 01:39:00,72.21375137643383,114.60921325768187,3.0046683922471904,1721.4227584375524,17.810938624794435
2026-06-04 01:40:00,70.25754087684061,115.91107983563816,3.174139529107983,1715.3715944389198,18.07730089129126
2026-06-04 01:41:00,72.0894121353389,117.12411283139622,3.0254396095231173,1693.1945375637645,17.91335313630931
2026-06-04 01:42:00,70.51318957125024,115.26756955059426,3.0295156068298668,1684.008038823317,17.56691483632658
2026-06-04 01:43:00,70.35399643807176,115.52507240100476,2.9560880034597843,1704.6894272801646,18.451048755199512
2026-06-04 01:44:00,70.85682093588231,114.9655875312464,3.183483018234693,1675.4614488188756,17.14136317145021
2026-06-04 01:45:00,71.89948358055885,114.81409657073871,3.229664670841636,1739.2119952301875,17.938855279923523
2026-06-04 01:46:00,70.5933942616931,114.61301540256527,3.0017815584801393,1704.1823433738523,17.881754358337567
2026-06-04 01:47:00,70.78147084435787,113.26376905136468,3.4447879804114687,1696.7920455219285,17.886317282865843
2026-06-04 01:48:00,72.20643330943362,117.04183348937053,2.926652496053774,1726.670788982463,17.37331231748067
2026-06-04 01:49:00,70.2948011635408,115.79352218321722,3.1669846818793586,1701.07023739148,17.499694529030734
2026-06-04 01:50:00,70.65927658491356,115.7756601805351,2.9024616303740025,1718.7879939170075,17.600031294376535
2026-06-04 01:51:00,70.26155600274163,115.55650934942437,3.129407639192201,1694.1020311872012,16.700140299855217
2026-06-04 01:52:00,72.40940174043999,116.27029086766409,3.161774305166246,1712.186242787717,18.396419012561548
2026-06-04 01:53:00,70.66568150573715,114.94191274028158,2.903130501636394,1725.505416204781,17.32371121261776
2026-06-04 01:54:00,73.03909198381429,115.8978078932415,3.066284401217064,1704.2477701090577,17.502773822381496
2026-06-04 01:55:00,71.40927871364019,115.40679472736915,3.3452172596365655,1720.9272950309437,18.366973779330845
2026-06-04 01:56:00,71.39433077234929,118.61404897387276,2.9178774413709654,1671.7568623004363,17.66622804088535
2026-06-04 01:57:00,71.5052407604191,117.20259533997509,3.125503424082881,1732.0272767887398,17.869062820373074
2026-06-04 01:58:00,70.18505878767805,115.52079491766213,3.0716116613341895,1695.9115696713243,17.547180127536954
2026-06-04 01:59:00,72.12964188180501,117.0947641045641,3.0240297551086277,1704.7895774294839,18.157539760106204
2026-06-04 02:00:00,70.57261624681828,117.33756865303263,2.7969932925103738,1709.8632659861719,17.704242948723287
2026-06-04 02:01:00,70.60466507552425,113.45155689766591,3.13150615959659,1686.8196288518266,17.792119307074724
2026-06-04 02:02:00,72.88537814665881,115.48273537167094,3.0517530628776557,1694.2276690830477,17.418609219682992
2026-06-04 02:03:00,71.47013882413836,115.44127136530975,3.1963008936707435,1713.9649762476217,17.862448365447307
2026-06-04 02:04:00,70.54102084259078,116.53678276768954,3.0882936643744934,1719.2310219690742,18.262551275875218
2026-06-04 02:05:00,69.88441355252088,115.18604768547569,3.0399929833946464,1692.7854176122246,18.289458047326324
2026-06-04 02:06:00,71.22074427530383,115.79278495020503,3.116615974116304,1720.2629198050224,17.335859369403373
2026-06-04 02:07:00,71.71656455437194,115.24150051982842,2.9048783186720093,1718.9700007938,17.77888080492107
2026-06-04 02:08:00,72.61073149809965,117.47371086651633,3.3147151788512486,1710.5265624948433,18.746839717660198
2026-06-04 02:09:00,70.58752702476806,114.07043360283024,2.997183990855918,1691.2967969169483,18.269968630498294
2026-06-04 02:10:00,70.45250717530602,115.06253084515099,2.9839728745945657,1707.108271245075,17.708073493763866
2026-06-04 02:11:00,70.8256059110236,113.52498475702848,3.2430041776080447,1715.3081743264001,17.870221605739584
2026-06-04 02:12:00,70.68277782034313,114.17812030163962,3.0646805048871775,1704.6328594975093,17.82565130541805
2026-06-04 02:13:00,73.47631840721587,116.32489398033779,3.0274845632766945,1703.7030026531645,17.82294783883369
2026-06-04 02:14:00,71.26317145122657,116.40824569981544,3.129063717490507,1720.4026816723053,18.22129040083046
2026-06-04 02:15:00,72.36666205456586,116.19828413008847,3.198838555829809,1739.968056329391,18.483260612880734
2026-06-04 02:16:00,70.39796487993452,117.00102073339013,3.0257316265234286,1697.142061140942,17.38020694744816
2026-06-04 02:17:00,72.03617369587387,117.3887204841992,3.1892741140482173,1705.7148073437147,17.68602570771863
2026-06-04 02:18:00,71.32069031902748,115.59380899571981,2.8545422977546018,1750.1722296599348,17.656806105410638
2026-06-04 02:19:00,71.12027726993168,116.21914868190687,3.1005134186404923,1716.6114050027043,17.857105574709166
2026-06-04 02:20:00,71.65950716271824,115.43181848420238,3.1850319069481507,1693.9961871086316,18.09538645546459
2026-06-04 02:21:00,71.06620242268842,116.60197059746912,3.1499162878577756,1704.1656657602216,17.997042303192693
2026-06-04 02:22:00,72.63061744220803,84.77683010163136,2.7436393952574267,1704.6055509188031,17.810573787754365
2026-06-04 02:23:00,73.53006258009651,117.84628241858485,3.027096493158071,1714.9229735796541,18.381750213720508
2026-06-04 02:24:00,72.79575171016563,117.54551240807979,2.8963964693082547,1720.3163088531473,18.090787513531914
2026-06-04 02:25:00,72.0226368451895,114.60980220390837,3.262766677559728,1704.4328766038202,18.609704539630467
2026-06-04 02:26:00,71.24527001832429,114.94180303355651,3.000640594977662,1739.6930009116172,18.520387278244772
2026-06-04 02:27:00,70.53129175174982,116.30850442548264,3.2297393051228935,1711.9837453336231,17.477821688141624
2026-06-04 02:28:00,73.84839750981739,116.22482153792714,2.9261582812269404,1714.9070209554652,18.119225967620096
2026-06-04 02:29:00,71.86916011637648,116.31635784530769,3.102785643399229,1690.5210184853404,17.66451305547383
2026-06-04 02:30:00,71.63216339585455,115.57124648018427,3.068025896748445,1699.9454799937807,18.126585264302584
2026-06-04 02:31:00,72.35718758431216,117.5230343087231,3.4608277356069492,1690.5531120215594,18.13719370030429
2026-06-04 02:32:00,72.93524242625782,116.46914682881645,3.273967715649215,1716.5971916741748,18.28835975614316
2026-06-04 02:33:00,73.00918623352513,119.09935497981502,3.2467285620025876,1702.6547291603722,17.87698246365928
2026-06-04 02:34:00,71.69749158423458,116.45347734783947,3.3528556273828105,1721.496653167074,18.52577496956737
2026-06-04 02:35:00,72.0436187087088,114.4733785004077,3.115409385776903,1705.8023673462958,17.870961227331907
2026-06-04 02:36:00,71.27867091686944,118.52508520312561,3.0531600143732582,1726.2202055806629,18.307376066140964
2026-06-04 02:37:00,71.47171185461258,117.11248531009598,3.0209094556563927,1717.9596174395958,17.882170240859935
2026-06-04 02:38:00,73.03677372628607,116.63774374568227,3.127943605023013,1725.436834514629,18.064716545891088
2026-06-04 02:39:00,71.74539215108484,116.85191026774031,2.65621161529153,1727.7972374301737,18.307475993979224
2026-06-04 02:40:00,72.40957517387372,114.60203491115497,3.06894166640263,1743.6183987327383,18.63164657193652
2026-06-04 02:41:00,71.04703140656429,113.79135872368823,3.0977927343096914,1700.019839945326,18.10030162845716
2026-06-04 02:42:00,72.83102350945462,116.05338877127355,3.0501883230768323,1727.4031680880375,17.85621073240513
2026-06-04 02:43:00,72.34626492347562,117.70248033412084,2.8402275997832085,1719.9445305915556,18.61600697136171
2026-06-04 02:44:00,71.04194447971733,116.47666715531558,3.044312281667534,1729.306760919624,18.198446084420365
2026-06-04 02:45:00,71.41421627689037,117.84771974474481,2.823059381801042,1712.2848155287713,17.966502066697846
2026-06-04 02:46:00,73.7492726165594,118.08752488438297,3.3662009905613317,1737.6676354804026,18.662099821416795
2026-06-04 02:47:00,70.36016699947079,115.70842696413924,3.0069772378129005,1689.7419065384101,17.97073575654029
2026-06-04 02:48:00,71.40721335950447,117.55249508079488,2.766060177035544,1700.0285284413671,19.048774395965783
2026-06-04 02:49:00,71.76935841309394,117.73959245148725,3.029855223161938,1703.628219561181,17.9569818631789
2026-06-04 02:50:00,74.7891635688623,116.44503112695882,3.2370597241236414,1719.4287475551953,18.730485996128092
2026-06-04 02:51:00,70.95625024703291,115.49062568447847,3.076222134911036,1710.6574242660631,18.05037345246338
2026-06-04 02:52:00,72.00105632279968,115.97095914636553,2.9164161595458267,1699.5985051665873,18.076683142706766
2026-06-04 02:53:00,71.68176645910306,112.84253967324061,2.9473847100411104,1694.9613002442366,17.723583768101665
2026-06-04 02:54:00,71.7875268374392,116.46608966071683,3.032277671877333,1705.2315996452535,17.921939952604795
2026-06-04 02:55:00,71.37961545303352,116.48987996550458,2.97574077818648,1682.6984576003847,18.011329877860916
2026-06-04 02:56:00,71.43859028484637,116.07184231695976,2.870960345932816,1707.657029450955,17.60190998078273
2026-06-04 02:57:00,70.51570805371925,115.81458524733988,3.016592067379537,1704.470250013993,17.470268454198077
2026-06-04 02:58:00,70.91796308315789,116.0713186519688,2.874839218332652,1721.5954174479966,18.067864473506784
2026-06-04 02:59:00,71.79236627022108,113.5095313611119,3.2027539021528257,1714.5825108303136,18.449127920943166
2026-06-04 03:00:00,71.94776110249857,117.6093568616843,3.201615420574959,1735.0908809141756,17.83933442298722
2026-06-04 03:01:00,72.82786238847804,115.94956626744508,2.9422526101118054,1730.7317452783805,18.221356970587962
2026-06-04 03:02:00,72.22755741708953,114.93625145117959,2.937675119984454,1720.09404168369,17.415341669357183
2026-06-04 03:03:00,73.0913340010469,117.94311535628763,3.024119047872967,1722.9843406359628,18.835042948573825
2026-06-04 03:04:00,71.68976186155909,117.0431380154651,3.0531854944070003,1719.6185103286284,18.377195115499823
2026-06-04 03:05:00,72.62569427051106,116.8916963836292,3.1427949852787007,1717.5424692570805,18.769890615542963
2026-06-04 03:06:00,72.23684246410342,117.2361703859158,3.15698635525596,1719.0000132562354,17.57540178565061
2026-06-04 03:07:00,70.40387580797308,114.40415609073281,3.1186344187908914,1739.358584033408,18.035692214562285
2026-06-04 03:08:00,71.43014846145266,115.72483253794219,3.2878735520433113,1709.907925281517,17.535651034206715
2026-06-04 03:09:00,72.68308165829296,117.83688225706952,3.0945973648957827,1697.1305751455286,18.450222431040913
2026-06-04 03:10:00,73.42674201024364,115.21463238304592,2.8731079439062044,1724.1481535842304,18.14227815659107
2026-06-04 03:11:00,72.54170513687079,114.86152447313133,2.8292577473822966,1727.2551223890127,18.237294349484
2026-06-04 03:12:00,72.30089460938505,116.59071364015175,3.345127291030491,1722.2697034196465,17.961550180227974
2026-06-04 03:13:00,70.63746418074807,116.01694781389891,3.136080340306273,1683.7512102396786,17.53130191767967
2026-06-04 03:14:00,72.13640175590861,116.92790823264416,3.107689297242054,1734.643385398098,17.819119670618342
2026-06-04 03:15:00,73.4777076560905,114.76036512462657,3.1616282535473754,1722.3039082196788,18.330194193993957
2026-06-04 03:16:00,72.57310616434417,113.31554749236909,3.1156936465222964,1713.676784648443,18.090508083667466
2026-06-04 03:17:00,72.61051469264423,117.19394198924653,3.1375425805556336,1732.333736051648,18.145495849563908
2026-06-04 03:18:00,71.96297400888675,114.75435881629855,3.0143742161593816,1683.6829189123875,17.617380074206327
2026-06-04 03:19:00,71.8200084796075,114.89121563250008,3.1998264261734524,1709.9873059638126,17.808987621754074
2026-06-04 03:20:00,70.38657991559329,113.21231058853417,2.976749757770188,1702.9840090375546,18.474137812593714
2026-06-04 03:21:00,73.7808867282821,117.47626573451328,2.9477582999901784,1739.0324670493148,18.25731963214114
2026-06-04 03:22:00,71.34215767821885,116.53647808728594,2.820778118578918,1718.524206405904,18.215999121305746
2026-06-04 03:23:00,73.00312004317011,116.55630054255428,3.0432790996316297,1702.817740523,18.25319761448984
2026-06-04 03:24:00,72.73724285441618,116.84164112610311,3.2886250525487775,1736.7734544542188,18.033975634808456
2026-06-04 03:25:00,71.53459726354774,113.34143520708285,2.9856394647547755,1673.962915522011,18.55951090955078
2026-06-04 03:26:00,72.01323476444153,114.92085895851933,2.866755028393021,1722.325967568724,18.194338683690166
2026-06-04 03:27:00,72.67366103873015,115.69251615280905,3.125030125701785,1697.5118087421333,18.188174713190588
2026-06-04 03:28:00,72.30755593290017,115.07227682377412,2.9670577071680877,1706.0070106819956,18.26017342751737
2026-06-04 03:29:00,74.07764419904643,116.28966363521855,3.3399385640870025,1717.9295400114308,18.684016294029185
2026-06-04 03:30:00,74.0515712079195,116.75804569413535,3.258696734873374,1733.1530999914855,17.73306138710638
2026-06-04 03:31:00,72.82754324127846,117.48876898143479,2.8947686475640575,1750.131743539964,18.163066746272147
2026-06-04 03:32:00,74.84338498907367,114.95997796642067,3.089663976308467,1696.4563431223169,19.262183945952795
2026-06-04 03:33:00,71.57880230456506,115.74160967099537,2.936856774141874,1716.7240586403525,18.5382314417205
2026-06-04 03:34:00,73.26888710299059,117.05731982130264,2.9061554725274403,1749.0830739929017,18.059172708430363
2026-06-04 03:35:00,72.9821117324878,115.21066819311525,3.0795810260339582,1709.0002946604466,18.45098370387318
2026-06-04 03:36:00,71.43895424990819,115.7077596490028,3.1853455130734676,1702.9971342244858,17.838936082752575
2026-06-04 03:37:00,72.76013799448954,116.86743787407765,3.0749155958574623,1720.9735314882357,18.295253394875335
2026-06-04 03:38:00,72.18093456080354,115.90264916077354,2.98185721421281,1724.2885055806166,17.761272988909454
2026-06-04 03:39:00,72.8385005513275,117.24116684090407,2.764539824452989,1728.9590309850923,18.025952003899672
2026-06-04 03:40:00,73.42244220814236,116.65971627333167,3.003199601832601,1715.2338484433326,18.03629740408675
2026-06-04 03:41:00,73.32063122196499,115.93993537965464,3.1703820760339028,1705.4842179207865,18.830013736552015
2026-06-04 03:42:00,71.34200136323035,114.2730982325769,2.844065522815117,1728.8132816802427,17.647995481174426
2026-06-04 03:43:00,69.54458299973595,116.24644883503737,3.2557074221777738,1701.0460595032876,18.43163162051367
2026-06-04 03:44:00,74.1685548407877,116.53293669278735,3.006652728042756,1690.0968156280271,18.033819578585817
2026-06-04 03:45:00,72.26905487883877,115.0621655781408,3.112628907097441,1694.913254025762,17.90832610100308
2026-06-04 03:46:00,70.22663171892017,116.14109493760732,2.969637656531156,1697.2596086007547,21.26612938102159
2026-06-04 03:47:00,72.35526846134196,118.14878655654013,2.932037712198888,1744.0846275786096,17.794145988318615
2026-06-04 03:48:00,72.32884888572164,115.50689112223746,3.152644595131866,1699.4946066722346,18.415367987968885
2026-06-04 03:49:00,71.58147397543956,115.14267754711302,2.9780205025286666,1736.3732540920028,17.953466137734576
2026-06-04 03:50:00,72.53754012487092,115.64659557968375,2.97928358192689,1740.4499347984838,18.061483165164706
2026-06-04 03:51:00,71.58495844149212,114.05093586605918,2.714599591009644,1717.5828637086092,17.72647118657412
2026-06-04 03:52:00,72.5548672771546,118.47091453320348,3.2664387832590376,1675.9707397293696,18.821302719740498
2026-06-04 03:53:00,74.39035901839759,115.84437167617862,3.0931245877661837,1700.6795654214604,18.177792931236393
2026-06-04 03:54:00,74.28300084701958,115.78312677140674,3.2868701937535167,1714.6739133232795,18.37604451849468
2026-06-04 03:55:00,74.43696646660622,115.41731390301408,3.210991791676151,1749.553112261358,18.73390257502908
2026-06-04 03:56:00,72.4854007762914,115.92810344105162,3.258875822774582,1710.0446742765423,17.86017390754506
2026-06-04 03:57:00,72.93938292225502,115.5935740749113,3.0105666320317304,1707.4436883145954,18.66763169380685
2026-06-04 03:58:00,73.4009727639597,118.2555812444004,2.8961245529006914,1723.22310821867,18.250649920024404
2026-06-04 03:59:00,71.30966999547735,114.42017277591921,3.175647808325133,1691.1058905056198,17.40582115573977
2026-06-04 04:00:00,72.64398115720522,114.64604152927625,3.1190153186713414,1719.5277789910676,18.033943934842185
2026-06-04 04:01:00,72.84779392924777,116.74421708003555,3.0021834546479793,1702.449322282751,17.60297506030304
2026-06-04 04:02:00,73.67438813197774,116.27242916837766,3.20481214209122,1758.9972728903806,18.23299993742887
2026-06-04 04:03:00,72.53493566026619,115.97296991879205,3.128919837413801,1702.7756912315308,17.802815424123423
2026-06-04 04:04:00,71.96845837306374,117.13385555440871,3.1933269083764215,1748.4462474342304,17.86966558165227
2026-06-04 04:05:00,72.46456875955228,116.51457513781664,2.9366755802502382,1700.9044438051467,18.292141145798748
2026-06-04 04:06:00,69.63956826788841,115.34013548351422,3.173063575149204,1709.2258524273,17.715731931606683
2026-06-04 04:07:00,72.81016916950703,114.68822829851126,3.0909723066549124,1725.8380916090161,18.671164541838483
2026-06-04 04:08:00,73.23845703897346,114.51535309537196,3.2638683440600076,1722.354032331721,18.724473770097084
2026-06-04 04:09:00,72.70595158456197,115.62074590314744,3.242655328782937,1720.6894779571953,18.255176795890065
2026-06-04 04:10:00,72.79284990971608,114.99850253682605,3.189594063276884,1730.2517208902982,18.349729526274746
2026-06-04 04:11:00,73.98586943088252,117.14922117803555,3.1050760163158526,1730.609508858751,17.850076021614818
2026-06-04 04:12:00,73.0653330843638,114.27146383216734,3.2017634984694783,1716.4720875123346,18.493377240307346
2026-06-04 04:13:00,71.98031657651173,115.93417829365235,3.264669193389303,1709.4937735581727,18.39966580312628
2026-06-04 04:14:00,73.10888676082625,116.44805928062007,3.2013932038487347,1719.590514634551,18.709506399836418
2026-06-04 04:15:00,73.23604840702905,116.40650067677008,3.1273287360107607,1716.7165069916111,18.104552684145425
2026-06-04 04:16:00,73.42054090389378,116.55754285867594,3.1786963762085576,1711.4173365028926,17.92038725631777
2026-06-04 04:17:00,71.02155166950904,115.22769790266085,2.962447401343596,1709.403607970264,17.693265532035305
2026-06-04 04:18:00,72.86215547219722,115.40975125116684,3.307814542870032,1695.0033903662854,18.679204511926205
2026-06-04 04:19:00,73.87245428143082,118.07834255648564,2.853390317402733,1705.7192042832967,18.405652343238
2026-06-04 04:20:00,72.34976340356123,115.86949355487464,3.088729260197026,1729.1903768645275,17.528382189823215
2026-06-04 04:21:00,74.12386274283415,118.30552471348729,3.0459441970394456,1687.6113085816485,18.559036664993553
2026-06-04 04:22:00,73.7808597833265,116.01940765975769,2.997836936606982,1736.7496182817094,18.01946091165578
2026-06-04 04:23:00,74.61243356013753,116.73453929052053,3.162716925787696,1715.0036947164972,18.810863757376126
2026-06-04 04:24:00,72.93025208384384,116.11525635732563,2.9166288707541743,1742.1321192588039,18.356376982963074
2026-06-04 04:25:00,74.91461313302499,116.79071399700827,3.4236732742208953,1738.5699220719928,18.75280353293211
2026-06-04 04:26:00,72.5624847716651,116.02353779706314,2.8990078929810554,1715.453742710282,18.67922154867399
2026-06-04 04:27:00,75.35659682296857,116.9440293455076,2.979220954979699,1721.0264857672673,18.789280472492948
2026-06-04 04:28:00,72.3521717674835,117.70574292019313,2.9010651935740785,1735.4824605304807,18.388172814236423
2026-06-04 04:29:00,73.56386781670084,117.5044011228092,3.112826649139932,1735.708900211705,18.448913174041373
2026-06-04 04:30:00,73.02471805713358,117.90726014272691,3.261539891268623,1736.4627579494243,18.042650126780003
2026-06-04 04:31:00,74.3797391622909,115.24176301376694,3.202373015813507,1741.8572646947948,17.96860587583308
2026-06-04 04:32:00,74.06717380221711,115.04665330560148,3.3183714595356184,1703.1911345511498,17.89929724435332
2026-06-04 04:33:00,71.74091924498379,116.56670418728982,2.962936665184977,1720.4848339024834,18.444979476919862
2026-06-04 04:34:00,73.1148626996984,117.5476473731225,3.206992343550734,1710.0811743098125,17.422022161667634
2026-06-04 04:35:00,71.60424306240245,116.03565994356397,3.0650443450615903,1705.4165250869871,18.323151553936803
2026-06-04 04:36:00,72.44227789081188,115.45537029963816,3.12037592722736,1719.6912780455493,18.03989049659372
2026-06-04 04:37:00,72.3507834615965,118.17440661138984,3.2664218311490605,1713.8162946736725,18.740435310726962
2026-06-04 04:38:00,73.34411877481898,117.58221846270055,2.863437216433275,1720.9618083065213,18.332698305148426
2026-06-04 04:39:00,76.28776408981584,118.24400871874147,3.4302795979830867,1718.8251365195329,18.339805380454823
2026-06-04 04:40:00,74.63888364333665,116.10258034882958,3.0870347615455564,1702.9471155429083,18.842566249791826
2026-06-04 04:41:00,71.69845335440797,115.80098098710522,2.854006253378562,1744.4519722912419,18.175739665708566
2026-06-04 04:42:00,73.24007000893332,117.53640840942269,2.9892555183512943,1720.9739270290102,18.09749652259151
2026-06-04 04:43:00,73.80584986514191,116.26808146544018,3.1209026179930595,1699.4784629961052,18.095985847721476
2026-06-04 04:44:00,72.4968343519466,115.65054757538469,2.988276993593196,1721.1772438434934,18.306044275298042
2026-06-04 04:45:00,73.09722077042558,115.38145162028711,2.7913018803538305,1742.5180115459532,18.106050697699317
2026-06-04 04:46:00,72.43103097283206,115.49156843588254,3.0881946995004106,1729.1158802660268,17.92141348435822
2026-06-04 04:47:00,72.55004259821085,117.86376611000058,3.0126486220202886,1716.4013749184055,18.98692598519534
2026-06-04 04:48:00,71.34399522932733,114.27293152822459,3.1699729499143197,1707.039779049603,18.061821615825686
2026-06-04 04:49:00,72.73575771741082,117.05382313334172,2.926339240675265,1702.9633355037317,17.970193303614323
2026-06-04 04:50:00,72.99922883114118,115.6099908938825,3.43655299302009,1708.3309044964135,17.831884746233357
2026-06-04 04:51:00,73.49280178897092,116.77746550690803,3.2123660938533414,1717.1510547447215,18.59431827559237
2026-06-04 04:52:00,71.97980356509464,116.13215754174803,3.1166959824134173,1695.4112869228418,17.929926655349995
2026-06-04 04:53:00,72.40128119430123,115.97165845105432,3.1759053322807387,1709.8276623218967,17.970943026114103
2026-06-04 04:54:00,73.25488981659092,115.92843137120359,2.8116387847680655,1722.132805675157,17.795880560068547
2026-06-04 04:55:00,73.81429924696708,116.40451681125285,3.054639212817514,1719.6266309943883,18.547631692394702
2026-06-04 04:56:00,72.49456155621986,114.91247823712598,3.307332345331049,1711.236146852842,17.277763990763944
2026-06-04 04:57:00,71.72906646394175,117.72658970739447,3.0281708598055985,1739.5671510872799,18.236017267940067
2026-06-04 04:58:00,74.68415242628545,117.2948914718447,3.141564946905258,1757.7327437136898,18.413827196939508
2026-06-04 04:59:00,72.96545487229821,116.47330765592076,3.0383214515258863,1720.6403678988718,18.598878088732178
2026-06-04 05:00:00,72.70455526639417,115.34350998780934,3.294149093036525,1728.0973092548384,18.25265185033213
2026-06-04 05:01:00,72.2507167216568,115.94846092836167,3.0591710892630184,1716.673550934535,18.26059941407372
2026-06-04 05:02:00,74.48683386397005,115.70305238035388,2.910388560173534,1712.314661855464,18.574686074649325
2026-06-04 05:03:00,72.06287795420282,117.62609694462921,3.5006678642715103,1706.0167381690778,18.976621910429316
2026-06-04 05:04:00,75.38697257226573,116.10297528649565,2.9275660966840866,1728.0631081252568,19.01104494973613
2026-06-04 05:05:00,73.21914799349437,113.87808356312581,3.090298206187536,1737.246782353232,17.76244347649405
2026-06-04 05:06:00,73.03517644478278,116.36658803465049,2.960172080489771,1698.1719465610815,17.90616285638875
2026-06-04 05:07:00,74.46000836311384,116.36092522723588,3.007839452597997,1718.3095183442902,18.154919889728504
2026-06-04 05:08:00,73.19028777237084,115.54913342795022,2.9244970855487695,1711.6642667960834,18.381483659029147
2026-06-04 05:09:00,71.72200295369767,117.2468795759033,2.9958686579932094,1719.076679634463,17.86761448272845
2026-06-04 05:10:00,72.35301434239602,112.65624782543523,3.21003641109299,1716.4277700679015,17.743642112167525
2026-06-04 05:11:00,73.4865954607955,117.88780101930777,2.781122609421182,1721.3426422276352,17.704483703810663
2026-06-04 05:12:00,71.6867423387982,117.46390116680041,3.2690069943340614,1744.431904930699,18.218699545891745
2026-06-04 05:13:00,73.92520536578841,115.36156736258283,3.237608461899887,1701.812313301136,18.311486203161166
2026-06-04 05:14:00,73.43627801906217,116.02291688912406,3.1806160874608005,1706.9696531832524,17.7972861883852
2026-06-04 05:15:00,71.87613252817907,116.71662171461287,3.093016063159385,1718.5285815113525,17.849982428562654
2026-06-04 05:16:00,70.34405026144154,116.16680007237328,3.0767852710778016,1728.8487315533855,17.00665875001919
2026-06-04 05:17:00,72.14237446889622,115.39984383512554,3.2908786688222826,1693.537691222975,17.123576388742425
2026-06-04 05:18:00,71.10242626920261,114.3931923623924,2.827020587630065,1722.7482449744498,18.360528562061045
2026-06-04 05:19:00,72.25665682496867,118.83085746555025,3.195388533482472,1714.2389371848376,18.273383633630367
2026-06-04 05:20:00,73.65579627153765,118.08041789323373,3.0169454758959815,1738.5885763258586,18.535496623655025
2026-06-04 05:21:00,71.7290117223108,116.48249495475358,3.210146883043431,1726.679802617111,18.78192684249742
2026-06-04 05:22:00,74.0856870384547,116.95463574035365,3.0242069776617373,1723.9771580607699,17.70155840759618
2026-06-04 05:23:00,72.77458650964066,117.22038020413191,3.204350478909195,1726.9768365795694,17.40535808484077
2026-06-04 05:24:00,72.4290465506903,117.35811703644492,2.865649939286912,1709.7103771047566,17.7850832705716
2026-06-04 05:25:00,72.20358921003962,113.72828816606167,2.8282425320509272,1728.4290734626811,17.268108084401383
2026-06-04 05:26:00,73.21586397778998,116.04484262433026,3.0807665072440398,1740.3430396301267,17.987602131394823
2026-06-04 05:27:00,72.56847345269416,115.7091522947151,3.2989927200827,1718.2350508649242,18.360617893515812
2026-06-04 05:28:00,72.51203872430739,116.34268780718635,3.1828699563347866,1714.3661679548566,18.386829297997778
2026-06-04 05:29:00,72.93137069181878,117.34037668806339,3.173728766494452,1716.6950383031258,18.61871850120028
2026-06-04 05:30:00,72.36701705815346,114.05568267515446,3.2092809994999025,1727.895985032842,18.250196419984977
2026-06-04 05:31:00,72.65958007434044,115.1666048637537,3.0594919194208647,1723.1796869085688,18.231171726302218
2026-06-04 05:32:00,73.002938988131,115.79877732762566,3.199403753859953,1703.5636326469194,18.098051054792766
2026-06-04 05:33:00,73.17383834671614,116.5403980169496,3.00339464499771,1732.3506899460651,18.352574016563807
2026-06-04 05:34:00,73.52572200316816,117.53255643363393,3.0551648083652774,1705.7108754233889,17.654937913736813
2026-06-04 05:35:00,72.74790403584306,118.42352585435627,3.069251757418123,1725.9132472323915,16.96189369948656
2026-06-04 05:36:00,73.00442935957564,115.88788052201221,3.0002712143564554,1688.4246458898235,18.27184208474815
2026-06-04 05:37:00,72.24323889457774,117.5101787376327,3.090999194645817,1721.8036171005654,18.350517419000838
2026-06-04 05:38:00,71.85439127166245,117.15898574502745,3.048935669855912,1716.399436159962,18.781114921665452
2026-06-04 05:39:00,72.21945051071698,116.86023022196012,2.974532068818755,1686.630350869848,18.383687807967913
2026-06-04 05:40:00,73.21297660498503,115.97832472025182,3.046073866753738,1718.425042244637,18.127402286003395
2026-06-04 05:41:00,72.90513339660068,115.90782772155644,3.1157743163633027,1701.9764752861875,18.068780863272345
2026-06-04 05:42:00,73.110641749217,115.38698800175166,2.946051503133487,1723.4775082487802,18.008282150480653
2026-06-04 05:43:00,73.81026534423646,114.9295660322895,3.1484502930043434,1710.9903517807747,18.031637449462973
2026-06-04 05:44:00,74.27556661791141,117.66905687123473,3.0761185610200905,1707.8257693570988,19.008332922094873
2026-06-04 05:45:00,75.31277475173626,116.69718706861543,3.1472301715755377,1707.814030403589,18.566712507938078
2026-06-04 05:46:00,73.3679759759653,116.38989238402272,3.0261054964951466,1710.6946119505521,18.817942930195443
2026-06-04 05:47:00,72.66293783551527,117.53393076101432,3.273318337797512,1737.8849978128874,18.41076560837018
2026-06-04 05:48:00,73.97451800934536,116.8132167941069,3.2803376095520873,1739.9212837639839,18.16708494359372
2026-06-04 05:49:00,72.32507656070172,115.16635700014339,2.9267364831364806,1749.7464811910922,18.595317732183428
2026-06-04 05:50:00,70.81452625227098,115.41055343383897,3.1274399499302317,1702.059869773977,18.293209829584583
2026-06-04 05:51:00,74.81159100623718,117.34976168850481,3.3079411250888873,1710.0390892153073,18.256712364114726
2026-06-04 05:52:00,73.58800488063001,115.43833591058181,2.9688766473916512,1724.2437847799815,18.555662552275887
2026-06-04 05:53:00,73.46091061449619,116.79588765882451,2.972640544614917,1715.2677402418353,18.472758408919713
2026-06-04 05:54:00,72.7947521277978,116.51561687748101,3.2157341024860573,1712.3565913434911,18.10370489750223
2026-06-04 05:55:00,73.32969657504553,115.98294417177748,2.9303176314575485,1726.095253287162,18.343922612445738
2026-06-04 05:56:00,74.04922431472085,116.26236619062595,2.9909989796310716,1732.0793134685368,17.943325139289186
2026-06-04 05:57:00,72.13841732120483,114.85352575910392,2.9637699061110414,1691.5118229707398,18.26424854356813
2026-06-04 05:58:00,71.52185654584856,116.34964229502923,3.1933275816879836,1707.657975236708,18.521373627051638
2026-06-04 05:59:00,72.14488842414653,114.53368803423946,2.9742267104704148,1694.5763402515352,18.422105763295562
2026-06-04 06:00:00,75.04930619832214,118.2711588375747,3.0895917677364784,1724.148989270673,18.715502111054743
2026-06-04 06:01:00,72.76089878487485,116.4198892739842,2.9897684429670264,1726.8928657946808,18.648799338152976
2026-06-04 06:02:00,72.9588695049442,115.6267977416793,3.2598086337438246,1734.260449136709,18.010361372334263
2026-06-04 06:03:00,72.64908923010422,117.7061243369646,2.9586554991063494,1711.0065244590153,17.68739924996748
2026-06-04 06:04:00,73.64707594283567,115.06681599317339,2.875862298735478,1718.9945498194104,18.089766726359954
2026-06-04 06:05:00,71.3061322540419,115.38973584730371,2.8687781681846976,1691.9275333469511,18.11240247761181
2026-06-04 06:06:00,72.81785385634271,113.91944565224426,3.1783517216332076,1701.9535675874401,18.32756578246442
2026-06-04 06:07:00,71.93922938738376,117.62058183078825,3.1848247200138387,1717.096119749528,18.229165848599223
2026-06-04 06:08:00,73.62107720960016,118.68802376314416,3.2833221787665616,1698.8225825129748,18.624524650270704
2026-06-04 06:09:00,71.98650590164966,114.31265301943449,2.898918388725826,1736.1680582377464,17.354519820855838
2026-06-04 06:10:00,73.68095469190182,115.85179318926578,3.0873661862533717,1732.2623476909935,18.096147304863443
2026-06-04 06:11:00,73.09038578268485,116.66997187351717,3.4698412828597562,1707.580550734605,18.25655395210902
2026-06-04 06:12:00,72.35313083525418,115.95870664174487,3.0598218148286693,1698.8014034791488,18.48051131619959
2026-06-04 06:13:00,71.5249723567818,116.23707337619821,3.00046546396406,1706.205892540466,18.97508023757086
2026-06-04 06:14:00,72.45745825630709,116.31977614284644,3.094241453455027,1705.9887818341226,17.839523549580694
2026-06-04 06:15:00,73.31412233509066,117.0941509481613,3.1864985304288274,1703.1462173385821,18.018610753968705
2026-06-04 06:16:00,72.81687981516347,115.5580462045588,3.1910653029706424,1701.7139093557892,18.186271646354538
2026-06-04 06:17:00,72.67135660896517,116.6988993099868,3.0056824986237998,1716.1134348627675,17.935626137631058
2026-06-04 06:18:00,72.12958838520706,115.47976022690592,3.0335189155571682,1735.2387536423923,18.05426198505568
2026-06-04 06:19:00,72.69797015645106,116.00301554718114,3.055347327702728,1709.2970337949396,18.266989484670383
2026-06-04 06:20:00,74.28316168268584,114.64804458968091,3.0059634156139037,1729.7685353531845,18.759530968658368
2026-06-04 06:21:00,73.25764771834656,115.86129389904337,2.904568987136927,1713.0405497069596,18.22111617260087
2026-06-04 06:22:00,71.82909802553864,93.80738241727383,3.334480580300367,1721.8423208747845,17.630773186511714
2026-06-04 06:23:00,73.34084312757517,117.70525570186831,3.0438253394516073,1709.1756424716052,18.207992349674207
2026-06-04 06:24:00,72.75615180751747,116.63826797521288,3.0614221948682614,1727.0066061723132,17.93925373778976
2026-06-04 06:25:00,74.62692836038461,116.81069258660033,3.06304958989099,1723.9844857168725,18.725055553201315
2026-06-04 06:26:00,74.88823756910335,116.5900713477495,3.0957244187450144,1741.9949753438925,18.896968056011367
2026-06-04 06:27:00,72.90191209585657,113.83009598235884,3.157549071805485,1726.8481691092813,17.554458270360037
2026-06-04 06:28:00,74.5661393729058,113.85045983982229,3.01334091958646,1720.4640450933985,18.215008224459286
2026-06-04 06:29:00,72.76290591323713,116.27111274517573,3.2811380897560727,1699.9986878498125,18.015480809884856
2026-06-04 06:30:00,72.22933964178522,116.94937350272876,3.1973458163473194,1713.6559618774802,18.33270156302883
2026-06-04 06:31:00,72.06835923437906,116.03619088756305,3.059233816328179,1705.5677502654726,18.124792354860734
2026-06-04 06:32:00,73.46086650767995,115.78135858994983,3.021280097133534,1711.9099805717751,17.872690329203795
2026-06-04 06:33:00,74.28888809269282,115.93124168262638,3.2440468087900975,1716.4941662244826,18.593335379867753
2026-06-04 06:34:00,72.39200626088635,115.91596414055228,3.0629247905991677,1721.0585399303661,18.09354960191315
2026-06-04 06:35:00,73.25921500856506,117.90827372806298,2.9451519677405082,1730.5120480211308,18.298730612389466
2026-06-04 06:36:00,72.76544709676381,117.60973107045184,3.269300151308379,1742.149752853945,18.417576954877774
2026-06-04 06:37:00,73.6582012057807,115.70899432490067,2.982590183276221,1725.561129067116,17.838306909517996
2026-06-04 06:38:00,73.92912662904504,116.50573351057986,3.2346512907215854,1702.4574718223455,18.209358566005886
2026-06-04 06:39:00,72.66116097480564,116.85621090537515,2.7245113002643473,1723.368403415283,17.527458001597225
2026-06-04 06:40:00,69.80642764718847,116.16310074455392,2.9882691213155583,1717.4793611166886,16.883917628717043
2026-06-04 06:41:00,71.50536288748741,118.18723657057595,3.2542698808855683,1734.987753491466,17.714028768586928
2026-06-04 06:42:00,74.29625182242593,116.42585121860321,3.0980781679286475,1717.148837527516,18.01686021025247
2026-06-04 06:43:00,73.28443061488052,117.7691859186683,3.180833103387382,1716.0555492557373,17.480544608661432
2026-06-04 06:44:00,73.14551218968788,115.15447185144829,2.9678151591337842,1736.8044023265893,18.074294126974383
2026-06-04 06:45:00,75.11511176749929,116.04481402502836,3.172823958321159,1726.812385200838,18.191523511967304
2026-06-04 06:46:00,74.31351366131933,113.81043702112143,3.0921245948175953,1694.3362261321156,18.16208783533613
2026-06-04 06:47:00,72.273791858211,116.3328396179017,3.113251561086303,1688.1572150175066,18.321297242042515
2026-06-04 06:48:00,73.11529638888271,117.34170564448463,3.4102037788671042,1748.4740126906727,18.96717594505216
2026-06-04 06:49:00,72.2700819735577,113.30139752792796,3.286879089488308,1692.532213455952,18.3552298013963
2026-06-04 06:50:00,72.60756729087855,116.64356860154234,3.2133073324650967,1716.3934877783217,17.815167067051892
2026-06-04 06:51:00,71.5619027493936,117.10053378169505,3.21239162880354,1731.5865061498955,18.454337186357595
2026-06-04 06:52:00,73.07590377341505,117.79079155278727,3.005900383183225,1701.9856458204738,19.12729497224371
2026-06-04 06:53:00,70.19758812365785,114.35282426534972,2.9818394776674055,1694.2813588684692,17.445820251420606
2026-06-04 06:54:00,73.551579024849,117.26979867736742,2.8595830532308155,1699.192954842928,17.745177981129622
2026-06-04 06:55:00,71.6626910157207,116.46707179388785,2.9066226221111875,1746.4289798279642,17.6595291638037
2026-06-04 06:56:00,74.00217152242324,116.93034598442898,2.9484266490832685,1746.5536557395237,17.88475165393938
2026-06-04 06:57:00,72.86328591543771,116.57276464518219,3.1105509202232624,1711.9713456126406,18.511183305318138
2026-06-04 06:58:00,74.78227745379213,117.15344360464961,2.9293286130152842,1731.3084573773976,18.941380887454972
2026-06-04 06:59:00,72.58044157135633,117.76732548287329,3.089873973533571,1723.7708366502036,18.574790704676918
2026-06-04 07:00:00,71.48242380892461,116.1228601479076,3.068074681303069,1714.0239219592017,18.338053938528795
2026-06-04 07:01:00,73.85421098939983,116.75451970614978,2.924105277628583,1694.4462717503309,18.225100069342982
2026-06-04 07:02:00,73.94951186954376,117.91373211802674,3.3231053419274725,1753.4654226923446,18.36361173936783
2026-06-04 07:03:00,72.11550109227188,116.26029474847104,2.8959992078365278,1691.695405982243,18.390263294583583
2026-06-04 07:04:00,72.50566381362691,115.03501741495101,3.2599649096283283,1721.6548135798628,18.714024885138045
2026-06-04 07:05:00,72.30698240266443,117.3270613249438,2.7629125384486053,1710.4968287424206,18.24955236446538
2026-06-04 07:06:00,73.23196508793512,118.3860463544819,3.0896112327473655,1737.3101627676167,18.436795615278125
2026-06-04 07:07:00,72.22082131180798,117.61381921230873,2.891508208172367,1726.9195867682818,17.870240384867184
2026-06-04 07:08:00,71.95740948105687,116.97724328376925,2.976448989972392,1700.2412382518826,18.104989277434804
2026-06-04 07:09:00,70.36083589936875,113.09498540693062,3.332054802186535,1700.254423809172,17.851465531153334
2026-06-04 07:10:00,72.91628584038723,115.92749537383405,3.0606545012724715,1699.2876576836568,17.869418633047903
2026-06-04 07:11:00,73.57019638568734,115.80217010223149,2.9345637262678483,1722.9712274805345,18.60115605363653
2026-06-04 07:12:00,72.9892104243684,116.6320070994163,3.1783563820526597,1731.7053596009303,18.88438419787756
2026-06-04 07:13:00,71.72944593353817,118.02161701912257,3.013017910447844,1706.65102804823,17.98287867948084
2026-06-04 07:14:00,73.17131860332208,115.66131995940471,3.153138303106946,1722.4342023504553,18.611806315081232
2026-06-04 07:15:00,71.98743874824,118.92838242811476,2.945347811335843,1745.1208996674093,18.463527812871497
2026-06-04 07:16:00,74.06463769633027,116.00994604960326,2.9681335088927487,1733.6267593428258,18.17703935839658
2026-06-04 07:17:00,72.43307605214369,115.75216735262455,2.9933444749808933,1742.5157899291544,18.4120622914029
2026-06-04 07:18:00,72.81239509714709,117.1321139646736,3.1942895253625583,1681.2742408269369,17.97214029851108
2026-06-04 07:19:00,72.53337760738434,117.3570318355197,3.0491666515005287,1724.846103480451,17.904132164738016
2026-06-04 07:20:00,73.12242945761537,117.24322675678762,2.9403136610369813,1723.2811260736353,18.440279354075173
2026-06-04 07:21:00,73.9431728282346,116.34118236635594,3.1752415153919356,1711.4139391380359,18.83727328466149
2026-06-04 07:22:00,72.70926952061807,117.09777946001509,3.1116116418821838,1704.279474930814,18.616689936303082
2026-06-04 07:23:00,73.7646461752989,115.64434186703744,3.2116811636874147,1721.8516117298138,18.440946550132914
2026-06-04 07:24:00,73.10761159491943,115.80537754652714,3.0452013205845656,1703.3643681269316,17.901106367620415
2026-06-04 07:25:00,73.28197531297434,116.39457061794744,3.0889252610321565,1708.1316939860092,18.697272312836933
2026-06-04 07:26:00,72.56368645386613,115.11491130060253,3.136509636484093,1707.7276724970638,17.755618760948487
2026-06-04 07:27:00,75.16044612400266,117.97443831000773,2.962673073779715,1731.4179941912978,18.054849560646925
2026-06-04 07:28:00,72.10523738220144,115.24754164106426,3.195689607932848,1701.9491459411665,17.757888781678894
2026-06-04 07:29:00,72.20735246184388,116.60402583119216,3.127038097106084,1718.205749626023,17.73684962882029
2026-06-04 07:30:00,73.82205704713574,115.38958295322358,2.931236137451117,1734.6426413969612,18.13586139841773
2026-06-04 07:31:00,71.0133722733235,116.83336616702222,2.8729522803453116,1681.3792412495404,18.041853348388607
2026-06-04 07:32:00,74.1667511936877,115.47925308244947,3.0703305785539396,1720.457368697239,17.965849828995086
2026-06-04 07:33:00,74.32548188500469,117.94478448479393,3.0224242058727397,1726.8326711856612,18.822464276000556
2026-06-04 07:34:00,72.20475199236226,117.58673525200446,3.200156523271579,1723.6455367337767,18.662722839464607
2026-06-04 07:35:00,73.75246015105141,116.05233982084293,3.0628184772547353,1713.6459313423873,18.649450003596936
2026-06-04 07:36:00,71.75545775410211,116.15091230606343,3.1198110469923312,1698.8978684722388,17.283673336035577
2026-06-04 07:37:00,71.95384936819046,115.40739758164781,2.937763389439781,1735.8040331235318,18.5614090208939
2026-06-04 07:38:00,73.22780442228422,116.9983746797089,3.0861178226109436,1705.0660123735454,18.076883365159087
2026-06-04 07:39:00,73.6337690866864,116.13831888732992,3.288776022567344,1701.5336819833178,18.857206741945124
2026-06-04 07:40:00,73.22605741358154,115.75396957870896,3.061443847870105,1717.0356368184473,17.885845834534464
2026-06-04 07:41:00,73.50973182987867,116.78028505806226,3.0320467128890556,1711.911431615056,18.30651168417687
2026-06-04 07:42:00,74.18437054803111,114.20015679775202,2.9436836384294183,1730.4129348628996,18.085259325394972
2026-06-04 07:43:00,72.59797775714551,116.3539791474175,3.093517556596578,1715.289004642585,17.849557848182027
2026-06-04 07:44:00,71.45140361623623,117.1481164249651,3.302636019274369,1735.9548639131274,17.5361049361574
2026-06-04 07:45:00,70.62482921714896,116.04395958297161,2.8540137906721945,1718.44221105948,16.9800955353568
2026-06-04 07:46:00,73.07259115870285,117.08868036617233,3.0556251795412255,1706.799408702959,19.154472526284543
2026-06-04 07:47:00,72.62476110410513,115.89028401455836,2.832455328826416,1734.617474012842,17.504076225698153
2026-06-04 07:48:00,73.98898557022055,116.37972093109713,3.0671613208413624,1715.9823749604914,17.803501545347512
2026-06-04 07:49:00,72.58059420765703,115.16652385102685,3.1399025149809585,1715.295275031268,18.482451006528223
2026-06-04 07:50:00,71.26348962100853,115.32593191796548,2.8171321248009873,1718.775064071713,17.336879388671438
2026-06-04 07:51:00,70.15899338455809,117.753406186616,2.959567570424002,1708.6571729358366,17.053328143279426
2026-06-04 07:52:00,73.46559558504349,116.87498950541345,3.1465337501359962,1710.4858677767968,17.122421767352243
2026-06-04 07:53:00,72.50704019082956,115.58982860347176,3.1058355178631896,1694.1877079019682,18.263323274998385
2026-06-04 07:54:00,73.66921522193485,115.45323513416558,3.1615507707395656,1721.8617535792373,17.902279322798808
2026-06-04 07:55:00,72.37330022294964,114.13263788642872,2.9238688216565603,1703.1048900624023,18.28279291233933
2026-06-04 07:56:00,72.49328363322698,115.42052102677788,3.137982376236355,1719.3379304885113,18.178174558187685
2026-06-04 07:57:00,71.95820759879287,117.47362825976393,3.014171835986761,1714.5200076646925,18.315505831195274
2026-06-04 07:58:00,71.10594922809634,115.65885632455756,3.1851906991280856,1704.8537418897508,17.90427652188299
2026-06-04 07:59:00,74.77026637468484,115.0246664528933,2.731700469093186,1711.6372913937826,17.976920068283036
2026-06-04 08:00:00,73.795772665551,115.28879641416509,3.043666390241593,1716.3201927887692,17.795384821756258
2026-06-04 08:01:00,73.98925837706236,117.23793312170261,3.112068641676515,1729.872559368712,17.909247181112825
2026-06-04 08:02:00,72.03660163302793,116.19062784885077,3.288291043538404,1723.5230812294553,17.70607386954776
2026-06-04 08:03:00,73.17022482417056,115.8286632215279,3.118440123714273,1752.5004604897622,18.896246756246043
2026-06-04 08:04:00,71.64205055463958,115.77710435080758,3.1047208890368783,1717.4171446393366,17.915135068120403
2026-06-04 08:05:00,70.71803281260826,118.53090899502739,3.115246817230463,1701.690691453813,17.03599738716937
2026-06-04 08:06:00,73.27308689762963,118.33560054601188,3.3127666038799726,1722.4662776721561,18.539530631237152
2026-06-04 08:07:00,73.24922440380489,117.85648861213443,3.0156583859422876,1723.1133585341454,17.725572870641063
2026-06-04 08:08:00,72.8756753317778,113.99901478436365,2.862970818784637,1729.738578370602,18.032977507872932
2026-06-04 08:09:00,71.721663071171,116.06752800282997,2.844074624330283,1736.7733940558076,18.01660613359465
2026-06-04 08:10:00,72.31863016310507,115.51149458263447,3.1853120558058836,1701.8814889444045,18.738691074878954
2026-06-04 08:11:00,72.89040539094947,116.79816166170072,3.1098512775835183,1734.4841552013734,17.919326292283984
2026-06-04 08:12:00,72.048774249517,117.52454393697607,3.045067008489518,1716.013365507003,18.452817251319058
2026-06-04 08:13:00,72.54867012455256,116.63421201984724,2.9949192017189645,1702.6624105024255,18.405450324178833
2026-06-04 08:14:00,72.92802702006584,115.25631048001564,3.1140098745027753,1714.3203246213009,17.60501462043192
2026-06-04 08:15:00,71.39266080299055,114.74674217516095,3.067455696060669,1725.3607700194736,17.845077511751096
2026-06-04 08:16:00,73.81895484402207,117.55250429029435,3.1924957546031822,1730.9633900067358,18.1005789518669
2026-06-04 08:17:00,71.86843852023482,117.05978593748172,2.913413169076774,1697.7619895117325,17.61438588228089
2026-06-04 08:18:00,72.3799724675192,116.579518915692,2.8293792362947365,1700.7368631218012,17.72329995580545
2026-06-04 08:19:00,70.73116012768958,115.97478910772051,2.917573635157404,1692.436102991684,18.238044816500384
2026-06-04 08:20:00,70.92578670131562,116.14757503098099,2.8698258703045414,1703.5259674538243,19.100924931593596
2026-06-04 08:21:00,71.9547361523406,116.34618344214307,2.857778948013922,1714.8053123937655,17.689510699091322
2026-06-04 08:22:00,73.97718850544385,117.52124357709322,3.3462664795334924,1705.268488055928,18.417341705196584
2026-06-04 08:23:00,70.97900786647034,116.79781573958059,2.7293908300409115,1707.4633310257964,18.1449787893597
2026-06-04 08:24:00,73.1002775705883,116.46925200830455,3.1665190056470673,1740.2431988902833,18.008479411044128
2026-06-04 08:25:00,72.65678651190525,115.95568146980646,3.2036857835485346,1737.7943331807664,18.570311696636043
2026-06-04 08:26:00,70.67061220300221,115.96524163814594,3.2194530023821057,1737.52376085756,18.913777925811925
2026-06-04 08:27:00,72.03996645884381,115.19181889643667,3.116799180561394,1688.119319061086,17.825026405166895
2026-06-04 08:28:00,74.48318176660617,115.63147302392163,3.3035269079043736,1746.2139237096621,18.985310764870412
2026-06-04 08:29:00,71.69564722639169,116.27979473585663,3.309313106711037,1709.7360892749803,17.594838775052647
2026-06-04 08:30:00,70.09429616845921,114.93988828018105,3.007687405559747,1711.7739579679615,17.50956396065936
2026-06-04 08:31:00,71.73035719174693,116.57856345240445,3.1072436091027895,1723.4581185343654,17.74518798806621
2026-06-04 08:32:00,71.11334155358063,115.79415424123889,3.248420145318641,1721.962093586647,18.275489545787263
2026-06-04 08:33:00,72.42203630600117,116.91800969108567,2.9330057990249614,1684.4297678080222,17.925559010194014
2026-06-04 08:34:00,70.8270703048224,116.45391842331728,3.0092350045967953,1700.0072451267847,18.13990141474364
2026-06-04 08:35:00,71.85673884578027,116.96109831038142,2.9694322574600998,1707.1700708427759,18.065421476484524
2026-06-04 08:36:00,70.6925749809605,114.98966569010318,3.106567002970161,1687.5300644507997,18.32178999945039
2026-06-04 08:37:00,71.71491087617676,116.34687168956783,2.772364601932666,1726.3732510485688,18.140356523485615
2026-06-04 08:38:00,72.58130185098047,117.40302858251269,3.3166649132566053,1741.818117385508,18.87100172109044
2026-06-04 08:39:00,72.36984774514545,114.4127471299152,3.16502542926557,1716.832758437962,17.7941326478737
2026-06-04 08:40:00,71.47012992601191,118.24733910338885,3.168844973480349,1720.5496515863476,18.021271081490433
2026-06-04 08:41:00,72.08055795191132,118.56315879312695,2.701770553185742,1711.084297891322,17.921393728488408
2026-06-04 08:42:00,71.4997950882884,116.81652941408402,2.889298033324204,1710.5510801566109,17.498339564205715
2026-06-04 08:43:00,70.29597556854827,116.76165756847179,3.2765437524580765,1727.3599049541704,17.49445956562836
2026-06-04 08:44:00,73.03253617269225,116.82561173921677,3.047995880921674,1688.4388740061647,18.21239451203095
2026-06-04 08:45:00,72.63539512254933,116.00009273511239,2.8339379294272553,1725.801052522885,18.46020589549518
2026-06-04 08:46:00,72.91769752963692,116.26193955280188,3.1261862441032586,1718.7663895249073,18.24212619944795
2026-06-04 08:47:00,73.22818888029845,117.46555564577018,3.189091700338871,1706.7415211485188,18.577743616831132
2026-06-04 08:48:00,72.0494941518794,114.725589545156,3.139287202282249,1704.3623808785055,17.505398427217166
2026-06-04 08:49:00,73.16754680867162,114.8448318451965,3.0519520272058416,1742.388119150506,17.902421730818105
2026-06-04 08:50:00,71.78439007464368,115.532718219713,3.2376354221147747,1693.5476646975667,17.532814266075437
2026-06-04 08:51:00,72.90979717919184,116.82863064497971,2.9641066577931725,1711.353332525172,18.076317803749298
2026-06-04 08:52:00,73.51467753727925,115.66904553158766,3.1948912829504374,1747.2178873314053,18.549231471373265
2026-06-04 08:53:00,71.53401950705039,115.29345710342169,3.057849738768074,1688.4674723148175,18.318714786081323
2026-06-04 08:54:00,72.35822036172183,115.88964778687935,3.0478809489653322,1706.7263005016,17.537926460091786
2026-06-04 08:55:00,73.88672549074458,115.23282752888713,3.039621862623662,1719.9289156365414,18.37250411587063
2026-06-04 08:56:00,71.85561440284326,112.71152075185505,2.991077291126945,1714.7131343702922,18.394066197529536
2026-06-04 08:57:00,71.40830099086632,114.64951364025454,3.0635932582721552,1710.5463640897183,17.53998868808607
2026-06-04 08:58:00,71.30931461372208,116.22422794524101,3.016836155210608,1698.718401905206,17.46108326236502
2026-06-04 08:59:00,71.9567789755616,116.5816633087517,3.176513229902846,1720.0215861795832,17.409358795537184
2026-06-04 09:00:00,70.55566489493252,116.17510860453164,2.958393737489937,1706.2492651304733,18.0407274710475
2026-06-04 09:01:00,71.62746204850966,116.96609477859712,3.3175508432533283,1725.8777795863025,17.82711296027452
2026-06-04 09:02:00,70.80005818696901,115.49957620055879,2.9963163943060356,1730.5387454988852,18.316846440733197
2026-06-04 09:03:00,71.15898636827283,115.19046733728328,3.2179586696410682,1693.6957173078692,18.013137333487588
2026-06-04 09:04:00,73.15007599569157,116.23094505922221,3.1965408934745083,1725.9086197336505,18.61079891218735
2026-06-04 09:05:00,71.60124544211537,115.80912273662527,3.095760846194865,1710.3568664449272,18.346755909191476
2026-06-04 09:06:00,73.04816782319672,116.85119413872522,3.062360649813436,1722.547492614429,17.559826157315374
2026-06-04 09:07:00,72.17851465544064,116.38564376446314,2.952521313460827,1719.781360138315,17.843161287997823
2026-06-04 09:08:00,73.29826941918114,118.20962259364447,3.033708477103226,1750.0650728075568,18.64966630163942
2026-06-04 09:09:00,70.89333536969959,115.48826616638758,3.1027615215246587,1714.0526075401235,17.595999412308448
2026-06-04 09:10:00,71.31798979371553,116.93816843875675,3.037038149441661,1702.7119646312035,18.301430101973036
2026-06-04 09:11:00,73.63904864027694,118.50426188991716,3.2483060139553537,1706.4741851657254,17.931237418424484
2026-06-04 09:12:00,72.44242365865199,115.66264820564844,2.9716886730523213,1692.419017871843,18.12264252105597
2026-06-04 09:13:00,71.49762968465156,116.23828739357566,2.9834982896072626,1720.6431212425591,17.741113103268365
2026-06-04 09:14:00,70.44425157035393,114.56495918510078,2.7957299510280147,1692.566616427912,17.6312593225352
2026-06-04 09:15:00,70.94571949778347,116.9285937180502,3.1535775720234422,1723.3996015941739,17.652868926089567
2026-06-04 09:16:00,71.84828500961108,117.6200490455917,3.1673281061024254,1713.516596537759,18.825540092915176
2026-06-04 09:17:00,73.32784211808844,115.5593152672192,3.223406223605592,1688.9204086183756,17.958282342107662
2026-06-04 09:18:00,73.56751769082597,116.83446215625928,3.230420151838371,1737.4050155301143,19.297777825893203
2026-06-04 09:19:00,71.43573146754864,115.9760758864008,3.1609758875702476,1657.8894911867928,17.880487957180474
2026-06-04 09:20:00,71.36110986737971,116.27072945623014,3.178119866355156,1709.464112928143,17.560577720571427
2026-06-04 09:21:00,73.32048606740045,117.01518252395415,3.1608942367647876,1717.3861650064966,17.38627246503639
2026-06-04 09:22:00,70.74838383690829,116.38830074559951,3.165655419722729,1675.6175643505205,18.375923930409627
2026-06-04 09:23:00,71.77255478358718,115.69876266934602,2.7814089472286514,1718.1594471176065,17.855281750886842
2026-06-04 09:24:00,72.5231491883044,117.07634382084991,2.9067906061920485,1704.3050236858865,18.367267637203287
2026-06-04 09:25:00,70.97826632209028,117.16848071134524,2.866137789899997,1707.3955977435637,18.846037113887256
2026-06-04 09:26:00,71.49444828626103,115.33655651086305,3.257298607088723,1733.499690311859,18.268329294972666
2026-06-04 09:27:00,72.24192885819117,116.40430050831475,2.9763200304425426,1720.8935946324925,18.338149313309547
2026-06-04 09:28:00,72.87725063137525,113.74950320702732,2.9646996443514806,1706.367345089684,18.426489569536265
2026-06-04 09:29:00,74.07574834758054,116.9724449200049,3.085807074186308,1714.4048029783894,18.457709836599438
2026-06-04 09:30:00,72.25374035159983,117.54869425522241,2.88551162717889,1741.0542607615214,17.535379494136563
2026-06-04 09:31:00,70.7209618984024,115.1590141110312,3.08826627583566,1712.3061101051496,18.26694475693181
2026-06-04 09:32:00,70.6642899919034,115.73220481535066,2.718580231323538,1694.3713110917479,17.767657909503082
2026-06-04 09:33:00,71.29621332263031,115.3831732540023,2.8665370908570673,1701.3073501916267,18.44024656805831
2026-06-04 09:34:00,70.83139000894492,115.17510823639614,3.072208008539537,1690.6260438074785,18.02071033390335
2026-06-04 09:35:00,71.64213090354248,116.13848309292925,2.871079734999154,1704.6893819037743,18.40655900457983
2026-06-04 09:36:00,72.46272844412965,115.12498004602992,3.2659383717364388,1738.3326844821252,17.943190218033358
2026-06-04 09:37:00,72.18159369270285,115.97058969973544,3.0904700506928844,1714.210621443443,17.51953841329702
2026-06-04 09:38:00,71.7753434702766,114.87804584645689,3.2340443172298405,1692.7915664465743,18.20723864459874
2026-06-04 09:39:00,71.31566424842192,116.4389058212595,3.1024884255106238,1716.2240970734101,18.25674772295692
2026-06-04 09:40:00,70.2173338150943,115.52277802575885,3.0139233532711556,1697.2538931844201,17.395073292399957
2026-06-04 09:41:00,71.39918573142636,115.35868651565775,2.908927144524829,1720.1034443328297,17.85676388900075
2026-06-04 09:42:00,72.32443810934095,115.90183490824262,3.1965279648112617,1707.795223997458,17.042929562976884
2026-06-04 09:43:00,70.38158321202744,115.63421571067268,3.12612726669108,1733.6668684553863,17.887424121920457
2026-06-04 09:44:00,74.20074677623525,117.84333564920428,3.410741281684478,1705.9491292392927,17.735149833144206
2026-06-04 09:45:00,72.51949219733706,115.67631953497522,3.2046290094140013,1698.5963574042796,18.309656522594643
2026-06-04 09:46:00,72.61486156767538,116.82547771196135,3.011284470453378,1728.2429892490613,18.165680957452054
2026-06-04 09:47:00,71.64769563703588,114.68756796288844,3.0790010162782195,1677.0642194693878,17.77298849364737
2026-06-04 09:48:00,70.75967292750258,116.64014620821939,3.1075247051212216,1706.26180830047,18.360589809006772
2026-06-04 09:49:00,70.83452980500348,117.02777504497777,3.2266442994334046,1722.4493241087612,17.987890071931602
2026-06-04 09:50:00,70.32083912291121,116.87473482643058,3.236502312408402,1674.72841886526,17.864045293359162
2026-06-04 09:51:00,71.70346783887504,117.7157814007354,3.039074447352202,1713.643794565023,18.103929329414754
2026-06-04 09:52:00,72.36326685546986,116.25288555120935,2.8778019416365015,1689.5867923207697,17.717851526004566
2026-06-04 09:53:00,70.45864747494615,116.94836458955729,2.752779443642366,1678.4983824517149,18.12796774361546
2026-06-04 09:54:00,72.77193103174817,118.09180880258728,2.905253771695664,1699.2481212201133,17.704851120866135
2026-06-04 09:55:00,69.72336899967792,114.46239015072203,2.9651570656263955,1708.0338192962122,18.07352809829674
2026-06-04 09:56:00,70.19921777510463,114.52994999822657,3.2425726899797214,1692.796343803569,18.114390768652402
2026-06-04 09:57:00,72.43678343731344,113.95669592019155,3.2780282747694853,1726.6264915139793,17.465178780560347
2026-06-04 09:58:00,71.55456193120952,117.11904243088765,3.200401973537768,1712.5113881885054,17.385880277871447
2026-06-04 09:59:00,71.4316824390651,114.237259953133,3.254393076005064,1706.6323074519005,17.606098088002483
2026-06-04 10:00:00,70.77203958041396,113.51294627048519,2.937141561592541,1689.0015361520589,18.551200861799558
2026-06-04 10:01:00,69.56299442103938,114.67583501867279,2.8388830499087265,1716.5977194808945,17.75263028335925
2026-06-04 10:02:00,70.780114296043,113.70880352355695,2.902005913791539,1741.4805231507269,17.417205685768135
2026-06-04 10:03:00,71.52262405707839,115.66500511532467,2.717338246829874,1693.9684589328049,17.81574992178726
2026-06-04 10:04:00,70.13924658313252,114.00121322386158,2.85308433879466,1695.2522483946427,16.561807880750155
2026-06-04 10:05:00,71.74486673924679,114.02991162001933,2.994658027838613,1698.1992957765915,17.64728933780292
2026-06-04 10:06:00,70.28361703817878,116.02428540977775,3.0966411120049404,1732.089802314256,18.602896672793452
2026-06-04 10:07:00,70.30903430530732,115.82738670403513,3.0741087389743416,1724.663113765862,17.52127902717994
2026-06-04 10:08:00,73.25787806394548,113.90917964354954,2.9734157965758845,1708.6781925063551,17.972143294299645
2026-06-04 10:09:00,72.52464473492955,115.15896332703552,3.1530358397759572,1704.5530670439196,18.125349749541716
2026-06-04 10:10:00,70.7574718522414,115.80814503632887,2.95928148325242,1697.8116903474452,18.066724850448338
2026-06-04 10:11:00,70.32237693885209,114.98522949789147,3.0290678668331084,1701.1725576556219,17.493700400391873
2026-06-04 10:12:00,72.37749087543901,115.80503450245574,2.9135302886776335,1731.303710420606,18.318760612743368
2026-06-04 10:13:00,70.71517399671185,117.25118246570196,3.2190359695545663,1711.7700502388254,18.49650873094913
2026-06-04 10:14:00,69.50377506775156,118.1293988380695,3.040028199634127,1726.69531071104,17.352114165694516
2026-06-04 10:15:00,70.79853575752227,115.08699385055876,3.132687221310903,1695.370277242545,17.537701192270745
2026-06-04 10:16:00,71.92727055901413,114.14833401554206,2.8665437822412208,1675.103801939809,17.825236042977362
2026-06-04 10:17:00,70.77418617709414,114.86885044231852,3.036186969725935,1741.0847003099757,17.855117912233258
2026-06-04 10:18:00,72.41152716407032,116.08882035192173,3.142894633891216,1714.6276627462369,17.94108018453241
2026-06-04 10:19:00,69.4647179214641,115.28984761172016,2.717005360870962,1716.3949833761214,17.626024717672937
2026-06-04 10:20:00,71.53654117837822,116.47793916712762,3.224888538591058,1698.122067991567,17.252807112575212
2026-06-04 10:21:00,70.7282459188141,118.12579460533415,2.8440198793898936,1685.8485663149886,17.282528924452695
2026-06-04 10:22:00,71.01565195193615,113.48696922167056,3.0678159823296545,1709.557415858019,17.848427968441914
2026-06-04 10:23:00,70.60858532727407,114.78050971665013,3.2940891255180382,1675.3113825415603,17.488966895757112
2026-06-04 10:24:00,70.5951137260329,117.41110794809326,3.180684527534316,1703.4838962189071,17.64402979667593
2026-06-04 10:25:00,69.92763543381412,115.5444792262743,2.8545715719805815,1730.947123838931,18.060717510483848
2026-06-04 10:26:00,72.95674619946145,116.96103369819176,3.0408708340464066,1720.2422805290998,18.943493772902052
2026-06-04 10:27:00,71.66091107453015,116.45554030789224,3.2315784282482434,1713.1363230665886,17.650237335884505
2026-06-04 10:28:00,69.96958499609964,117.06276424124098,2.9160509751636265,1733.8695361966666,18.34403495830326
2026-06-04 10:29:00,72.0451589217204,118.12933449265454,3.0015731586607726,1716.7411523543158,18.442196779483787
2026-06-04 10:30:00,71.46818868795863,116.31270351530053,3.00268539316249,1683.6071599457837,18.278012234108832
2026-06-04 10:31:00,70.3028769695986,113.22403166886251,3.1067743329494606,1702.0176478782457,17.320536616112587
2026-06-04 10:32:00,70.46262477847718,114.69818961831726,2.805363167739336,1736.0621457076093,17.82421143749436
2026-06-04 10:33:00,70.44804175291048,117.63251212730667,3.094533111793253,1695.4817637498209,17.34842816675814
2026-06-04 10:34:00,71.13350608911647,114.18964510190274,2.9656922880417187,1739.783873376024,18.74910767998496
2026-06-04 10:35:00,71.44886092059915,116.7593322177645,3.075843738275153,1730.863519153235,18.245843489858466
2026-06-04 10:36:00,72.02854927189455,112.54416564282305,3.0037077543833615,1701.3605521561713,17.695515787844577
2026-06-04 10:37:00,69.64476191123795,113.27246090125826,3.0828939274227594,1682.3783353571093,18.160934849041634
2026-06-04 10:38:00,71.29796734173085,116.7723029645422,3.0440425253336825,1714.5381157453203,17.712987625926054
2026-06-04 10:39:00,71.04986896776437,115.29110194016724,3.23259508872821,1722.3634847969179,17.844617925612432
2026-06-04 10:40:00,70.09398140430139,114.86229519202323,3.16934938483144,1680.5074280549143,17.937977783680086
2026-06-04 10:41:00,71.01517344976708,114.7176207647164,2.9270247949794634,1711.0704522211065,17.986375682308317
2026-06-04 10:42:00,71.3987252687872,113.18122547894237,3.2432664333579484,1677.0735312517443,17.745975710595264
2026-06-04 10:43:00,69.46310458861419,116.18019039876455,3.071117827288873,1699.5475128963915,18.00906025297829
2026-06-04 10:44:00,70.76382032122504,114.95369369831614,3.045047204742942,1679.0919483776008,17.394756097623446
2026-06-04 10:45:00,70.43525086169689,113.6936718051046,3.16189202544632,1715.3656706541485,18.205433299102094
2026-06-04 10:46:00,71.39061271167196,115.38934428626628,2.8673688623320617,1694.3732612716929,17.563992973128336
2026-06-04 10:47:00,70.71127980076938,115.83447218813687,2.8022158971755373,1719.1968716801398,18.103605353218644
2026-06-04 10:48:00,71.05915175981784,115.12294810896847,3.027991655834905,1696.742711306882,18.100392321111084
2026-06-04 10:49:00,69.83278155219351,115.69836545549347,2.946333006810974,1697.982072837329,17.99931395044316
2026-06-04 10:50:00,70.71253900228199,115.44337983779545,3.3375662963500328,1681.0742193397043,17.662733719848266
2026-06-04 10:51:00,69.09970631764638,114.17260601263509,2.8867355634003715,1706.142547208284,17.951449417209567
2026-06-04 10:52:00,71.44106276461193,115.80038847945657,3.0550555650842495,1717.18520685098,18.096076289472247
2026-06-04 10:53:00,67.36907820072447,115.49291128870686,3.002838069018164,1708.9048450058965,16.01871283734816
2026-06-04 10:54:00,69.3515611263945,116.53368587853805,3.204165355311804,1713.7228662097177,17.318971773748004
2026-06-04 10:55:00,71.41859485643279,116.18255919098752,2.8663947790053403,1709.1348324568717,17.68433766589944
2026-06-04 10:56:00,71.2110619349791,114.64779205960383,2.7887175032938485,1715.0432300248658,17.840845485365964
2026-06-04 10:57:00,70.86826575629314,116.33911427902218,3.2475425022180144,1718.1279242275489,18.070692622985874
2026-06-04 10:58:00,70.75077935504241,116.29744671939955,3.061336966394247,1723.4666791080674,18.488982142879035
2026-06-04 10:59:00,69.49424758529295,114.32917480874707,3.1335164023737865,1679.4974217615347,17.825074363179443
2026-06-04 11:00:00,71.28853114177848,115.00702798380651,3.166118136807623,1700.5954393027819,16.9483639010272
2026-06-04 11:01:00,70.60639102967158,116.25628016184977,3.1838778489430344,1681.529452052135,17.799382550201987
2026-06-04 11:02:00,70.9615341337072,116.51439797689443,2.9341276926500255,1703.1434487015347,17.91737554036211
2026-06-04 11:03:00,71.73097305633917,113.76538573859713,2.965285860956141,1736.974619387163,18.01433117058378
2026-06-04 11:04:00,69.9094770042505,116.89932379127059,2.6959781316230567,1712.5284578552598,17.54700458158647
2026-06-04 11:05:00,69.85395326592004,116.87936963127197,2.8829233193077517,1697.325918906891,17.54348905475445
2026-06-04 11:06:00,70.64575267794466,115.70609822924241,3.0404663990348006,1713.8099497280587,18.113267056027063
2026-06-04 11:07:00,70.99457636621909,115.13763167305275,2.9232233381839303,1710.920657614099,17.5719751761191
2026-06-04 11:08:00,70.07987846476409,115.65757365593029,2.8414684384639948,1706.0176584006701,17.831669338868732
2026-06-04 11:09:00,70.76994106888942,114.81054351508364,3.0461780304580337,1688.1727719251674,17.96102870591726
2026-06-04 11:10:00,69.9746260579407,114.64331515478821,3.1918779184192068,1717.8143562782188,17.4499626913307
2026-06-04 11:11:00,71.80889436851379,113.52848552990572,3.011498815567314,1686.3088835558667,17.842896420910936
2026-06-04 11:12:00,70.40138576276807,113.05287758477887,2.8395907369220144,1696.4015821386624,17.65202156415183
2026-06-04 11:13:00,71.11989551495883,117.90104120573722,3.1976819233597418,1715.7507698240083,18.062060880810037
2026-06-04 11:14:00,71.35263437773875,115.50336649995181,2.9123941318617277,1700.1011064412226,17.98452590243498
2026-06-04 11:15:00,72.09924079141447,115.86030587104294,3.262964361490728,1709.4012440063875,18.223828525549894
2026-06-04 11:16:00,69.8786975903502,115.1463574127807,2.972745744720403,1704.2372480173838,17.286052351707916
2026-06-04 11:17:00,70.86243876599416,114.52066155761376,3.0497355415364744,1707.8419061227344,17.426347571765575
2026-06-04 11:18:00,70.41433211913147,114.91980095615568,3.2533523271979283,1705.5695022487678,17.66922282120296
2026-06-04 11:19:00,70.4352131001299,115.10852208820138,2.797215098118996,1703.196722640825,17.799330654667312
2026-06-04 11:20:00,71.00010353482564,114.94712070546572,2.8546899851361887,1703.561694498735,17.80413143249615
2026-06-04 11:21:00,70.42840192996162,114.26153521530267,2.9619630383295905,1688.7567266714154,17.281582215388752
2026-06-04 11:22:00,70.77851213197945,115.61395998690824,2.9815763768341754,1677.2636794573339,17.831511588291296
2026-06-04 11:23:00,70.28865227241988,115.59569635724426,3.4209543822011357,1719.9007170695306,17.43369329694707
2026-06-04 11:24:00,71.31839315006286,115.77653487996422,2.88712717195881,1719.7239553143925,17.9220630937619
2026-06-04 11:25:00,70.3146278933568,115.59704394422786,2.787762220455248,1701.7419711665718,17.490116480172208
2026-06-04 11:26:00,69.99450971298495,114.5216276233647,2.8413751863379293,1701.2869268715115,17.27307969192826
2026-06-04 11:27:00,70.79262436468196,115.13997874061072,3.057662908165335,1690.8407673351894,17.45693107393065
2026-06-04 11:28:00,70.49900611152745,116.74311679750421,3.0714169460500225,1662.9435360748146,17.53535908373204
2026-06-04 11:29:00,69.87057391169058,114.16007049124974,2.9134628524226645,1700.1748560886783,17.679663337902724
2026-06-04 11:30:00,71.01882733501385,113.1817106638936,3.0318266723062086,1677.2739673721605,17.296408702166232
2026-06-04 11:31:00,69.85643358642426,115.47465904495105,3.278981191022859,1700.2061634773868,17.644835693625044
2026-06-04 11:32:00,68.45507314694855,114.00412272488575,2.9892314615281106,1716.354825515558,17.842345044370443
2026-06-04 11:33:00,71.73693860416232,114.38581445215321,3.0933908768815908,1699.8063962397712,18.183548599841245
2026-06-04 11:34:00,69.55149713053575,116.33756167605151,3.3016999690795825,1695.2899164095293,17.76365205983211
2026-06-04 11:35:00,69.7327215922244,114.86380605476498,2.897798017124405,1685.4129605833527,17.33878948348684
2026-06-04 11:36:00,69.78502988563625,113.3603336899494,2.877262729487252,1699.0185880638833,17.489882150321062
2026-06-04 11:37:00,69.40971056778561,117.31908518055741,2.9293576741309377,1699.4635429810253,17.445990259320766
2026-06-04 11:38:00,69.63923708678894,112.85377341066948,2.906586550888546,1681.8676673509574,17.443018939760247
2026-06-04 11:39:00,70.85779775279353,115.29826200941896,2.7536664384964133,1719.0522990933919,18.075715325456457
2026-06-04 11:40:00,69.13927122459212,112.63057613822296,3.013879672652046,1739.1716573337515,17.40564625429015
2026-06-04 11:41:00,71.35892494252583,115.77706256835586,3.062692707853235,1723.8781852771833,16.991204177961393
2026-06-04 11:42:00,69.38367473267654,114.22816952740826,2.9719545487025902,1698.3076029103581,17.8185688466422
2026-06-04 11:43:00,71.42669486020357,115.78128745860315,3.0236644717722942,1695.470631021979,17.557961518837047
2026-06-04 11:44:00,69.86590540975962,114.955880570644,3.0371659416216295,1691.9865349271367,17.54833778297504
2026-06-04 11:45:00,67.68467400519756,115.93158399540299,2.756634181958742,1682.7988014830487,16.6856769157147
2026-06-04 11:46:00,69.32321105962916,114.53968553541537,3.0469854744875153,1715.1102461234236,17.194744175688434
2026-06-04 11:47:00,70.98607121977068,113.10855019663092,3.086043706743495,1715.4789832370293,17.230846808319896
2026-06-04 11:48:00,70.32453219688284,115.61094602196104,2.782163230850167,1686.802747456837,17.42948242739757
2026-06-04 11:49:00,67.92114038251003,114.20300673783598,3.186539117647786,1698.9090740448548,17.056991850764604
2026-06-04 11:50:00,71.51094817631636,113.23087713165413,2.8422298205180767,1722.1867343542647,17.234307489912442
2026-06-04 11:51:00,70.27767991405334,114.03861318083506,2.8496022497625244,1698.814863196752,18.513195843462857
2026-06-04 11:52:00,71.37866023722219,114.54340337959157,3.0588241177232978,1702.5331569703528,18.31481818802305
2026-06-04 11:53:00,70.80843553455189,116.89645142549438,3.082204242418395,1710.8396249098946,17.625861436212368
2026-06-04 11:54:00,70.90643977643211,116.1923694321766,3.139546327202202,1715.4453950554237,17.658254281393706
2026-06-04 11:55:00,71.09942415070782,114.1740669217285,3.05690545808659,1700.987196504945,18.0262869405241
2026-06-04 11:56:00,69.10039176408799,115.80513655506397,2.93805073979427,1707.0146697176706,18.269552442844166
2026-06-04 11:57:00,68.92221106923662,112.34093370889498,3.002169898338038,1703.0059547705712,17.09817582070982
2026-06-04 11:58:00,68.8305785033582,113.83978192014308,2.920344060899417,1689.4031640175049,17.357905204947293
2026-06-04 11:59:00,71.14754443984214,115.15049726328785,3.0040923761038854,1678.824963883733,17.261689589590326
2026-06-04 12:00:00,71.44172065925933,115.20011090926334,3.010379121713489,1676.672907428395,17.393088735167968
2026-06-04 12:01:00,70.52328324113034,114.09893789852327,2.907341393470758,1705.5489584315678,17.30689415159275
2026-06-04 12:02:00,69.56416535992562,115.05376249770397,2.9545661296596353,1702.9527196956933,17.515599032510195
2026-06-04 12:03:00,68.33377688846721,114.8436245457962,2.684695640547358,1699.3380516289335,17.30324172402199
2026-06-04 12:04:00,68.00853622640628,114.32446413505714,3.0802323114330417,1678.7093723235625,17.25440638674718
2026-06-04 12:05:00,70.13124629494986,116.4121986509994,3.069899886227703,1706.5920411921597,18.264769162614968
2026-06-04 12:06:00,71.65791291853803,115.61431714822379,2.6694562853498476,1704.2712619424717,17.293181448743926
2026-06-04 12:07:00,69.08379266010557,115.25289174392674,3.094934252270886,1714.3771521730673,17.706469410192998
2026-06-04 12:08:00,69.80430319209502,117.00301660778119,2.9884958861768673,1712.0663354627034,17.043370824972722
2026-06-04 12:09:00,71.11343421838234,116.23996999397987,2.8759408421739123,1692.1934248007526,17.71821924063866
2026-06-04 12:10:00,68.78983982365118,117.14948123709634,2.850208296524483,1708.37270882605,17.94750547751038
2026-06-04 12:11:00,69.98711612916136,114.16620249660882,2.894933323759388,1688.4299578271894,17.71386168172429
2026-06-04 12:12:00,69.6225871971204,113.33914564261471,2.876940685905227,1664.1391991270673,17.498472333329914
2026-06-04 12:13:00,69.15596221574248,114.52741012724148,2.8601382716740473,1721.8325602784935,17.46179191638949
2026-06-04 12:14:00,69.36642489542683,114.64706509128425,3.249613847473275,1693.279796702616,18.1198060124772
2026-06-04 12:15:00,69.28269683250913,116.6478376975343,3.0487716134685416,1714.2124896270593,17.211590299286538
2026-06-04 12:16:00,69.80753879553009,113.4574833558943,3.2929706593531876,1687.5936765480305,17.633389599266685
2026-06-04 12:17:00,69.72076194447536,114.67724085872875,3.018653833095075,1684.8483816611695,17.771982639265563
2026-06-04 12:18:00,69.63248718412638,115.39038706700825,3.08050131319636,1690.5233980469911,17.29687607157985
2026-06-04 12:19:00,70.06876734944763,115.00623294230859,2.860301550208333,1702.271205701459,18.13720331270943
2026-06-04 12:20:00,68.41458455355347,114.3489025164317,2.945111615507688,1696.705373085047,18.106659429736993
2026-06-04 12:21:00,70.7518413851816,115.53356848882265,2.994633730660929,1708.8426016961457,17.989255285137126
2026-06-04 12:22:00,68.96167240005349,115.85823296598416,3.063901587396615,1686.7320102221897,17.720119493157654
2026-06-04 12:23:00,69.18156489872516,116.62714243968492,2.978193987835021,1697.7297110752518,16.700642989130035
2026-06-04 12:24:00,68.87343927720262,114.7939918122298,3.0363406679786507,1684.080741496517,16.848942058694927
2026-06-04 12:25:00,69.69514357466629,113.96511586720634,3.0436045663268474,1721.2945453413374,17.438287645508485
2026-06-04 12:26:00,69.96010324025221,116.03590491019497,2.917210990915743,1669.5495103533328,16.83413068184353
2026-06-04 12:27:00,70.28061036092129,113.79780671220949,2.977894880838971,1688.8833318080956,17.795834582102312
2026-06-04 12:28:00,68.53666645293131,116.7627934923468,2.9229504144277447,1688.5032884546445,16.16812034286229
2026-06-04 12:29:00,71.38709168372519,116.78965297263186,3.239493090235923,1738.1898516884398,17.836108105930364
2026-06-04 12:30:00,69.31729892104475,116.44803978402972,3.013729550464482,1706.9792866662797,17.26008421724915
2026-06-04 12:31:00,70.241131302478,115.60553955603692,3.1329249127765344,1684.303915877191,17.174816336141884
2026-06-04 12:32:00,70.76887076228678,112.83038811241505,3.1152694343314615,1717.2045486126374,18.44532606125307
2026-06-04 12:33:00,71.0250485833416,113.45461460708447,3.270232918355922,1703.7582434459582,17.227553132098944
2026-06-04 12:34:00,70.49924845398488,115.51820671353929,2.8588612853513897,1706.105378561018,16.928265155470378
2026-06-04 12:35:00,71.43198167772701,113.97275204812337,3.1944344596809566,1707.5509236592306,17.574548650889273
2026-06-04 12:36:00,69.76184167773796,114.51163809752224,2.9841908168697273,1699.4040588528028,17.59785590211674
2026-06-04 12:37:00,70.22138843077816,115.51524354540878,3.240034643847019,1699.6269489541776,17.320361871283136
2026-06-04 12:38:00,72.10419470964827,114.80281493706465,3.1909168349106904,1676.7965426973644,18.443908913479792
2026-06-04 12:39:00,70.26046566350055,113.07749153518134,2.976388838735663,1715.5173674695352,17.354197755114193
2026-06-04 12:40:00,71.82575670977621,115.50710363236013,3.258730809419144,1685.8782660603197,17.628073015899
2026-06-04 12:41:00,70.06233273331544,115.1593951548606,3.264534066192465,1675.3284379308561,17.399983021533558
2026-06-04 12:42:00,70.98803921524974,114.45776469308353,3.2269021949382983,1689.189276629015,17.886506515665697
2026-06-04 12:43:00,72.17600516205546,115.50748773124741,3.2554031396118814,1688.4254287424305,17.194633344386467
2026-06-04 12:44:00,70.06121233034165,115.04092544559364,3.329850057889862,1687.0063886275304,17.03806718379224
2026-06-04 12:45:00,70.38064483149128,116.69641745782056,3.510159471771696,1712.9818688583225,17.855687649175064
2026-06-04 12:46:00,69.74792729704147,114.5896460598727,3.256580291006872,1706.7221847677072,17.32380661759395
2026-06-04 12:47:00,71.24200810780097,116.06306593570237,3.4764365659612997,1663.6033783989112,17.555265303438585
2026-06-04 12:48:00,68.94390865471425,112.00887730062925,3.32073346738722,1682.3751698623582,16.881945879583927
2026-06-04 12:49:00,72.85126218826615,115.84190821684726,3.605958893675192,1697.2313679795977,17.837498490169356
2026-06-04 12:50:00,71.82144421848992,114.28930727281238,3.3577292276924164,1694.3077053241855,16.74566077302315
2026-06-04 12:51:00,73.17856111897761,113.78203335747102,3.3124707617753635,1723.1000157385126,17.21453296916865
2026-06-04 12:52:00,71.37333343201885,115.65071159826104,3.2272843845008112,1677.9364656066707,16.848392668163644
2026-06-04 12:53:00,71.69352454969565,115.7227533351659,3.429561413292861,1718.8474943058309,17.52630831790692
2026-06-04 12:54:00,72.8577704132809,112.39483432262911,3.3417836794807627,1695.1749405560897,17.207616368357698
2026-06-04 12:55:00,71.8063260678807,115.42623861673016,3.67211076736207,1717.8111669042369,16.73469106660518
2026-06-04 12:56:00,71.86618069089268,115.67280649973554,3.3732433428949102,1694.8000302826483,17.252617527402005
2026-06-04 12:57:00,72.12219706136683,114.45663359016017,3.441063130986989,1697.9030331212896,17.901555143556916
2026-06-04 12:58:00,70.68903653554263,113.33794640943435,3.5824705945784086,1690.864588592383,17.222588894389776
2026-06-04 12:59:00,71.12945327528611,112.4027806343806,3.6875962802083166,1710.2033727963367,16.857702186563362
2026-06-04 13:00:00,71.45013835699096,113.94340633600329,3.638191249275045,1693.6873399975536,17.50990784582932
2026-06-04 13:01:00,71.15436762171217,114.87432788035011,3.7529370743185084,1704.3029596602782,18.169819259745847
2026-06-04 13:02:00,72.41061188179904,115.86824516742173,3.5867464068140262,1708.375119118048,17.819455698749604
2026-06-04 13:03:00,71.96445330333293,114.87543741726496,3.5812242229348157,1680.833230277132,16.353092610162822
2026-06-04 13:04:00,72.5449434552678,113.32562212722956,3.9122707748167684,1699.6838131687184,17.39361791946758
2026-06-04 13:05:00,72.95858109657807,114.6219425810283,3.8629082121506975,1681.715024156033,17.110912974512814
2026-06-04 13:06:00,72.89171053748396,114.53613062698237,3.7665530838718553,1719.948781893079,16.606195558925418
2026-06-04 13:07:00,71.31570108893763,113.33194359416898,3.815939080301873,1698.9963985446448,16.710701647151303
2026-06-04 13:08:00,70.7229205842904,112.57601078855254,3.797049001811395,1703.5031569350142,17.56133606044062
2026-06-04 13:09:00,73.31046687370315,115.48758857102602,3.520675316409672,1665.9144235077893,17.4431804024709
2026-06-04 13:10:00,71.6496885604873,115.02821939869399,3.6956135936647523,1703.834883139641,17.27852555830239
2026-06-04 13:11:00,73.07243373818791,115.14033658734571,3.9410643244255104,1690.2997390436872,16.976069716071795
2026-06-04 13:12:00,73.70643075177387,113.66575374990619,3.8454366542433545,1672.304589591468,17.70273746746385
2026-06-04 13:13:00,71.88632634610205,114.97415674893442,3.7594702933382327,1698.3428356654415,16.892509486013207
2026-06-04 13:14:00,74.13762409335258,113.36755396155682,4.0282731226745945,1677.4655620178244,17.15382446121571
2026-06-04 13:15:00,74.15426328218965,113.50958729749684,3.8520631630496336,1705.078584327379,17.219640599613147
2026-06-04 13:16:00,74.12837138171692,114.79312067509956,3.930290555491,1718.2114593682,16.766026642015348
2026-06-04 13:17:00,71.09643176832178,114.7603314498621,3.86899975379305,1665.748233639561,16.870089709801203
2026-06-04 13:18:00,71.8481625996713,112.3323688770715,3.8997659212154865,1690.0429461813421,17.568103476649487
2026-06-04 13:19:00,72.38634455204915,113.42026713550237,3.9536586945249654,1693.3842495933757,17.006945562913707
2026-06-04 13:20:00,73.60197348042897,114.09987062909178,4.0629862223197035,1664.0009958947028,17.581521495873226
2026-06-04 13:21:00,72.61990799004367,115.2042582992512,4.066583550219232,1701.1347043489109,17.28099828672369
2026-06-04 13:22:00,70.85006147176094,113.40054473764366,3.822250594123316,1701.0692304046604,17.120759669204954
2026-06-04 13:23:00,72.97722610701244,114.61238467531307,3.964078053167896,1722.9739178931575,16.6542735215962
2026-06-04 13:24:00,73.6643638677863,114.6037818843344,4.108785862006954,1698.2333208722014,17.18002104154562
2026-06-04 13:25:00,74.39993844742946,114.60123343006892,3.9541795162554068,1685.4931854767517,16.606107502033314
2026-06-04 13:26:00,73.85990753035392,114.91582391677555,3.773476793603649,1702.3043707001582,17.085539098396236
2026-06-04 13:27:00,74.0493957818239,113.24221615362535,3.867317128131769,1717.353657409131,17.525360670316562
2026-06-04 13:28:00,72.89090455708862,113.73017305009745,3.87141963448817,1686.5885213042843,17.606375602939018
2026-06-04 13:29:00,73.67772796409976,116.17767525386155,9.075286189993227,1705.538789051753,17.167522101189746
2026-06-04 13:30:00,73.18481538695067,115.95071338856643,3.8932981824335444,1653.2763022628706,16.82931061336043
2026-06-04 13:31:00,74.26704190510743,115.43501731183603,4.194508177327903,1714.43950402492,16.936548222325936
2026-06-04 13:32:00,74.39531620341701,115.73829011291309,4.014581165437788,1704.243413070659,17.021589588810784
2026-06-04 13:33:00,73.14133037001002,111.80665702296561,4.233607447872782,1648.4711253457601,17.248528263125678
2026-06-04 13:34:00,74.50776797749229,113.10158309332873,3.907391437695215,1695.6067494843228,17.26004569415213
2026-06-04 13:35:00,73.52431945147735,113.92557330204325,4.044204200649538,1660.8543855660664,17.14064045779985
2026-06-04 13:36:00,73.17379079618382,117.41270921029987,4.143522509873186,1684.3529102206548,17.508983805058154
2026-06-04 13:37:00,74.80209293997675,114.14662598526778,4.266381379216541,1703.8140443369016,17.26137694936449
2026-06-04 13:38:00,73.95869316166436,115.09744975097388,4.311417385044739,1687.3404697811884,16.567845225244035
2026-06-04 13:39:00,74.94801193696712,114.96671770836224,4.096074930654064,1712.351475622943,16.81220595297808
2026-06-04 13:40:00,73.21112479426245,114.73879708146185,4.32876251961883,1691.775338288947,17.39639583053638
2026-06-04 13:41:00,74.10561049220108,113.47102413444668,3.8896619920067668,1679.4283998610915,16.200036844911555
2026-06-04 13:42:00,74.7351631174743,112.76878334893075,4.336291759350189,1705.9283916806933,16.952021358317143
2026-06-04 13:43:00,74.93743943542165,111.43063200975347,4.051654766235103,1690.5631003019641,17.290352723186107
2026-06-04 13:44:00,72.82588396544283,115.37611253127096,4.280544677283689,1684.1278595203069,16.505607040808318
2026-06-04 13:45:00,75.5755785947061,113.6305769812871,4.434766292216405,1693.20502638283,16.51809078844219
2026-06-04 13:46:00,74.77891852050824,112.56574581062561,4.4438753938521,1696.4045687210546,16.93323296731409
2026-06-04 13:47:00,76.12486366210226,114.62222167774422,4.0339486521966545,1705.3588486168223,16.324442399457542
2026-06-04 13:48:00,74.34585273451529,114.82220626540183,4.243948553750073,1680.92675969503,17.40448205226949
2026-06-04 13:49:00,75.49213524960324,114.84345502393383,4.408403777421966,1673.1718616725848,17.119981508610064
2026-06-04 13:50:00,75.78994023505086,116.13440526480457,4.478687566497345,1681.3487465146002,17.093922172064737
2026-06-04 13:51:00,76.23884448790854,113.17379478827782,4.398577184081976,1658.2268980117838,16.59134795072679
2026-06-04 13:52:00,74.52742071009271,113.25980266065737,4.045501944559459,1713.0532072914664,17.62140770450753
2026-06-04 13:53:00,75.978108319031,114.31386671679745,4.597561065542184,1682.4390086379212,17.524293800248344
2026-06-04 13:54:00,76.2542919987993,115.46867359887042,4.626394486108542,1689.523809487971,16.99293763289312
2026-06-04 13:55:00,75.28106378196443,111.49266143429702,4.429733303819571,1710.2475011572824,17.482762959383344
2026-06-04 13:56:00,75.8322233108085,114.23244979571382,4.459985989723528,1685.5863903624906,17.094342924551757
2026-06-04 13:57:00,75.31019066566506,115.53409371848836,4.539963420680788,1699.9233667332742,17.334979536255982
2026-06-04 13:58:00,75.15984052442447,115.1431560797477,4.677151547069144,1666.3461557940525,16.620274687617652
2026-06-04 13:59:00,75.25811634220291,114.47077615265583,4.48176855657751,1702.582013826604,16.20375576733237
2026-06-04 14:00:00,74.99691593935339,115.50962838470294,4.472752974847233,1687.963066131346,16.488986308216507
2026-06-04 14:01:00,75.22631198120483,110.50365598827543,4.546082395687164,1668.7292545638168,17.733350941660483
2026-06-04 14:02:00,76.51421827176509,116.65973940911479,4.565083388645363,1681.0289999552672,17.030759246437647
2026-06-04 14:03:00,76.0539489502336,114.68258260650141,4.553963979043565,1715.8309268715648,17.169117721448714
2026-06-04 14:04:00,75.37114109510564,115.55747189662546,4.283375941228167,1677.2858821802813,17.161790369338945
2026-06-04 14:05:00,74.86025827705299,112.60268901606443,4.646778962784454,1671.88108803378,16.997795938674773
2026-06-04 14:06:00,74.63135906059942,111.54484066305753,4.73622668855317,1675.4963964413475,16.763016231135534
2026-06-04 14:07:00,75.49333860001664,116.0244937704948,4.745333565905875,1685.7584599924614,16.869800695368554
2026-06-04 14:08:00,76.62823247144388,113.39819186286898,4.793213581438496,1695.7441991452686,17.44698749167724
2026-06-04 14:09:00,78.76145628118238,114.49609538421458,4.682896290024654,1704.9202182451938,17.01863581950537
2026-06-04 14:10:00,77.47160675033999,115.04491510999443,4.698563805771707,1695.6810094754514,17.02976993107909
2026-06-04 14:11:00,76.46820252373577,115.08838952370792,4.85502855600894,1698.5194211451176,16.158967938041968
2026-06-04 14:12:00,75.48542122581415,115.34755318861842,4.815598544275525,1683.2881836005406,16.28150811249195
2026-06-04 14:13:00,75.18569909241286,114.1586748125162,4.913934732058069,1716.2908445503047,16.426086031273396
2026-06-04 14:14:00,79.29745599473837,113.52485322416298,4.666376727884091,1689.8737216728346,17.736510870054087
2026-06-04 14:15:00,75.6251541540208,114.95797919891635,4.636449225788662,1708.4195071067738,16.945929041937735
2026-06-04 14:16:00,77.97057314541127,115.66296686149279,4.750474716738994,1688.2934756466198,17.67691277441493
2026-06-04 14:17:00,77.79880599763496,112.39580659191695,4.660443700342144,1672.9014700668042,17.4408784200802
2026-06-04 14:18:00,75.44425845291588,115.33057352519289,4.556975924638224,1656.702359782432,16.918114268614744
2026-06-04 14:19:00,75.60035304698802,110.96072840230542,4.862969644874571,1690.4955164135367,16.594974671816733
2026-06-04 14:20:00,75.83626792934135,115.1802205721339,4.86867884016566,1703.2816756508985,16.999435874300787
2026-06-04 14:21:00,76.44445807389522,113.34939634404304,4.873299306639447,1670.8723896647396,17.156956196531244
2026-06-04 14:22:00,76.38977759024388,114.9574626680397,4.905804116879189,1674.9822668600875,17.93569727511484
2026-06-04 14:23:00,79.91750391960412,115.63473027652233,4.7103040140672405,1706.0918862327148,17.37284378856257
2026-06-04 14:24:00,76.468003708602,113.75060670053197,4.792372039520338,1683.8972535311998,17.190464665433687
2026-06-04 14:25:00,76.90407296054178,114.72303047541033,4.862473204283675,1680.3049774649912,17.041311512230802
2026-06-04 14:26:00,77.70532738568201,114.1889797561165,4.937510861589526,1671.380640716064,16.865458710255446
2026-06-04 14:27:00,77.8474362254136,114.95878248968741,4.714900768102554,1692.6633540307748,17.398834694690336
2026-06-04 14:28:00,77.1686198581474,116.75265775314479,4.812924594506281,1698.1983936280692,17.82179955438406
2026-06-04 14:29:00,77.53713392141849,112.16912956088183,4.879515860386071,1691.0911266127657,16.994110186860816
2026-06-04 14:30:00,76.55367003645017,110.2930281213419,5.1427516381205916,1688.6484200782936,16.786188306179465
2026-06-04 14:31:00,78.814874329704,113.73628465846554,5.047384084032846,1673.9656777257874,17.304543373839504
2026-06-04 14:32:00,77.82472175938712,113.59395688239601,9.559491611248605,1693.715492146192,17.199164056125067
2026-06-04 14:33:00,78.00340035984514,113.78933753673131,5.022911325407939,1693.4963469429072,18.007811357155703
2026-06-04 14:34:00,78.05724475793536,113.3782836705213,5.074272443119174,1673.5019116247422,17.5418730199757
2026-06-04 14:35:00,77.40842863143368,115.38912575734014,5.15547382797732,1686.6942735395587,16.79766804116813
2026-06-04 14:36:00,76.60244111375422,112.41981245041646,5.052719729326986,1693.1952257178689,17.54858123857439
2026-06-04 14:37:00,76.64423457568984,114.24034462845724,4.976735018254871,1681.4852545597216,17.159851253073565
2026-06-04 14:38:00,78.1321914986987,114.63203982859847,4.874415841644163,1655.470400211266,17.307099038895274
2026-06-04 14:39:00,77.18583615315045,114.35471123990263,5.031809525206558,1676.7273881260414,17.16543289555497
2026-06-04 14:40:00,77.0639045494618,114.69609426586374,5.2723719107664735,1677.5504820942763,17.45908132614446
2026-06-04 14:41:00,77.20165842400684,115.02643490895869,5.337439776798353,1693.5535971956856,17.119906451344683
2026-06-04 14:42:00,77.41129539021057,113.8093863064577,5.039226746512965,1722.2438573241725,16.770803012329612
2026-06-04 14:43:00,77.35601049993453,113.24860482809903,4.90610122099976,1684.2014882433461,16.88588785173048
2026-06-04 14:44:00,77.31627572013534,114.10420265514742,5.311906007451859,1662.3045976191909,16.713898517071385
2026-06-04 14:45:00,79.16001483862053,114.66093555135191,5.227647081049847,1683.46569049552,17.106802520220917
2026-06-04 14:46:00,78.65734561013737,114.63278752051781,5.006515581581626,1681.0284571291695,16.81436210290241
2026-06-04 14:47:00,79.6086749055777,111.64614848388295,4.767352867690907,1694.0291949044267,16.724677194962037
2026-06-04 14:48:00,77.13327035383077,113.65789570378695,5.117609308163349,1703.6736092109084,16.86642377800466
2026-06-04 14:49:00,77.24823504597444,112.31223265112173,5.189857137402769,1702.0742621580157,16.79389760356201
2026-06-04 14:50:00,79.58612564629203,114.77369813706055,5.13688447154047,1696.0656426535747,16.33783841368502
2026-06-04 14:51:00,78.94542729974616,115.07591680638761,5.436648470020086,1689.372987969578,17.511705393974108
2026-06-04 14:52:00,79.28856239463782,113.48287913658513,5.2012066200413685,1706.413354804536,17.045258819239503
2026-06-04 14:53:00,78.89817373956757,112.96599574387734,5.34322365882532,1679.3356979747896,16.675963097675908
2026-06-04 14:54:00,80.64566969426201,114.8450533094124,5.732900785408596,1689.1998210655083,17.300826347841454
2026-06-04 14:55:00,79.53081269689851,113.58864110676464,5.385494283632092,1679.662201926953,16.67102206548054
2026-06-04 14:56:00,79.56943771456139,115.43495226538028,5.365200065853078,1679.662201926953,16.65834001127927
2026-06-04 14:57:00,79.64393413229095,116.43980751867275,5.424202145779523,1679.662201926953,17.305986575874076
2026-06-04 14:58:00,79.77338372562228,115.41474568352592,5.548277421431869,1679.662201926953,17.67919560524903
2026-06-04 14:59:00,79.50291445426292,114.40363180127694,5.540066748076222,1679.662201926953,17.174171463151993
2026-06-04 15:00:00,78.80224794684487,116.40772307805759,5.330285548740886,1679.662201926953,16.79816610284968
2026-06-04 15:01:00,79.50805111500374,113.63040266765061,5.3771214970066925,1679.662201926953,16.53004389262752
2026-06-04 15:02:00,80.99108274059505,113.76124232180794,5.421352914288046,1679.662201926953,17.50775641310098
2026-06-04 15:03:00,79.60719649352832,113.23275719611486,5.475857209096835,1679.662201926953,17.183294791758875
2026-06-04 15:04:00,81.36367402868183,113.38002283975239,5.820659471868142,1679.662201926953,17.495901083038937
2026-06-04 15:05:00,79.5071254974288,114.02495889384319,5.64285068354204,1679.662201926953,17.173684124617882
2026-06-04 15:06:00,78.4036024807526,114.48232007028034,5.547545426126833,1679.662201926953,17.27164071799569
2026-06-04 15:07:00,80.55113947920563,112.12666245408468,5.7557473458003185,1679.662201926953,17.717623752590114
2026-06-04 15:08:00,79.17358328894619,113.47440164755592,5.626231049999522,1679.662201926953,16.465628354312646
2026-06-04 15:09:00,79.6982331482254,114.06041307991198,5.354720120160461,1679.662201926953,17.865353390974768
2026-06-04 15:10:00,80.79332571681968,114.92679834779742,5.889661418897808,1679.662201926953,17.45181980500436
2026-06-04 15:11:00,79.53004138139278,113.38262851290831,5.583568181256068,1679.662201926953,17.756856763331704
2026-06-04 15:12:00,80.59320216645747,114.01621976383963,5.305570998434478,1679.662201926953,16.46810423656889
2026-06-04 15:13:00,81.99692812012769,113.0081340235618,5.471809847398347,1679.662201926953,17.40016105586049
2026-06-04 15:14:00,80.43558757616155,112.59459819453174,5.843540725597553,1679.662201926953,16.90812176137678
2026-06-04 15:15:00,79.66152175371178,113.7276009671216,5.460679546837664,1679.662201926953,17.25373364044943
2026-06-04 15:16:00,80.20923422097735,114.21582268788882,5.903750283113886,1679.662201926953,16.989482543355006
2026-06-04 15:17:00,79.56655299059042,114.24197017590791,5.753948773033691,1679.662201926953,17.125297274375445
2026-06-04 15:18:00,81.44357768413764,112.61992232068283,5.843491490547062,1679.662201926953,17.130824593548134
2026-06-04 15:19:00,79.46839236718398,113.51559362262626,5.724958875619571,1679.662201926953,16.85701016192867
2026-06-04 15:20:00,81.00020675793901,115.91979930758423,5.878734960407165,1679.662201926953,16.846464838734526
2026-06-04 15:21:00,79.35995293815886,114.29021810536123,5.832825016417781,1679.662201926953,16.99985389570257
2026-06-04 15:22:00,80.78965960980263,113.8841068086703,5.8253716720362725,1679.662201926953,16.832448867262737
2026-06-04 15:23:00,81.47106594674409,112.85407571448125,5.688072983603001,1679.662201926953,16.992327215181493
2026-06-04 15:24:00,81.24335669116624,113.29472254566224,5.922389295614799,1679.662201926953,16.498940176959746
2026-06-04 15:25:00,82.09955939191664,113.88024400851698,5.593836312441358,1679.662201926953,16.958538150975627
2026-06-04 15:26:00,83.29260686633663,115.12960200613442,6.08419916156815,1679.662201926953,17.027775016828773
2026-06-04 15:27:00,81.49526056004731,114.81706084676338,5.946359875984171,1679.662201926953,17.05600145435842
2026-06-04 15:28:00,81.38751152820146,114.38102985817855,5.9879196347497095,1679.662201926953,16.523312536462814
2026-06-04 15:29:00,68.07813699596417,113.1069046804373,2.5108765683347065,1679.662201926953,16.767861405558936
2026-06-04 15:30:00,68.2888012102294,113.1675263725298,2.7498634278213054,1679.662201926953,17.25030852327734
2026-06-04 15:31:00,67.55677346332382,116.69028174801568,2.8730614103316388,1679.662201926953,16.878611337377777
2026-06-04 15:32:00,68.08529286792219,113.64714633330348,3.055378876922385,1679.662201926953,16.78413747993643
2026-06-04 15:33:00,68.86306787713846,112.69157357673801,2.8080195602092264,1679.662201926953,17.433465377275407
2026-06-04 15:34:00,68.34223807100774,112.06331142743014,3.3175187232179755,1667.348089378276,17.38019697312263
2026-06-04 15:35:00,65.9869648303012,112.98980836715445,2.8547454415446807,1672.6474498049624,16.87638593943325
2026-06-04 15:36:00,68.46454737901585,115.06060363858548,2.776442211174121,1664.4284076160286,16.780130439426316
2026-06-04 15:37:00,66.10773731512406,112.71908108642715,2.865987073603606,1698.8162638885426,16.453234829320984
2026-06-04 15:38:00,67.70823214798767,115.1056028147832,2.746196905285765,1679.0405748956834,16.533698393952253
2026-06-04 15:39:00,68.11712987026101,113.83804741846438,2.7454677952914484,1673.6969976288456,16.899727032124055
2026-06-04 15:40:00,66.95092397497831,115.25970144784353,3.080195728621157,1677.3119141942764,16.273945098946335
2026-06-04 15:41:00,67.65382408409126,113.12927736359792,3.0128889398780068,1669.4488735279203,16.62601147008336
2026-06-04 15:42:00,67.38873468674271,113.02229151567906,3.004951770176198,1700.6731238684542,17.456824011789244
2026-06-04 15:43:00,67.96708372110595,114.02884601602801,3.1194857082396967,1713.152492111591,17.04276678838018
2026-06-04 15:44:00,66.75891421292945,114.0401134652836,2.970403989392801,1657.0692461664335,17.22131615593945
2026-06-04 15:45:00,66.52621402157615,113.50655388506165,2.7546424445615814,1698.5996153543495,17.266921816498645
2026-06-04 15:46:00,65.47866514543973,113.64799477202585,2.9927656196745973,1673.6060553611132,16.523536610831716
2026-06-04 15:47:00,66.7283387223349,113.85074317154859,2.7073111933263605,1694.2731556775134,16.453339799935392
2026-06-04 15:48:00,68.1573634137209,112.25958014530674,2.8592399950566834,1658.6817371696907,17.368718655231856
2026-06-04 15:49:00,67.10943837059627,113.10337922338915,2.89397589362595,1683.5476426592224,17.059711855347633
2026-06-04 15:50:00,68.20991025101554,113.37424334705187,2.9110337944357068,1680.5036729355647,17.39329729297523
2026-06-04 15:51:00,67.63268976359608,113.49976595166301,2.668916696779604,1697.405169563986,17.026545025496283
2026-06-04 15:52:00,67.23145920297692,114.03038593260042,2.757668161941434,1681.478896936709,16.828098285353253
2026-06-04 15:53:00,69.83393443373389,113.29581766817452,2.9233947014695905,1685.6880400745877,16.84855822068455
2026-06-04 15:54:00,67.98503916636726,111.11659957143057,2.8099098424268276,1678.7127713615346,16.739958975777025
2026-06-04 15:55:00,66.0970103024372,112.88004614940134,3.046529912696571,1698.952730179261,16.307676920465983
2026-06-04 15:56:00,67.08378634287816,112.47395463276959,3.111372322985563,1680.7252858744826,16.845706704680747
2026-06-04 15:57:00,64.85090491967293,114.16522659625214,2.7365839838349353,1693.8926249615545,16.720810447841327
2026-06-04 15:58:00,68.00601443471089,114.54236594638603,2.9139985158061066,1690.4347608334858,16.60426869272781
2026-06-04 15:59:00,69.22298363811399,111.68705504551903,3.190530934511704,1703.9567989704462,17.464883995424774
2026-06-04 16:00:00,66.05134722358589,112.31412631545516,2.862747634184452,1661.3548072980677,16.057507511329895
2026-06-04 16:01:00,66.47976009145376,114.23661074698079,2.8597906199605574,1694.7751042467294,17.04125643406703
2026-06-04 16:02:00,65.86783461534168,111.70537412270484,3.0221014297051476,1683.666698675701,16.32933598467823
2026-06-04 16:03:00,68.28298711432554,114.90292746478725,2.8897853577452195,1668.3412774870505,16.6427266007506
2026-06-04 16:04:00,67.48372703335684,115.0367796519781,3.109137181483493,1680.515395141884,16.583943460137238
2026-06-04 16:05:00,68.15069995647167,113.60429441052104,2.83070223215248,1718.3970359014886,17.087692090934585
2026-06-04 16:06:00,66.8657694021473,112.46961352630426,2.8220323062604598,1672.7670026800824,15.796099810235937
2026-06-04 16:07:00,67.67138210310404,110.67630636813504,3.0151226379780502,1673.8050871008566,16.79197393959412
2026-06-04 16:08:00,68.20316763814455,114.93058411662871,2.945331809383322,1692.810701660922,16.995058397116196
2026-06-04 16:09:00,69.07055202477595,116.60680223473533,2.9631780992561816,1681.270380093277,16.713813939632544
2026-06-04 16:10:00,65.9554054620623,115.96835753340211,2.6345053513885377,1686.2878122530183,16.979672451333634
2026-06-04 16:11:00,65.80701968668195,113.16327985055136,2.840137872302526,1671.896337332302,16.21332335704238
2026-06-04 16:12:00,67.23886220500204,112.45396078919458,3.0472837364539123,1689.5714152757623,16.865079889935835
2026-06-04 16:13:00,69.64120142428935,115.39392226977834,2.8416950492255353,1690.9220015266972,16.693990992369727
2026-06-04 16:14:00,68.88107438247947,113.53608276943021,3.017655229900147,1711.790895945053,17.664296777204882
2026-06-04 16:15:00,68.05509766512859,114.66700121389114,2.9797480163319676,1688.6000129994618,17.39118390285558
2026-06-04 16:16:00,66.37015619048873,113.79301216475598,2.8653567419261248,1675.7236377844035,16.813441617590332
2026-06-04 16:17:00,65.70867881564416,113.74793098254096,3.1127516544753644,1697.259234759267,16.436091714510994
2026-06-04 16:18:00,68.35483428188428,115.06620819949191,2.8711561718255383,1663.5602881121208,16.80578404644288
2026-06-04 16:19:00,67.08487908843902,115.04131745713406,2.8769789964383374,1708.876048419084,16.787581230741694
2026-06-04 16:20:00,69.18791116630989,112.7833964937578,2.8623709900416983,1663.9810784869194,16.802071100742587
2026-06-04 16:21:00,66.19833686821879,112.2871950364595,2.9050740696746447,1696.4857809921912,16.85688503739275
2026-06-04 16:22:00,69.54730690672051,110.93260440715576,3.043813196281615,1707.6030583400345,17.05572201336916
2026-06-04 16:23:00,68.57833826372878,113.57442854630965,2.7117715327493883,1678.643868147856,17.131833864248875
2026-06-04 16:24:00,67.34403824248825,112.77133469075906,3.0690951156388726,1681.3319713793762,16.973722301136263
2026-06-04 16:25:00,68.52213888350825,114.6712482290932,2.954762171908687,1687.27182214005,17.22109106291571
2026-06-04 16:26:00,67.94669585987856,113.26175539750457,2.9940915682581397,1691.520472081423,16.577224228601047
2026-06-04 16:27:00,66.87670506900108,113.25553903115042,3.260674456589407,1665.4085067341666,16.338827151406353
2026-06-04 16:28:00,68.7194661713516,114.99889931635714,2.858220273257202,1685.3554741882533,17.751422288002146
2026-06-04 16:29:00,68.31400438157853,114.3073249430903,2.738340702781661,1679.7068861615187,17.081712233037525
2026-06-04 16:30:00,67.11595904774089,113.1794160517088,2.9170327958492868,1660.322901905255,17.382156694600802
2026-06-04 16:31:00,66.59001839419794,115.3253093554403,2.939598261746137,1661.6795831661905,16.5409027726573
2026-06-04 16:32:00,66.57365448566851,114.64258197815636,3.0478616179792866,1685.347747631305,17.84268835119985
2026-06-04 16:33:00,67.04577824411365,113.05457024775394,2.822817039885794,1682.3725906041675,16.808643419652157
2026-06-04 16:34:00,67.33374105418218,113.1509407424622,2.781913613449098,1669.8262704516974,17.256606280802448
2026-06-04 16:35:00,66.34665571414746,114.86980383769371,2.6983042523975818,1686.8386064967917,16.975015399047205
2026-06-04 16:36:00,67.7900692602925,114.0707553418051,2.7166986709182934,1674.6602486401046,16.979639273468187
2026-06-04 16:37:00,67.91507730814492,112.65086750759573,2.8706896108050355,1706.2231539673862,16.95204958610429
2026-06-04 16:38:00,64.99376091180282,114.08918629194908,2.8502143185598254,1671.995683540725,16.310644387533614
2026-06-04 16:39:00,67.07105963001187,115.17741101151888,3.2210189497117017,1698.712789719862,17.226463095083133
2026-06-04 16:40:00,67.34825817361316,115.21653426714731,2.666037011011627,1658.5945574204047,16.89588936682037
2026-06-04 16:41:00,67.80459606701301,114.98155902192649,2.9256608804180644,1679.9116236368366,16.897304776561935
2026-06-04 16:42:00,66.95523281887938,115.87260682643713,2.7837475600691453,1687.4687689794596,17.056302194300518
2026-06-04 16:43:00,67.49227804247597,115.40767176309963,2.9222114032584727,1675.6880284015717,17.231595942451758
2026-06-04 16:44:00,67.08221093224547,113.99702572603066,2.8228967248847807,1673.093619295278,16.96258436293512
2026-06-04 16:45:00,66.63678877926304,113.81784754601638,3.0931717544812316,1685.2645465174294,16.429592024458657
2026-06-04 16:46:00,68.90645615623764,111.9887693021876,3.0999979817185155,1700.260862147433,16.964063362500266
2026-06-04 16:47:00,66.13578070588036,113.34420645930324,2.8717791808898827,1659.590868209333,16.655502012387476
2026-06-04 16:48:00,67.19428469742036,114.35434567139968,3.1312922854584007,1693.5924457421827,16.870657214237145
2026-06-04 16:49:00,66.63571431306318,113.79130914269061,3.0299526776363073,1687.9627610067625,17.39688097380772
2026-06-04 16:50:00,67.42963890180125,111.41984710692519,3.121264664886269,1678.5642771455957,17.297346990310086
2026-06-04 16:51:00,68.22647063676995,113.3432183552395,2.906007016300871,1679.2245798146203,16.785616261790413
2026-06-04 16:52:00,68.05952172036139,114.43106407541886,3.053214186680435,1683.0167774763027,17.800370676634696
2026-06-04 16:53:00,69.40877959629753,112.83881595307801,2.8227548032877494,1712.4781468419526,16.89542302609705
2026-06-04 16:54:00,69.16738827037953,114.09133984629277,2.7957185016342585,1690.4535080287208,16.83917875310241
2026-06-04 16:55:00,64.84705871407667,113.75983145019673,3.209765782634128,1662.4180050052453,16.183980220256938
2026-06-04 16:56:00,66.63875111197007,115.13838494958759,2.756907468766244,1677.4281779483906,16.274745594050753
2026-06-04 16:57:00,66.2015050526847,115.87915562902579,2.8561860989413055,1667.1517163281178,16.439984879376738
2026-06-04 16:58:00,67.80363334097687,113.1956532311998,2.6252352760848523,1653.640435787302,17.22994028805561
2026-06-04 16:59:00,67.23002722377588,114.11275518355644,2.7992702868094415,1667.7978843568158,17.242723966873
2026-06-04 17:00:00,66.82372267623707,113.86561647792513,2.758033563436214,1683.2349250539055,16.450346552908286
2026-06-04 17:01:00,67.04586487036195,114.388821239218,2.80676115462583,1700.5703138182635,16.844737378249565
2026-06-04 17:02:00,67.4743579561445,114.22903440560557,2.950592613764772,1696.0586103527469,17.114663038151473
2026-06-04 17:03:00,64.69310398099476,114.65068708205969,2.943867334653521,1655.2134936773532,15.656991552775157
2026-06-04 17:04:00,66.03378301472121,110.72288081614923,2.7503410307044125,1668.307741524542,17.469102973376046
2026-06-04 17:05:00,66.68606041111236,113.84413701681133,2.7710507994352205,1663.8198982074684,17.09227066945188
2026-06-04 17:06:00,67.330018200815,113.7704039367748,3.041560582812197,1637.0826679959764,16.91696124611812
2026-06-04 17:07:00,67.9199552728615,113.68786151869523,3.18713640016522,1683.753873681638,17.465900761492154
2026-06-04 17:08:00,66.74608655165935,110.97289546738779,3.1010346726792224,1694.5782531013467,16.028238282383576
2026-06-04 17:09:00,65.33750744563763,113.4548418620255,2.6549194784181336,1676.5879734608025,16.676589796114932
2026-06-04 17:10:00,67.49437043602697,112.5134420687614,3.0694854036244608,1659.197618178854,17.186405223130308
2026-06-04 17:11:00,66.65726311187683,115.63655070760308,3.1862536095234573,1668.9628324722048,20.887107530038715
2026-06-04 17:12:00,66.7424693211877,114.28055907068799,2.667621568681672,1679.4700903648636,17.21217535709887
2026-06-04 17:13:00,65.19442389525106,112.32876024521593,3.0479612194061683,1688.6645274153586,17.220940950698687
2026-06-04 17:14:00,65.90604821385797,111.06549042563161,2.935693454352817,1677.639922990117,17.045781556610816
2026-06-04 17:15:00,66.80951268173793,114.49798324771255,2.8702121454970255,1693.380199983688,16.791537298646364
2026-06-04 17:16:00,65.70243878325121,113.78213791859564,2.8790446862359302,1671.4033317397118,16.703661988269804
2026-06-04 17:17:00,66.0511135855717,113.25012125330588,2.9670926504199286,1683.6725477113425,16.08612664226576
2026-06-04 17:18:00,66.94122688501773,114.12074080607654,3.0667264396827303,1664.5151993386028,16.894305620538837
2026-06-04 17:19:00,66.77042180047363,113.06586536204807,3.064821512498458,1669.4961945602709,17.041749277016333
2026-06-04 17:20:00,68.52219343848785,114.6529581337719,2.665447555735865,1659.4601857258945,16.74652986011199
2026-06-04 17:21:00,65.76235209283601,114.7541750958997,2.8068960483721357,1689.8642084402243,17.24608854476329
2026-06-04 17:22:00,68.32450307189185,112.13094931813747,2.953878812390964,1683.6010199035395,17.160281085476537
2026-06-04 17:23:00,66.98386140719494,111.74809849525175,3.130654724404076,1624.9999220225989,16.769945767828826
2026-06-04 17:24:00,66.38751566053254,116.04351885948776,2.4979416578331577,1688.6303934854416,17.535922121307845
2026-06-04 17:25:00,68.30796523760016,115.2345172798536,2.8494334663878367,1702.8238746027853,16.674805545415698
2026-06-04 17:26:00,67.31861855601608,111.83661432541108,2.6609145010582913,1665.8439622712265,17.23258930503006
2026-06-04 17:27:00,68.19704423494464,112.1754694783417,2.7319217345820777,1694.6699481449702,17.555148561011418
2026-06-04 17:28:00,68.13995990560743,113.76552127760792,3.048939917574798,1677.0700149340125,17.09621552650255
2026-06-04 17:29:00,66.35438994888203,112.67749155143123,2.856768495837167,1655.5429599152437,16.862329890905126
2026-06-04 17:30:00,66.80199936060419,113.35784417991336,2.565804840158276,1712.4664212685354,17.006024755466115
2026-06-04 17:31:00,68.38829500629505,113.54739005673424,2.8831758147487605,1678.332540007509,16.480345476733543
2026-06-04 17:32:00,67.71260420255516,113.38296550133438,3.20481169446724,1682.9077914909383,16.52090036374756
2026-06-04 17:33:00,67.07877913422072,114.67503082074283,2.617208645983353,1668.2735999700587,16.71416943966651
2026-06-04 17:34:00,68.05133168816441,115.73408716842503,2.9820992517523486,1675.9987765191352,16.41274200830006
2026-06-04 17:35:00,66.02300155778364,113.20342250697394,3.1536971671302307,1686.133255111666,16.79572939635636
2026-06-04 17:36:00,67.64505598547542,112.1474927310847,2.8928721798916337,1664.4190215981782,16.311341058386326
2026-06-04 17:37:00,67.67661689214569,113.87917576708537,3.18337074003349,1704.2436091102345,16.967450046002885
2026-06-04 17:38:00,66.33638175145121,115.38944707952716,2.7964731066355046,1691.6611472651061,17.3697797695096
2026-06-04 17:39:00,69.71146087973882,113.32017740510535,3.1371600452561546,1691.8062359938326,17.780785325992344
2026-06-04 17:40:00,67.90359195003433,114.8936870598094,3.1063743425231896,1682.8500170051345,16.523220415139598
2026-06-04 17:41:00,64.85579795023885,112.3004438810819,2.882120537661474,1665.9818071178372,16.309374525183337
2026-06-04 17:42:00,66.91311288267913,113.3295732838862,2.6638558861658646,1692.8386460942327,16.63203469981847
2026-06-04 17:43:00,66.65997677251028,112.22360165949071,2.7576026711443635,1690.7328331506944,17.137901808156826
2026-06-04 17:44:00,68.8558233072185,113.97491201661254,2.579166173111585,1680.1675110718331,16.944157905697153
2026-06-04 17:45:00,68.13237264198477,113.70726273317715,3.012256402819344,1668.3589510430982,17.354523018951852
2026-06-04 17:46:00,65.7761466196055,113.85698961770773,2.9462945522905226,1651.3913551333608,16.822066893476876
2026-06-04 17:47:00,68.04834094094315,115.55686363359385,2.906761931337486,1679.4044459185263,16.050064704532083
2026-06-04 17:48:00,67.19731030770602,112.75620012637008,2.8631178984465824,1672.571132961352,16.67921058605808
2026-06-04 17:49:00,66.18061133725031,111.02179868688316,3.098403672931181,1696.7373502457906,16.26070758722833
2026-06-04 17:50:00,67.84386526842697,113.74022599942234,2.9768531029539615,1701.3197434382405,16.81082995692992
2026-06-04 17:51:00,66.56228593461928,113.43355739919012,2.7884283098195835,1674.9084312682903,16.41787339543084
2026-06-04 17:52:00,65.7390977327565,113.25753427739538,2.889767850239505,1672.3199268172755,16.849524825724657
2026-06-04 17:53:00,66.23674721235189,113.06322599537253,3.1906013243624534,1659.4138027113127,16.65960909098278
2026-06-04 17:54:00,67.20279440923052,115.37196512226508,2.999105513030204,1697.070758532417,16.65220479214361
2026-06-04 17:55:00,66.52052794391481,113.85004085341374,2.853951161549946,1681.636830352638,17.72688054512454
2026-06-04 17:56:00,65.47671370458617,113.5057074695805,2.9020933326609932,1690.8320545463564,16.50339470229554
2026-06-04 17:57:00,67.89697614908222,112.91958677741113,2.9930290854260724,1702.3565168828266,17.086570495792884
2026-06-04 17:58:00,64.35114291483099,110.87507861232413,2.8015791903744764,1664.4643054287467,16.79739071214798
2026-06-04 17:59:00,66.91859951833739,114.2515935640081,2.84733600247675,1672.3348010274892,17.04022643433683
2026-06-04 18:00:00,65.39547692081337,113.70087288382695,2.892059798028567,1715.7822037990272,16.38852202775681
2026-06-04 18:01:00,66.12016958551168,112.44826592994656,3.142494355401316,1691.8431993409372,16.52465086499827
2026-06-04 18:02:00,66.547143114045,113.04978265591261,2.992181776132899,1670.5280829392002,16.84426642424682
2026-06-04 18:03:00,66.82538450343536,113.32899379750917,2.838678371963644,1698.619976540592,17.213368251281015
2026-06-04 18:04:00,66.93549901250974,112.8217090591511,3.0350925849883437,1676.3242749979552,16.80904092777299
2026-06-04 18:05:00,66.64144311436011,112.89510941485058,2.9244248298180304,1689.510044371278,16.440946562661708
2026-06-04 18:06:00,65.52519598043781,113.51103563108016,2.9200174271987076,1665.1423360260828,16.560937807666136
2026-06-04 18:07:00,67.32101488397896,113.23895133644497,2.938705265104878,1679.8777808135005,17.405260248677692
2026-06-04 18:08:00,66.30901653201222,112.4661508624154,2.5618176651545967,1671.560190326269,16.229581937152204
2026-06-04 18:09:00,67.96374976663638,112.6187988280171,2.453071618048428,1670.7591896799759,16.743688035168233
2026-06-04 18:10:00,68.24125886682883,113.578610549649,2.949632721692201,1686.7708390776145,16.93481449681851
2026-06-04 18:11:00,67.57398109944343,114.99725877566873,2.797929376026119,1675.592785518893,17.423547551759366
2026-06-04 18:12:00,65.20129429441486,113.58951495063181,2.6435470689722194,1686.5270971078537,16.503246413025114
2026-06-04 18:13:00,66.95584496048825,113.49603401350106,2.795403964332922,1679.1729086018972,17.128251213504697
2026-06-04 18:14:00,67.74398513252248,114.28125678809242,3.066100931211544,1659.6794177522202,17.556238788371136
2026-06-04 18:15:00,65.39928540676762,114.64749954178657,2.921023021302584,1682.7825550194127,15.956708797135356
2026-06-04 18:16:00,66.5310154322126,114.27585424285596,3.028254673798974,1692.0620611153313,16.363525391196895
2026-06-04 18:17:00,67.63915802434839,114.10391927637224,2.987409540220498,1717.6923214014087,16.9026156218634
2026-06-04 18:18:00,68.79825464915477,114.19324148859593,2.7573089410891667,1679.2925753251332,17.149907460514534
2026-06-04 18:19:00,65.89328889636255,112.95230318916903,2.9926097044908904,1677.975420520103,16.74834764292994
2026-06-04 18:20:00,67.57494467739714,114.00947606461871,3.0071005951112757,1691.026778935073,17.36643911862799
2026-06-04 18:21:00,65.24325121895656,112.55969345171548,2.8588068336013266,1690.5813983273015,15.936594661860944
2026-06-04 18:22:00,67.90152138822513,111.59273628649332,2.9057193797598586,1693.7366603929565,16.909280108683863
2026-06-04 18:23:00,67.6908144452464,113.90691302814744,3.0185705455215204,1684.7219141468524,15.653267059235171
2026-06-04 18:24:00,68.09034445649031,114.13889467378144,2.8024411741405095,1682.477084760169,17.436451578941924
2026-06-04 18:25:00,67.72968869866932,112.97567047488846,3.051244179734829,1690.2522743119168,17.180245716482116
2026-06-04 18:26:00,66.26666113591767,114.54725239215888,2.9717152353530407,1676.2712385274817,16.564974315414897
2026-06-04 18:27:00,66.83820966051658,112.67414797316259,2.9030101483856097,1661.196772019578,15.890406752391584
2026-06-04 18:28:00,68.9940986571572,111.68743662158631,3.150558655072432,1661.656266057145,16.867207687043475
2026-06-04 18:29:00,68.90263763370838,113.36168856065014,2.7523987697975394,1684.9107291169591,17.58989856159279
2026-06-04 18:30:00,64.34579923893598,111.21146118494327,2.801678174011784,1675.9407135033327,16.740033977086973
2026-06-04 18:31:00,67.5804642990209,114.01394738584446,2.804882630776804,1718.5244887274855,17.58791643046465
2026-06-04 18:32:00,65.91191632941904,112.28614394537061,2.9329561495623064,1674.048115665821,16.51990454861966
2026-06-04 18:33:00,68.36087004519035,115.00279332372745,3.098773045947295,1684.9812254199635,17.76677920652127
2026-06-04 18:34:00,66.79637805706484,114.39147140383571,2.7348742318635844,1670.4005118099471,15.852571070652862
2026-06-04 18:35:00,65.23769232646907,112.2050943569579,3.3834955946752263,1686.816266057604,16.397787579007566
2026-06-04 18:36:00,66.89843659917257,112.37195799548172,2.790032304255938,1682.094295856481,16.196566319812664
2026-06-04 18:37:00,67.16179371888872,114.1379733517641,2.953878905480823,1670.3802284956569,17.086632371680174
2026-06-04 18:38:00,67.52583174267536,114.79333861448934,2.908238337159839,1666.395170650771,16.367973650431814
2026-06-04 18:39:00,67.79397574052152,111.25163159554768,2.918041898998814,1676.1881814149713,17.279854674079107
2026-06-04 18:40:00,68.23888898111109,113.85906315066232,2.7825421511121187,1667.630208638404,17.0787824465003
2026-06-04 18:41:00,66.5810544852882,110.48786293538647,3.035130080965404,1671.532207402608,16.678308246027534
2026-06-04 18:42:00,67.50522573587382,113.0852341518686,2.7881420440528375,1685.3682432704418,16.86996973833316
2026-06-04 18:43:00,67.93924765197625,114.82282497378831,2.6353564243443888,1672.62125455911,16.377354942442526
2026-06-04 18:44:00,69.54635190253764,117.48780382193615,2.75677236262141,1706.8318787522953,17.221631477985607
2026-06-04 18:45:00,67.36505749443681,113.02991184457241,3.104564039265441,1694.944261207037,16.497272364231772
2026-06-04 18:46:00,66.26382595117337,111.5528914708194,3.0575325631623884,1670.5490422804287,16.872910891864475
2026-06-04 18:47:00,67.38847242075154,112.90503338117013,2.600329580254945,1665.8204929892433,17.400699050104244
2026-06-04 18:48:00,68.04796381828776,114.00084803103293,3.050163733440391,1685.1739524084594,16.878016759068128
2026-06-04 18:49:00,67.17968669480027,112.77814649384415,2.608205793545073,1679.0933712027138,17.360200294024974
2026-06-04 18:50:00,68.6834467643416,112.36586663839248,2.8942928255825304,1678.733663826393,16.85458074650041
2026-06-04 18:51:00,65.95252212842685,112.76366240617318,2.7038960936514997,1671.0413885480718,16.91740487912383
2026-06-04 18:52:00,69.05547434824695,114.54046756229668,3.0713355532808366,1671.8027221702737,16.5448036894272
2026-06-04 18:53:00,66.36141511352733,113.02775960697628,2.9652691577541463,1676.9373471279712,16.38156965644003
2026-06-04 18:54:00,65.46331834811905,112.26590348200337,3.0351920114803983,1672.3880538157011,16.423609864737397
2026-06-04 18:55:00,67.27734011334142,112.90992215448236,2.869980505277136,1678.9242651035468,21.687402181889215
2026-06-04 18:56:00,65.5380797402368,112.49111994401545,2.8371506726283835,1674.579419925056,16.394205973164436
2026-06-04 18:57:00,68.31912352484267,112.72921915795321,2.7036818539903114,1684.6733683558775,17.256317240350313
2026-06-04 18:58:00,67.54311312552295,112.88646247803273,2.761096408412057,1684.2171189408184,16.877810739899516
2026-06-04 18:59:00,66.82077933542647,114.59156361389691,3.063560042772327,1678.2982510575766,16.807523301791313
2026-06-04 19:00:00,68.61389905909436,113.44216121068071,2.9696595021807233,1688.316123391447,16.311116662876014
2026-06-04 19:01:00,67.88107112162032,111.40029760811905,2.9159490465520763,1669.2927717121204,16.029258390243434
2026-06-04 19:02:00,67.740063839958,114.4655481460184,3.0716910445008,1660.155672485591,16.522968745621668
2026-06-04 19:03:00,67.21816075715857,114.01435829669413,2.7059316397056867,1666.8409075764146,16.685603648703456
2026-06-04 19:04:00,66.5024866705089,111.6057770060701,2.9923912889894293,1666.7234782748378,16.32192258537556
2026-06-04 19:05:00,67.97439200898295,113.26731700410734,2.736844627908741,1663.42660075394,16.95158617606459
2026-06-04 19:06:00,67.14562867698757,112.85328575199279,3.1419347037110463,1658.660123770095,17.7280275666569
2026-06-04 19:07:00,68.11741874008035,114.8189723990478,3.0154501624595182,1694.3077208947375,17.641170623934542
2026-06-04 19:08:00,67.21360399698551,113.23109048696412,3.0564800813195285,1701.474623480313,16.87247078929108
2026-06-04 19:09:00,66.52085792683363,113.75751468962963,2.8177424981197805,1692.963463779088,16.970242913582588
2026-06-04 19:10:00,67.06252670928849,113.2532478488979,3.226000143971257,1672.49062855586,17.02086225788428
2026-06-04 19:11:00,66.50307280487061,111.65176172346214,3.19497856093579,1653.2924340240234,16.836904482553255
2026-06-04 19:12:00,67.23699185438998,115.4019921943509,2.978924639262872,1685.752716540381,17.13917577649364
2026-06-04 19:13:00,67.21004685428419,114.25430551750235,3.0735898868896268,1655.350523692029,16.86405402733387
2026-06-04 19:14:00,68.3345670148673,112.76140993257916,2.8652683314472536,1680.8103798825873,16.8907531260012
2026-06-04 19:15:00,65.84347822547504,113.49148145415113,2.6938109584248644,1664.822934998238,16.393792158689685
2026-06-04 19:16:00,66.36522109161278,114.48617532967499,3.0071841664252092,1643.354197801636,16.822390842256706
2026-06-04 19:17:00,66.93691236234477,113.84137847502541,2.7804027707810928,1705.8678683465112,16.00124774637172
2026-06-04 19:18:00,67.03994510172792,115.72014980998526,3.1200026740265407,1665.8568720137528,17.05076628295539
2026-06-04 19:19:00,66.10942309793106,116.79396013672681,3.04334799585306,1671.8969893457931,15.838260040274015
2026-06-04 19:20:00,67.42613049769396,113.64029927887941,2.9547264217122104,1681.9540455078798,17.02088863743654
2026-06-04 19:21:00,67.3344819139134,112.73385660255664,2.9224205353525505,1672.0484705546003,16.343801282786952
2026-06-04 19:22:00,67.45624314980286,112.41265216656264,3.0550561571316095,1688.3012795535342,17.329978972768682
2026-06-04 19:23:00,67.19927542114976,111.36609096249383,2.9760099708116616,1675.8505175418998,17.065767414221977
2026-06-04 19:24:00,68.71907932005588,115.33964959220066,2.862122442935856,1690.2869640424715,16.940481239252925
2026-06-04 19:25:00,68.43702943014654,113.41655722040652,2.6955405692331746,1689.3209045104193,17.101583266721335
2026-06-04 19:26:00,67.63307299064034,115.22743765252814,3.088969009783526,1668.3605345661658,16.76176907049373
2026-06-04 19:27:00,67.77053245028999,114.68736447344376,2.9480073079479903,1682.1458995058006,17.16547697116592
2026-06-04 19:28:00,66.88847418138113,112.01629744973484,3.300913126584298,1661.703237754059,16.95306523632268
2026-06-04 19:29:00,66.66494088346995,112.27807552921085,2.8786168307188684,1661.1160893367892,16.4961593025339
2026-06-04 19:30:00,67.36212480600561,115.6314546525516,2.947827433643345,1684.8628439216811,16.364447965834913
2026-06-04 19:31:00,65.80005007991309,112.82625517845443,2.9095144241239765,1666.012471815639,16.305747045956707
2026-06-04 19:32:00,67.55009142120971,112.76466920426985,3.0014144036230705,1686.354255096465,16.735440773628714
2026-06-04 19:33:00,67.0667363489213,112.20423401132312,2.7521976253880123,1685.1719667575335,16.29533018695408
2026-06-04 19:34:00,67.44913479546554,113.68979088216032,2.9123868999926965,1663.3737570493447,16.747024576975996
2026-06-04 19:35:00,65.84485578271857,115.54223190019778,3.039666152500015,1694.212716277714,16.629757966603613
2026-06-04 19:36:00,67.32069168291613,114.27199840332105,2.8467170074174395,1683.6015502298726,16.643838988702946
2026-06-04 19:37:00,67.31976615377708,114.02746000381619,3.0391513241174826,1675.3250359432075,16.826969157847362
2026-06-04 19:38:00,68.32643131098084,115.75826214394158,2.9379765293048834,1682.6557172063408,17.121257982181685
2026-06-04 19:39:00,67.19978305447049,115.08215170028957,2.954095426954903,1690.3000934050651,16.71610818970259
2026-06-04 19:40:00,66.70713071673579,113.89357769569733,3.0721791982261077,1675.107581263678,16.907142156095507
2026-06-04 19:41:00,66.76980720423998,116.30705191473241,2.830943882454884,1704.738336524243,16.587393691080425
2026-06-04 19:42:00,66.80172149179809,113.02201629445221,2.6701505904646408,1699.9460493625886,16.581497453340024
2026-06-04 19:43:00,66.98333782368057,114.74384596948008,2.8551297953051233,1680.7679098094095,16.98659508938363
2026-06-04 19:44:00,67.23762901765559,113.2024628574825,2.7877706417390624,1678.9009714241392,15.739426692222262
2026-06-04 19:45:00,68.08899673757789,114.45449420759634,2.5725446645313546,1675.5109122616534,16.542023561419633
2026-06-04 19:46:00,66.43651233968794,113.2054982412045,2.8842352800229296,1671.0377039362872,16.52351812864954
2026-06-04 19:47:00,66.32772513084979,113.84657435950894,2.9160500908846556,1679.1174238645683,16.694215227110828
2026-06-04 19:48:00,66.43978065048965,116.5829874751359,3.0674358269730857,1693.1775241284606,16.6036780840183
2026-06-04 19:49:00,68.16976219415334,114.9364108278044,2.748716009304726,1663.6803439983805,17.1166543473244
2026-06-04 19:50:00,67.11466750443108,114.36240268998644,2.9326251273288513,1693.5109309524573,17.185230048668192
2026-06-04 19:51:00,66.97642530137297,112.74658353276294,3.0809621586993647,1696.3529578761875,16.284512673967708
2026-06-04 19:52:00,66.01296411779664,113.43913115716506,2.7946867002771083,1684.7594090860891,16.69602732917663
2026-06-04 19:53:00,67.03553311989805,112.28307479163465,2.979945116793653,1677.9531984236112,16.233980058550873
2026-06-04 19:54:00,66.11855699089568,114.62395394719593,3.143629856540376,1688.7538889405564,16.9716561777656
2026-06-04 19:55:00,65.33324633224329,114.59817444019036,2.6248992766834136,1700.3414984865087,16.59534454499963
2026-06-04 19:56:00,67.78729283928993,113.49500226959155,2.9549358018005694,1681.934617845681,16.533596182705914
2026-06-04 19:57:00,66.54699063724125,116.11515678536256,3.1156947084444786,1688.6063981192247,16.37527987036384
2026-06-04 19:58:00,68.55950086697297,115.76557060313951,2.876599428582114,1717.8294444794246,16.932174374321367
2026-06-04 19:59:00,68.04971508825146,113.58102236244682,3.1014437586373047,1683.2946093633705,16.237522930637514
2026-06-04 20:00:00,67.67758647067663,114.5830961028977,3.022098784846827,1670.2836938579571,16.35882173132567
2026-06-04 20:01:00,68.83226926236264,113.1901887909638,3.1918260715998032,1698.3790681118453,17.022553832660176
2026-06-04 20:02:00,66.9120668992699,113.13911938469634,2.985085458229599,1685.572275419943,17.12056568361632
2026-06-04 20:03:00,69.2104932463392,112.67194090278217,3.208917482648556,1676.3760800638204,17.140564008231788
2026-06-04 20:04:00,66.96729783463594,113.09213167049805,2.9560757415056718,1665.6558645300254,16.26067370760233
2026-06-04 20:05:00,64.69738684642759,113.16937950987928,2.6811403980266912,1680.8409165101796,16.592609915335334
2026-06-04 20:06:00,67.6512717464348,111.86515987487394,2.8291899810242924,1683.8664930692005,17.20102583192666
2026-06-04 20:07:00,68.94549097391062,114.48173697958636,3.072058533746361,1665.197055911141,16.84022381018255
2026-06-04 20:08:00,67.74722377877157,114.88617849164115,3.06044508339634,1680.8012211643231,16.96002499472906
2026-06-04 20:09:00,67.02808610106783,113.71067106005786,2.868087938673171,1680.6640535302222,16.6851820645114
2026-06-04 20:10:00,67.30149531065604,110.28249671748793,3.171924268099854,1679.3196119367396,16.605715290291535
2026-06-04 20:11:00,68.61986113414713,113.61788931439443,2.8750035630963886,1692.9935869048816,16.69689507217527
2026-06-04 20:12:00,67.38942476432679,112.05689550288821,2.984560479294822,1656.6243829086793,17.109285047960643
2026-06-04 20:13:00,69.69212290709956,113.06396258036874,2.984842848814991,1667.2581428239928,17.16778607691603
2026-06-04 20:14:00,67.29869332324022,115.59863740498214,2.724183727302533,1677.446671269984,16.70608787934693
2026-06-04 20:15:00,67.61484837207237,110.48505219777485,2.8771875380513747,1698.6449515925622,17.005155486588183
2026-06-04 20:16:00,67.58586725839108,112.508523704738,3.2562600187168664,1715.358843999097,16.173289565887536
2026-06-04 20:17:00,65.63440213709026,114.09261557265022,2.7348021024821625,1674.701071516204,16.480116744360046
2026-06-04 20:18:00,67.52691457535005,113.0909220511557,3.0226558629002294,1686.4596199906186,16.425147819808572
2026-06-04 20:19:00,67.62221208990894,112.4697503733564,2.720433721336677,1642.0677423302773,16.24918992866442
2026-06-04 20:20:00,67.73791600315381,116.24993024886423,2.780832813498205,1697.7141734072054,16.359256150913104
2026-06-04 20:21:00,68.0431256508605,114.34039900683197,2.7136124484167485,1691.8957810970828,16.680875363115007
2026-06-04 20:22:00,66.61029126530306,115.08069546737165,3.0717961510167116,1690.374138421734,17.227666735294978
2026-06-04 20:23:00,67.36766682993301,114.01503761435073,2.7640541222324133,1660.2592541674012,16.67937232703834
2026-06-04 20:24:00,67.7636895212568,113.9609628929139,3.107919190049456,1713.2573330822254,16.64990014512197
2026-06-04 20:25:00,68.53170642155727,115.80824711180165,2.873063128572997,1713.3603736833047,17.076306464052642
2026-06-04 20:26:00,68.9057317165862,116.59492503843022,2.9731004966808507,1695.1954262800916,16.331737249102975
2026-06-04 20:27:00,67.8612582526436,112.07409589963872,3.001328204656766,1702.804137465144,17.275884179558158
2026-06-04 20:28:00,67.33306735004264,113.86091384915026,2.6843548633314325,1686.1439117087052,16.052593543485028
2026-06-04 20:29:00,66.81542173377761,113.45262658146633,2.9308450595086413,1692.3756902306236,16.469336955124273
2026-06-04 20:30:00,67.6797504117063,113.51042379480576,2.98752176610673,1667.398642579151,16.981227407573435
2026-06-04 20:31:00,69.27754219035492,114.9438320261283,3.088773166146469,1649.4484847908423,17.061496277729756
2026-06-04 20:32:00,68.70178128741841,114.29440757119464,2.788483981734809,1667.4395252041288,17.088665562610032
2026-06-04 20:33:00,66.48956799526913,115.94273900455458,2.7862581606949113,1669.6650486923363,16.796287690378087
2026-06-04 20:34:00,69.17745246354747,115.09452752202472,3.0172127164254534,1674.002666405028,17.470099622708386
2026-06-04 20:35:00,67.41254967761816,115.51706040873019,3.1371532951747034,1691.7805915352249,17.7456510100294
2026-06-04 20:36:00,67.83989326449684,112.46916742127922,2.8383355897850597,1681.5821186531045,16.956904185963797
2026-06-04 20:37:00,68.69098945237465,113.01922473939433,2.747154641503049,1686.057075330873,16.953229625867102
2026-06-04 20:38:00,65.76161842400381,112.80037488371723,2.8637444220980006,1664.4815815939317,16.770511009338662
2026-06-04 20:39:00,66.69788315496072,115.03149447895728,2.744251676605552,1660.1825348196387,16.477527713731305
2026-06-04 20:40:00,68.2180706138092,113.1777573039333,3.0155584213890645,1691.7948019017342,17.319527491794155
2026-06-04 20:41:00,69.36791915570173,113.4764063269803,2.8114866199106583,1686.5607917027628,17.809580769124192
2026-06-04 20:42:00,68.28327427653369,112.64799076407999,3.0788435243145362,1686.6500442038632,16.00073700283395
2026-06-04 20:43:00,66.87110229774389,116.7700875576594,2.9296561636642062,1687.7187224111813,16.665362941269198
2026-06-04 20:44:00,67.17303635068276,113.46529880301364,3.059680130882273,1706.4053197545059,17.41342631552209
2026-06-04 20:45:00,68.902056217102,114.6608411793677,2.5715020778584523,1686.6928914928458,17.169754302344703
2026-06-04 20:46:00,68.798990948909,112.91016032072663,2.688204133584408,1717.5855065349404,17.304968555077323
2026-06-04 20:47:00,67.06723350213134,114.66815682694887,3.0950373434751004,1686.3214123237633,16.118159098707178
2026-06-04 20:48:00,67.81426230422659,111.71958296523825,2.815270713878501,1694.982321877681,17.204842275866184
2026-06-04 20:49:00,69.36561605423006,112.7736491338624,2.709939415756711,1701.7756422370624,17.37787727156828
2026-06-04 20:50:00,68.44505424192843,113.27580885080417,2.913159074361823,1699.5089657561111,17.156703473411106
2026-06-04 20:51:00,67.17931301108015,114.05808175373629,2.9560475892380325,1671.9135431058035,16.635497837387643
2026-06-04 20:52:00,65.34045080946049,112.48212626327003,2.8718861580980612,1695.363492818868,16.89404031806536
2026-06-04 20:53:00,67.04045572679657,115.92260053432706,3.0097889761747396,1682.3061319570786,16.631759760548306
2026-06-04 20:54:00,68.12513375000208,114.85324507834466,2.999833510109694,1694.5170272355258,16.656610917295847
2026-06-04 20:55:00,67.69665176161031,113.06415250708567,2.9681344760735193,1687.2151230413417,17.26669190530697
2026-06-04 20:56:00,67.64062748607971,115.23970281936616,3.138426470018941,1704.3956098433641,17.459606600829055
2026-06-04 20:57:00,67.84731461370643,113.31125823050724,2.916752932077122,1689.6719994667376,16.594551266652967
2026-06-04 20:58:00,66.89797854009527,112.96786852316282,2.9052224613113693,1661.5594922556352,16.37206418036662
2026-06-04 20:59:00,67.75370786535014,115.3176284177236,3.0699316994688597,1721.276846580682,16.770186636998453
2026-06-04 21:00:00,68.60129223341497,111.11219909149867,3.019938194993603,1699.9318555455195,17.10685420925576
2026-06-04 21:01:00,69.27769258377565,114.97286897321106,2.8039771631526222,1679.623790825788,16.57986368977502
2026-06-04 21:02:00,67.91280721769999,113.54355689489222,2.9461343144670926,1674.9307874121848,17.713168952372765
2026-06-04 21:03:00,67.46869591085006,112.77933284555905,2.9748584720813893,1696.0638631791446,16.63247071221203
2026-06-04 21:04:00,66.0608054012043,116.14216888577094,2.8314694165556133,1668.6127328219695,17.042718931509334
2026-06-04 21:05:00,66.84059033737228,113.37265509485323,2.8531310429992907,1698.8122253674308,16.707775365974367
2026-06-04 21:06:00,67.12533566788026,114.94527172444587,2.711159502893077,1700.011898405484,17.13269645756385
2026-06-04 21:07:00,69.32226129608614,114.54226015009023,2.5147275272248595,1679.6823714884156,17.36993757459387
2026-06-04 21:08:00,67.21860056350572,114.38037192405453,2.87194038331841,1674.5256339533425,16.289267597546853
2026-06-04 21:09:00,66.71519769909041,113.38338833005893,2.9313621389673457,1675.4005930726198,16.57015419989402
2026-06-04 21:10:00,68.04156220778117,113.64308758832132,2.769444284671962,1671.9180806725562,16.940524502351895
2026-06-04 21:11:00,68.11476972909995,115.8761374882843,3.1428509164153335,1690.6775472924287,16.81120645684644
2026-06-04 21:12:00,67.92531224045747,115.39326079307648,2.794775554462584,1695.940305496934,17.486986545286097
2026-06-04 21:13:00,69.82721679769655,113.51950262162171,3.078154235055779,1699.1673123321757,16.820682543195066
2026-06-04 21:14:00,68.07653699167639,112.88936247625703,3.0057614287629817,1676.0923232106836,17.35814734300683
2026-06-04 21:15:00,68.30500555103859,113.40570030249526,3.266921560978745,1700.69364096515,17.247399794076536
2026-06-04 21:16:00,67.59746577008497,115.1372390241876,3.0116055450886736,1671.31078859718,16.93654473970311
2026-06-04 21:17:00,67.96396652326601,115.22042476637223,2.703458232834337,1696.6708134135295,17.20553719807376
2026-06-04 21:18:00,69.21292491376838,114.77841175542166,3.098986953062662,1665.8665021963632,16.44106855397599
2026-06-04 21:19:00,69.19268415910457,111.99075148332037,3.1833623819627404,1709.2611200539586,16.940761427063624
2026-06-04 21:20:00,68.47571820299387,115.44730026823694,2.7036858510288506,1686.080791686325,16.96168890731235
2026-06-04 21:21:00,69.76762851196314,116.00779002978457,3.0587690818647664,1701.566282042807,17.178981560789705
2026-06-04 21:22:00,68.91121347421847,114.44400226410248,3.0780961878314104,1699.986714626049,16.930104771013454
2026-06-04 21:23:00,69.10859346545631,116.54024575566612,2.9123745789225386,1669.8167464255664,17.106234775908728
2026-06-04 21:24:00,67.98575997810754,112.44446691104021,2.572015580644809,1699.5887534389765,17.018610406470895
2026-06-04 21:25:00,67.21592272601379,114.50454669685612,2.867791494581387,1674.1758166924637,16.89689056764942
2026-06-04 21:26:00,68.75132447266516,112.77711074789138,2.8462647096824396,1682.093914068695,17.072041765247423
2026-06-04 21:27:00,68.96731217695867,115.37202937621332,3.1695849851966558,1677.9703872395323,17.280233792777345
2026-06-04 21:28:00,69.54326590977934,114.88077775623415,2.9297342880035973,1712.811499987994,16.569179985884947
2026-06-04 21:29:00,68.60390802446653,116.38416197016835,2.8863223243268723,1672.0841786054998,17.315013615669795
2026-06-04 21:30:00,68.64098212959263,114.96290722470009,2.86957359071201,1697.9644089202932,16.576574731615086
2026-06-04 21:31:00,65.80094272886024,113.3996055747553,2.974489662280588,1675.7705856151763,15.824461063511567
2026-06-04 21:32:00,66.49570113582217,113.30307052820399,2.9346872144153346,1701.5974792983586,17.735162582887508
2026-06-04 21:33:00,68.7601389219872,114.23755741385165,2.8506929344173506,1728.6572515516223,16.893349276138593
2026-06-04 21:34:00,67.79727344826489,113.7261914471599,2.995540446762072,1681.7322917082279,16.990314648470683
2026-06-04 21:35:00,68.64291294197585,115.61233500983138,2.8494653762986153,1688.7116053828834,20.78298613253743
2026-06-04 21:36:00,67.12430077248807,115.61692470298968,2.550238283835932,1682.037416439778,16.86129741442301
2026-06-04 21:37:00,67.78457917240252,112.29693038361056,3.0397241899976515,1703.4752187131696,17.12912386007599
2026-06-04 21:38:00,67.90721441172522,114.18444997481718,3.028538802062364,1684.781710747034,17.166320243406002
2026-06-04 21:39:00,69.51596875195102,114.35107696277589,2.981700011767632,1703.9306643641216,16.655331750483157
2026-06-04 21:40:00,69.31367533939104,113.96257883114261,2.926972052898153,1692.7024783398372,17.27260625356625
2026-06-04 21:41:00,68.76579334334707,114.72783181494295,2.935986430204004,1723.015153474178,17.248468135619756
2026-06-04 21:42:00,68.85490508149881,116.10219109513393,3.0795037364262785,1658.4494049430932,17.270004539786274
2026-06-04 21:43:00,68.02232998155853,114.72002037734427,2.815218223866733,1687.650978643403,16.876226660994696
2026-06-04 21:44:00,68.71165333561363,115.63222271369062,3.063329581994694,1686.7184217077106,17.3120409552228
2026-06-04 21:45:00,69.04382621227553,113.6731277342428,2.747792130525457,1693.102833820891,17.224048528924044
2026-06-04 21:46:00,67.22854266879204,114.3365984667589,2.9780769998879975,1694.8514352422183,17.703294105130492
2026-06-04 21:47:00,65.53625885120483,111.94204856514129,2.8612520028564674,1672.3541859838404,16.313154138688496
2026-06-04 21:48:00,68.7545323007189,114.672564492869,3.1094193087103847,1695.0888891383395,17.470431578624535
2026-06-04 21:49:00,69.75678260919548,115.15932870226533,2.8464264263456367,1702.974676012017,17.674041690806302
2026-06-04 21:50:00,66.600512507111,114.74708391812491,2.7848803652281457,1707.5050928107592,16.141978138694515
2026-06-04 21:51:00,70.22350995236735,116.2315847534366,2.7678521534623575,1653.9215638108055,17.504059015830627
2026-06-04 21:52:00,66.75796436357682,114.20030701119732,2.8065587925377624,1706.0199859588631,16.430711453067342
2026-06-04 21:53:00,68.24775971782674,113.45987496262916,3.004451282258524,1731.6246875824504,16.84249936415794
2026-06-04 21:54:00,68.06073285925144,112.59105030793334,2.6779006545170283,1663.2492434394326,16.93705799592184
2026-06-04 21:55:00,68.57653161954514,114.14087278503223,2.8346863734191468,1680.9424959412966,16.823099713792754
2026-06-04 21:56:00,69.2540707859709,116.1619095664403,3.0490375019988205,1712.05317885266,16.554683075385512
2026-06-04 21:57:00,69.9953898357116,114.54856204314815,2.956455577771826,1708.155495840473,17.29990960410934
2026-06-04 21:58:00,67.8624475376401,112.5149862821458,2.967804733138682,1716.4479235662038,17.08689848996953
2026-06-04 21:59:00,68.28851089735213,116.92149447359921,2.7354042778626897,1697.8429805990058,17.625164901857676
2026-06-04 22:00:00,67.70785648789156,114.71378262649202,2.926759639233189,1657.8613953307731,16.809832039327404
2026-06-04 22:01:00,67.54203162591266,113.90262813717982,2.917453384893092,1702.1995530869094,17.32455816137794
2026-06-04 22:02:00,68.7986462682234,113.06735848533827,2.940035423649301,1702.4511204170162,17.38918147402099
2026-06-04 22:03:00,69.1923930981713,114.811453781063,3.0090532233268514,1719.2217439036913,17.382600592370014
2026-06-04 22:04:00,68.93206397779468,115.4359208205334,2.9277418372024235,1671.8122810397447,17.81529450431199
2026-06-04 22:05:00,66.72908004614098,114.28577896240476,2.8437379911322274,1664.1888761109328,17.610090235596022
2026-06-04 22:06:00,67.51571564537348,113.01392898366439,2.766020606599778,1684.6440910167312,16.830677275229657
2026-06-04 22:07:00,68.96303282043407,113.96775183713453,3.081917920537831,1707.1461453024929,16.7220802499889
2026-06-04 22:08:00,66.42528855963442,113.078691977993,2.7371945827839332,1708.4125042479034,17.080543837103267
2026-06-04 22:09:00,68.90685393766648,116.31182909485482,2.9780143964002215,1679.9782796105242,16.58820447051778
2026-06-04 22:10:00,69.95487779930691,115.49925059606494,3.233673015980848,1686.2421104562077,16.69228924193159
2026-06-04 22:11:00,67.62167660585125,113.25491130003228,3.090822797112002,1728.2009240386822,17.464805681884922
2026-06-04 22:12:00,68.68120475302996,113.1499891975473,3.0465482298656217,1685.7370143813653,17.504820417589148
2026-06-04 22:13:00,69.74975223206016,114.83856162032737,3.0044735596115744,1703.5326606970489,16.909324328856282
2026-06-04 22:14:00,67.54513358426928,113.57487467522145,2.9252513489537204,1682.1057547709177,18.337146691200516
2026-06-04 22:15:00,68.55146751380161,113.78284237243317,2.8171182631059626,1697.5855296445473,16.589551488256696
2026-06-04 22:16:00,66.68313057393236,112.39524596684794,2.8790921558642766,1670.438375250847,17.126640630482537
2026-06-04 22:17:00,67.00122615799508,113.03496299758118,3.0361415777833862,1677.414508971126,16.805727152164454
2026-06-04 22:18:00,68.59131028221748,114.55165303009929,3.0155538319740076,1685.8575734708647,17.890652585955916
2026-06-04 22:19:00,67.81082628681895,114.09051703130584,3.07902645190995,1683.9653561581356,16.99301429072039
2026-06-04 22:20:00,68.95013495132666,117.47555294421983,3.148266491823018,1688.501392082507,17.126022659680967
2026-06-04 22:21:00,69.78258953283063,115.15838703586441,2.93925028517913,1700.4915436172296,16.499138582472185
2026-06-04 22:22:00,70.08071837901558,112.91662280914153,2.982021524588887,1719.0044373585695,17.982386841529323
2026-06-04 22:23:00,69.01438383484673,112.62701671222555,2.6797913091206444,1684.0728270960778,16.987710032060093
2026-06-04 22:24:00,70.19638193233924,115.16831029976909,3.317796641813945,1681.046407291703,17.537327669146105
2026-06-04 22:25:00,69.05363120652329,113.89099002954657,2.8957380330185742,1691.70571292732,17.185505471248963
2026-06-04 22:26:00,68.68781883662322,116.0949248032672,3.0642308699759195,1680.5252012765436,17.027994850422278
2026-06-04 22:27:00,67.16424471010401,114.69026950277629,2.8946231072692994,1666.833439283379,16.284938955585886
2026-06-04 22:28:00,69.74094512631012,111.84085126068902,2.8823299042120905,1705.562332199605,17.018616638776678
2026-06-04 22:29:00,68.3143131638152,113.35348829951901,2.9362362099300383,1695.5648945130356,17.179725071461785
2026-06-04 22:30:00,69.62503086553683,113.44906860099275,2.763859337365471,1692.8028292713018,17.25721068220138
2026-06-04 22:31:00,69.52518839194781,115.0783154703109,2.597826179259663,1665.0641519662636,18.13212286843952
2026-06-04 22:32:00,68.11232321446039,113.18326380551063,3.1370579585300615,1683.84945610383,17.48108060563179
2026-06-04 22:33:00,68.95556557101357,114.5363645535295,3.0387209462686693,1670.1349610203265,17.520436306278697
2026-06-04 22:34:00,70.40993946956738,112.74842552481466,2.8194087919523425,1691.0503556796382,17.053834066541786
2026-06-04 22:35:00,69.8363353543905,114.3113291476239,3.021380344650659,1692.7336290480607,16.626643762229456
2026-06-04 22:36:00,67.52724500320313,114.41273890539321,3.0548372811520363,1688.253425561764,16.872647909511027
2026-06-04 22:37:00,68.59727933655611,116.33724435238149,2.8682757556950036,1684.441570450039,16.997921247959056
2026-06-04 22:38:00,69.16847238124143,114.83884348402049,3.0313873918725553,1681.127479472204,17.25204814012486
2026-06-04 22:39:00,69.33903999706074,113.75564358101737,3.133402192179278,1693.5780941558492,17.17019577753278
2026-06-04 22:40:00,69.6148553371531,116.11913881866926,2.7394159976237855,1696.3889557665393,16.492688541083098
2026-06-04 22:41:00,70.71515133041346,114.84192636718865,3.084127678253762,1692.1349806679464,18.037661513406963
2026-06-04 22:42:00,67.41694457236618,115.3136490485162,3.013682670501888,1677.7438220874926,17.13636960365856
2026-06-04 22:43:00,68.85280248323394,113.50745621404323,3.231596343064917,1676.4850577201173,16.989450944365593
2026-06-04 22:44:00,68.28381181602904,114.32247620423236,3.03112477421888,1679.637457722769,16.664859298275406
2026-06-04 22:45:00,68.02501467097517,113.03614255958281,2.871545462990103,1679.845779870477,16.80867166530872
2026-06-04 22:46:00,70.16681717762913,115.37054332952935,2.954643743804538,1683.3116984005294,17.146592685043
2026-06-04 22:47:00,70.84213221923123,115.90616822170132,3.299614019547784,1692.5383276367709,16.993191009736766
2026-06-04 22:48:00,70.21563048544282,114.12293892667354,2.927885627557505,1714.7646543062283,17.423437744976315
2026-06-04 22:49:00,67.94795962570066,113.61266740586125,3.039513714169736,1685.9007651368895,16.949409733463806
2026-06-04 22:50:00,70.13775363627092,115.52050346736807,2.9703976910110437,1682.648208965124,17.845601709300002
2026-06-04 22:51:00,68.54052666387452,113.4596527251044,3.1255007607151537,1658.784891071332,17.08069294996637
2026-06-04 22:52:00,67.61599261197053,112.65920226874532,3.134982822335725,1720.6222633390098,17.28628279686328
2026-06-04 22:53:00,69.91027023777849,115.42271902401116,2.9965253893950217,1717.0749095193923,17.53395609749688
2026-06-04 22:54:00,71.01910385862404,114.64241354634446,2.923762499783,1701.2244052896435,17.539749754976125
2026-06-04 22:55:00,69.11154012615998,115.08595615085119,2.9514479531339717,1720.6483807176967,17.283829514429275
2026-06-04 22:56:00,69.30307185381237,115.2864451418677,2.718321682438519,1703.3960777707025,17.690227061983283
2026-06-04 22:57:00,68.90254965432979,115.26663050824526,2.9799991788907643,1691.8480151297724,16.7648629288117
2026-06-04 22:58:00,69.06139031910081,114.22239870094003,2.9730995030869303,1673.6051871337968,17.22477492814978
2026-06-04 22:59:00,67.33252868439655,112.70415103880791,2.81433716308583,1715.980893835569,16.543706894561115
2026-06-04 23:00:00,67.91629692836875,113.76188853669898,2.693324510982908,1687.1536201152314,17.215805092500677
2026-06-04 23:01:00,68.82007203324414,115.66343179589839,3.02837449635297,1693.7504823133886,17.837074080558782
2026-06-04 23:02:00,70.6729074980955,114.96776344184913,3.0368321342047344,1697.9495883757695,17.6242317525702
2026-06-04 23:03:00,68.48757614535978,113.97715122351565,3.034987616830136,1695.9774864695735,17.74185383060323
2026-06-04 23:04:00,68.27762389358867,113.39737304045346,2.8074183525356387,1699.8024295314613,17.048028371714146
2026-06-04 23:05:00,71.10677221271949,115.45292043922167,3.040284833942283,1703.047587623404,17.719336547990704
2026-06-04 23:06:00,69.31994760612835,114.6876931791003,2.970124361106893,1690.7293928013187,17.19994762435642
2026-06-04 23:07:00,69.84475005947549,115.68867532508393,3.1153675315315765,1697.5271693588134,17.209329528596395
2026-06-04 23:08:00,70.27623728004883,115.76779692630049,2.8346164514246786,1704.314096206861,17.4083106401119
2026-06-04 23:09:00,69.67230925255016,114.05445885114116,3.1345215852459254,1682.468358333221,17.554933362943665
2026-06-04 23:10:00,68.80572916101795,116.07507210512976,3.2221976322069077,1720.8397578517988,17.2488108239787
2026-06-04 23:11:00,66.91364213412295,113.90825375149639,2.9335559414870085,1682.92504830966,17.149136040046468
2026-06-04 23:12:00,69.8478635338674,115.12429606153376,3.0474168465987974,1721.3502860590274,17.493968062375473
2026-06-04 23:13:00,72.47448190105285,112.83913505343877,3.148626150387239,1685.3264191998583,17.867568958742016
2026-06-04 23:14:00,67.88766363743635,113.08333052418651,2.7960404309674725,1699.798581324812,16.782366801452746
2026-06-04 23:15:00,68.87501697384191,113.53492044391245,2.9027238762856866,1681.7771707816805,17.1635938135414
2026-06-04 23:16:00,69.75848595691633,114.32902754301348,3.00839455898284,1686.635101987082,17.318253365049866
2026-06-04 23:17:00,69.65860478541855,114.71866031095445,3.276130117572883,1707.9919548167152,17.42571868277633
2026-06-04 23:18:00,70.61932117250115,115.22385937457864,2.823087987809677,1697.0736275662784,17.195814885042097
2026-06-04 23:19:00,69.0725552803238,115.21771632224534,3.2373133489885015,1737.2921107694333,16.92061935208532
2026-06-04 23:20:00,69.14479718098008,113.96328433574439,2.956697232294329,1704.9066562215692,16.539501344383527
2026-06-04 23:21:00,70.14271598499607,115.81479306910705,2.9938449536338627,1689.365464938716,17.79090319272025
2026-06-04 23:22:00,70.52475665796364,116.92859993619241,3.166536906422728,1704.563060858904,17.756362676367868
2026-06-04 23:23:00,71.23490373078789,115.28885563330238,3.350740455477309,1705.94660690272,17.0525490340099
2026-06-04 23:24:00,69.60366324500629,114.0143505816163,3.0508103609152246,1709.957466016485,17.435644513964156
2026-06-04 23:25:00,68.84005635081255,114.008001361569,3.1634053513082168,1693.2958604453427,17.26434621966718
2026-06-04 23:26:00,70.020872402381,114.36770686027019,2.81296355119575,1696.3020877209256,17.619384961359742
2026-06-04 23:27:00,69.36686229535776,113.9908102372866,2.895361487011879,1697.9328328969893,17.226757313579913
2026-06-04 23:28:00,71.13311112984508,113.05905955739999,2.8061630962568924,1702.9824811735825,17.785931264338075
2026-06-04 23:29:00,68.81809086541698,112.64898430253943,2.882467557277562,1707.5881278822987,17.02844840287119
2026-06-04 23:30:00,68.3821007709534,115.38117172674028,3.028581456107259,1661.7104592996213,16.803634009010167
2026-06-04 23:31:00,68.4405452626234,116.35854903580056,3.019848231442635,1699.0679407390364,17.717092543653052
2026-06-04 23:32:00,68.73622917851549,117.14828684268434,3.2742933617431906,1692.527978787903,18.04555414282502
2026-06-04 23:33:00,70.67434071431292,115.10797359895733,3.297300540165289,1677.589013260237,16.91063801364666
2026-06-04 23:34:00,69.5211621685304,113.54027118901566,2.961481524271832,1683.8243248284105,17.82165558226743
2026-06-04 23:35:00,68.72344911118883,113.75353392741114,2.84999089224183,1681.092402079538,16.749659063960834
2026-06-04 23:36:00,68.958524082058,113.18921837993335,3.172597621036724,1696.1883874984205,16.556617287952637
2026-06-04 23:37:00,69.37374953825868,113.21223005279643,3.1928402419802446,1705.701279447077,17.528377553186896
2026-06-04 23:38:00,69.49326484388665,114.6280268741646,3.0209679945338426,1699.0905539025298,17.363724023035733
2026-06-04 23:39:00,71.79832962990126,115.84992116590249,3.119374646429904,1696.5720735870525,16.995261266816506
2026-06-04 23:40:00,69.70093087627426,117.44902331051765,3.0889712404737493,1725.0890168229423,16.756381334916632
2026-06-04 23:41:00,70.96815157368222,115.11577018007269,2.866051994650326,1697.3031492559576,17.40982448274967
2026-06-04 23:42:00,70.26675771406177,113.42796711099152,2.8210388535592705,1671.56806954755,17.277259406181777
2026-06-04 23:43:00,70.0734610026384,114.93863761684425,2.9980275203225046,1695.9636905534555,18.090317555081278
2026-06-04 23:44:00,71.58473033413131,114.71263052005824,2.973301453817725,1701.3951592619567,17.530627701347264
2026-06-04 23:45:00,69.96231268839209,114.572958990447,3.0523707045338733,1653.0713284978299,17.875036288870277
2026-06-04 23:46:00,69.71816982953506,114.77529934093039,2.937836266562129,1709.6140368597548,17.26527604895427
2026-06-04 23:47:00,69.2344246307706,113.00727595364125,2.7088198274390987,1691.3757565315036,17.859799009958856
2026-06-04 23:48:00,69.38787593326545,114.8575594149698,2.663217258759601,1678.7233117205024,16.993667516404148
2026-06-04 23:49:00,70.87578724985887,115.67096267457958,3.103220346169768,1684.119214143588,17.409361987644232
2026-06-04 23:50:00,70.33413159062732,116.7546973202228,2.903982229476615,1712.1060349367615,16.897877762843315
2026-06-04 23:51:00,69.99988752073027,115.41096579117317,2.967748990689273,1713.7723479746041,17.843815398278146
2026-06-04 23:52:00,71.66911873515174,116.53452703900619,2.9351559690982008,1694.0389438124137,18.08700061484656
2026-06-04 23:53:00,71.59689144253625,114.76606557139206,2.8829586893108483,1683.653836664152,17.998479832554956
2026-06-04 23:54:00,70.35960874702319,114.33387071615498,2.838956825688836,1697.950128717594,17.299637099930123
2026-06-04 23:55:00,66.96745753763088,116.65626695492207,3.1555654897178345,1705.2341531891104,16.923650280173998
2026-06-04 23:56:00,69.79108515264576,113.07357061607094,2.945425580625012,1704.7386656207293,17.32517587210085
2026-06-04 23:57:00,70.0174767447298,114.4401231324422,3.0901407440656903,1690.5383095808727,17.19085940629786
2026-06-04 23:58:00,70.13900461166558,116.43758317553814,3.1209259096787516,1699.281151904469,17.910785003796462
2026-06-04 23:59:00,68.42950653344087,113.71750735542835,2.978874049443181,1686.5800272815059,16.814735493731742
2026-06-05 00:00:00,71.65519192178743,115.3806507736464,3.1685314022042452,1724.1471532018347,17.682463142348762
2026-06-05 00:01:00,70.89518106815447,114.85806902726655,3.013910882469356,1722.2924551412052,18.45782710998563
2026-06-05 00:02:00,69.4543881950431,114.97496095044023,3.1935308963149396,1721.8020750585729,17.7369173866342
2026-06-05 00:03:00,72.39423514399336,116.90114593022916,3.163368815108114,1727.5084786640414,18.229296710283357
2026-06-05 00:04:00,70.46705387043839,116.03102708049792,3.138263096118867,1726.1612410608448,17.256132257625172
2026-06-05 00:05:00,70.57897755901239,115.08622683309902,2.8640542254528865,1716.1637913407371,17.096095206110597
2026-06-05 00:06:00,70.18122554565053,116.20399696033148,3.0323619466585736,1689.7347824977655,17.87328404442504
2026-06-05 00:07:00,72.00863568809032,115.95155687704342,2.7608402185394705,1730.2213663806697,18.36754376698196
2026-06-05 00:08:00,70.85905789587235,116.05179803454698,3.2115436965266055,1679.6317443878438,16.99582977905643
2026-06-05 00:09:00,70.11725226488387,113.86969158494885,2.9134166416352096,1736.8501051302762,17.34487124163151
2026-06-05 00:10:00,71.64537575856991,117.51282700707532,2.9557322822669914,1691.058986331214,17.347578749130182
2026-06-05 00:11:00,70.63425985207431,115.51176469499485,2.811396142361686,1716.6148418817245,17.81632132387398
2026-06-05 00:12:00,71.65794046284864,111.76422829804281,2.998705886147532,1722.493133726887,17.965637939696606
2026-06-05 00:13:00,71.71449519494217,117.40958908121553,2.9876392663640017,1712.4647687730637,17.56175502027209
2026-06-05 00:14:00,71.205748101412,115.85918369558347,3.330279168492569,1680.6196308460694,17.778076830284547
2026-06-05 00:15:00,72.25122420853029,114.71873507510337,3.141773829943948,1688.3585454114177,16.813966834417855
2026-06-05 00:16:00,68.59769360516404,114.41284305875331,2.9321131821745197,1707.2143734803728,17.188134644453932
2026-06-05 00:17:00,70.83458551329288,115.68975310262006,2.7608884478750433,1711.6989910644286,18.184101191029743
2026-06-05 00:18:00,70.4646371241262,114.44475079111646,2.6915039227528146,1704.1290257590726,17.952473417289674
2026-06-05 00:19:00,71.39465021645528,114.25216523555356,2.842358874058282,1700.374403415413,17.842742240448274
2026-06-05 00:20:00,70.2967215446522,114.38378462163396,2.8034667409374294,1678.5963162814467,17.37755446707021
2026-06-05 00:21:00,68.71700271444452,114.32532309081442,3.0306933157214604,1722.2955450904908,17.228785128988864
2026-06-05 00:22:00,69.36402077020102,114.17035837031011,2.9641651641051063,1691.512438628684,17.401751184092635
2026-06-05 00:23:00,69.41873901628497,116.01831904959455,3.002261747514563,1711.7639421184147,17.627166619527102
2026-06-05 00:24:00,70.03540161051063,115.4652863624406,2.866995820173267,1722.9202525005378,18.120422876029934
2026-06-05 00:25:00,71.12513252730636,116.16566939602212,3.0690732132116483,1691.928020877142,17.57791159243113
2026-06-05 00:26:00,70.06028062929802,116.06332531835017,2.808979205349253,1706.3282656974866,17.61006625711103
2026-06-05 00:27:00,70.02141613552573,114.79096941893097,2.9802671831856955,1702.8723098629525,17.13404044181113
2026-06-05 00:28:00,70.24179906972235,113.7400386745499,3.1221643990773655,1695.6547055093752,16.69493896938197
2026-06-05 00:29:00,70.4064010043251,117.7679300339252,2.9852999532798834,1721.933301704101,18.16891729451707
2026-06-05 00:30:00,69.74092977540246,116.64681397847413,3.1021313998048328,1697.1083010092,18.465867090758127
2026-06-05 00:31:00,70.67020789867534,117.14611378520055,2.717518374446275,1703.6342819403324,17.911544807102068
2026-06-05 00:32:00,70.57753986445252,116.31744781693219,2.696504061248284,1695.4499328487457,17.630116539402305
2026-06-05 00:33:00,71.6896109769653,115.00027309905957,3.0859367292526727,1742.2527281688247,18.517734881685552
2026-06-05 00:34:00,70.28837146262931,112.10614245268238,3.15196725506777,1689.0408846139906,17.64540903876603
2026-06-05 00:35:00,71.94976181799385,113.87087848806883,2.987317850555723,1715.7847780872435,17.993996369023186
2026-06-05 00:36:00,72.6305530992017,116.68027585087823,3.3828778896608247,1739.1689336203128,18.014613591003684
2026-06-05 00:37:00,72.74930366329481,115.18062304987737,2.8036716685935925,1690.260795140604,17.7688398542189
2026-06-05 00:38:00,72.51029488749143,114.51106873431364,2.8989949997350215,1701.6285084377278,17.45426348164097
2026-06-05 00:39:00,69.34778766303421,112.38247066459337,3.046156079145968,1690.232270951815,18.02159955978042
2026-06-05 00:40:00,68.48122839660292,115.10371693370266,3.0776208704616823,1671.3991268995783,17.12322186621098
2026-06-05 00:41:00,69.6914480918921,113.55054630478197,2.9023266325935926,1686.2071458016474,17.592044322885236
2026-06-05 00:42:00,71.37071413650396,114.61440499938075,2.873354523172329,1697.8934047083897,17.40061391655632
2026-06-05 00:43:00,71.16956474115145,116.63526129045457,3.134048521397177,1700.5378935936606,18.01151223480983
2026-06-05 00:44:00,70.94874733973231,113.95797114654223,3.0328488644918603,1698.0779056931617,18.554121406414712
2026-06-05 00:45:00,70.14273590127192,114.05903761434749,2.9602711653884533,1702.4847748597408,17.869673055348372
2026-06-05 00:46:00,69.46600395784719,115.23327867718139,3.075527669376477,1682.189072958894,17.97486052018178
2026-06-05 00:47:00,70.08665120525916,116.30731645650597,2.996913285621431,1708.747395858381,17.991231742129937
2026-06-05 00:48:00,70.126179347448,114.65990994686152,2.988582473943833,1720.108741862358,16.641273611652483
2026-06-05 00:49:00,70.7047232796955,116.7756151882512,2.9745105738088258,1720.1591010155955,17.45480067717747
2026-06-05 00:50:00,71.3952275827214,114.35790705651685,2.936328674976995,1707.9948534518514,18.12530443826072
2026-06-05 00:51:00,70.71081303278085,113.72612727682701,2.892988077540136,1719.6882384996463,16.899941974945463
2026-06-05 00:52:00,71.4744637030847,113.6620019159823,2.955087659649969,1696.573598916583,17.64102586647009
2026-06-05 00:53:00,71.05860379609054,113.62619993977083,3.0453986764215193,1702.9671506969946,17.77271269941107
2026-06-05 00:54:00,72.0563262621399,115.98533766900394,2.75807423479693,1713.7309233451278,17.29810334577165
2026-06-05 00:55:00,69.72958671951244,114.05924866938322,3.1572180954068334,1698.0805978067363,17.228422223367527
2026-06-05 00:56:00,69.9802062554095,113.75241779367188,3.032409430641066,1686.9700536896435,18.257266060629853
2026-06-05 00:57:00,70.82074481574526,115.74427682842801,2.859471283929556,1716.3457712808674,16.2119284934343
2026-06-05 00:58:00,71.33764895684115,116.49584819014352,3.276296548721282,1694.3323962824347,17.862142013894335
2026-06-05 00:59:00,70.27685278092474,116.74544026439422,3.038562861884002,1698.6591588714975,18.207633497748258
2026-06-05 01:00:00,71.62173729985096,116.32377184699824,2.817956374954886,1719.5190801952328,17.62586149200457
2026-06-05 01:01:00,71.53146385743703,113.89403304555931,3.235475284065381,1708.0003090051343,18.061328966888755
2026-06-05 01:02:00,70.3871739921415,115.77603783854669,3.2328788032149913,1708.5713827960026,17.551413360721863
2026-06-05 01:03:00,71.8816001950958,115.94212572132633,2.886741503894319,1682.572120389956,17.31091311834175
2026-06-05 01:04:00,67.78698298122515,114.27648446530596,2.9413092729131516,1680.5017536415617,17.419398092831237
2026-06-05 01:05:00,72.00497391680061,115.76974457639875,2.9694980993413767,1713.5870916121316,17.633399605741335
2026-06-05 01:06:00,70.74504108455469,114.2136837747747,2.764288065249848,1718.9921510336922,17.62908348927458
2026-06-05 01:07:00,73.16246083510534,115.43768113345077,3.128089882201697,1719.6726416654649,18.023214547070705
2026-06-05 01:08:00,69.87337582341048,115.76734307279361,3.1481850312181625,1697.1765462837354,17.34380238464695
2026-06-05 01:09:00,70.51160755929584,117.09224997871526,3.1174132415323075,1696.1769029980062,17.306444663179082
2026-06-05 01:10:00,69.5883723030158,116.49995992611083,3.0127952293738294,1704.8138977230335,17.110321415863318
2026-06-05 01:11:00,70.86867348275058,116.3129191937693,3.175983127075683,1688.1552722051536,17.92655766100978
2026-06-05 01:12:00,72.5123811146042,115.61986099225966,2.8646461868461657,1708.3649478677607,17.362518441486426
2026-06-05 01:13:00,70.36636338130447,115.13608019371921,3.2878326927395927,1682.1865358977714,17.11635875018028
2026-06-05 01:14:00,72.53519733915364,113.6863580753413,2.9124195520056797,1689.856946909672,17.28225447455539
2026-06-05 01:15:00,69.46846894690161,113.88595165722053,2.893419485816515,1701.1873381553573,17.526533830618106
2026-06-05 01:16:00,72.72594227511686,114.80283943052328,2.964801986041178,1718.9653502638923,18.150884018350226
2026-06-05 01:17:00,69.22611029477481,115.9530433686413,2.9203334721043706,1708.6380928630213,17.932079058897518
2026-06-05 01:18:00,70.75141952255098,116.62425070920976,3.0037789504242745,1689.8195380052196,17.830877423919645
2026-06-05 01:19:00,69.72884611297103,115.96275515404741,2.9705410808160417,1672.9862920078588,17.753648950711767
2026-06-05 01:20:00,71.90681275093777,116.75752386083379,3.0420009400387227,1704.3862598783694,17.647246488055767
2026-06-05 01:21:00,71.01879550795081,115.52200730139275,2.9062153117362124,1677.3132974028488,17.899887330192573
2026-06-05 01:22:00,69.3733810998839,114.34240759868828,3.0597855745897546,1721.1253716241295,17.937048763904617
2026-06-05 01:23:00,70.30260889952781,115.61543683603422,2.8814596600270566,1692.7847215469142,17.545822491782168
2026-06-05 01:24:00,71.12841909922412,115.09946994084483,3.1744895046221333,1746.4364950040501,17.554378079971208
2026-06-05 01:25:00,72.27418091580246,116.55290233036368,3.1589085350893145,1695.749729310523,18.422597313957745
2026-06-05 01:26:00,72.32080839298565,115.40749631931344,3.05502537696945,1718.122986808982,17.969342222488123
2026-06-05 01:27:00,71.73901523212648,115.87142944856635,2.968523257746939,1702.1464520944082,18.415549526189967
2026-06-05 01:28:00,71.02683667426729,116.56516893018596,3.0955248138696962,1707.2483554756548,17.426415538144074
2026-06-05 01:29:00,71.68703212736592,114.66764761983306,2.9039836434337625,1710.1857468241012,17.616258501162253
2026-06-05 01:30:00,70.84989896690273,117.03353062341085,3.0636316160620796,1724.594503068213,17.387728313528793
2026-06-05 01:31:00,72.17007363884774,114.2848536058922,3.037358989499751,1727.3189855782155,18.20951579146555
2026-06-05 01:32:00,71.85934728574364,116.14852760565032,3.4465306946578878,1721.3186733826265,17.64453838863621
2026-06-05 01:33:00,70.09178333647773,115.04664870867843,2.82632395629999,1717.6408340630728,17.35615237085705
2026-06-05 01:34:00,71.00951348695551,116.33849571316826,2.622949210321472,1695.3674309068178,18.455164266603337
2026-06-05 01:35:00,71.12500308961766,113.87241504934218,2.9391405204394028,1716.6874560436336,18.027344131572487
2026-06-05 01:36:00,72.08591813747417,114.007041923485,2.7989363418507596,1706.1398054845047,18.18363025171608
2026-06-05 01:37:00,70.15206685961404,116.50972761623242,2.9316407277375967,1722.9224044492896,17.323992909092137
2026-06-05 01:38:00,72.41780249246202,115.4939938841605,2.8695660762887596,1714.5749522580597,17.238531506163458
2026-06-05 01:39:00,72.86640225346065,115.91359807040757,2.932495606948487,1722.9380787451332,18.399534523850978
2026-06-05 01:40:00,72.24411820287997,115.20197954012325,2.9065087866960027,1717.6211808409814,17.100687028704915
2026-06-05 01:41:00,72.48400323918574,117.09688773498895,3.2112104077443453,1724.7592106670008,17.800126756687266
2026-06-05 01:42:00,70.58140149370185,115.69372792630688,3.015031809985897,1692.347463170806,17.34267815432077
2026-06-05 01:43:00,72.30598312489715,116.0852554416118,3.214415156200841,1687.0407297513739,17.528172818428455
2026-06-05 01:44:00,71.00279371817784,114.07175344608714,3.0377587564853585,1721.171823879218,17.561270526573054
2026-06-05 01:45:00,69.4190732458778,115.77051979976602,3.150536030839349,1722.4244235648625,17.162068005305837
2026-06-05 01:46:00,71.82228368400253,114.39239987753899,2.9935485931542725,1706.0356028535298,17.305123749786862
2026-06-05 01:47:00,70.83782050448245,115.2823051180268,3.3106873879976373,1726.4674289358495,18.138317600993236
2026-06-05 01:48:00,71.86464050072043,114.18079115490268,3.125259116993733,1686.4831193549803,18.336131687048752
2026-06-05 01:49:00,72.27692908827682,116.1043039146559,2.9691704107988315,1707.9056199051815,17.451571629063665
2026-06-05 01:50:00,71.1330833271022,117.02315987551376,3.142591904515166,1711.1732124601433,17.951117196268374
2026-06-05 01:51:00,73.00311621307203,116.70479659356135,3.099582266490645,1693.074493306333,18.43294697695546
2026-06-05 01:52:00,70.9474968710135,115.22727862403815,3.020121428469563,1687.1571932458262,18.05733702342402
2026-06-05 01:53:00,71.84321199054904,115.84769917134481,3.0621847652187766,1711.9255907244242,17.769872146192743
2026-06-05 01:54:00,70.70927953412352,115.45625788057403,3.13481553438483,1695.340391173942,17.427132337877218
2026-06-05 01:55:00,71.61546878980407,116.1339343961787,2.7526832441481295,1708.861889925103,18.330760308439952
2026-06-05 01:56:00,72.22369743941177,115.78937820799914,2.985797392286736,1701.5931558024004,17.92240708815241
2026-06-05 01:57:00,71.24146122908523,114.29082434568879,3.1383217785511555,1687.9305482964835,17.011688666439486
2026-06-05 01:58:00,72.75064976530753,116.25085054132023,3.1121010570390557,1711.7105508792165,17.973077210745082
2026-06-05 01:59:00,73.31685409589875,113.98549351299114,2.903828955333247,1714.3516633879258,18.068091029909187
2026-06-05 02:00:00,73.2993736489619,116.78036374024798,2.7174766717678813,1705.787550160944,17.607317997656832
2026-06-05 02:01:00,71.75783561378853,114.32370459505933,3.2982725750428257,1701.1045845526426,17.72612441956008
2026-06-05 02:02:00,71.24990300889111,117.15913218104018,3.0216720115835214,1706.8872647004757,18.069622599949067
2026-06-05 02:03:00,70.35420358958386,112.81469979341266,3.277039646966144,1722.2828622570532,17.543558049068494
2026-06-05 02:04:00,72.17997769351739,118.01662249759886,3.1863985835778608,1712.0139031841288,18.09685154350939
2026-06-05 02:05:00,73.36412602823201,114.27716447565554,2.963906585702407,1687.694805417591,17.72630184195007
2026-06-05 02:06:00,72.07183548278151,114.45427025866888,2.6843977192130137,1694.014704661443,17.45242351553262
2026-06-05 02:07:00,70.0079091823557,116.7406566566142,3.022796800443167,1732.401052401638,18.437130147018102
2026-06-05 02:08:00,72.82412416738062,116.80649520306922,3.0653494598086484,1703.903087642025,18.501617911370726
2026-06-05 02:09:00,72.20516323509878,115.38991944381984,3.116264466945913,1708.4057921706756,17.39150061119647
2026-06-05 02:10:00,71.8681479137368,117.12569009706837,2.9036723979603805,1742.9342034207693,18.408491670686413
2026-06-05 02:11:00,73.43717692153206,115.36737868735734,3.1149172401688783,1727.1204878259675,18.156412783905363
2026-06-05 02:12:00,73.33526282656459,115.93681491138648,3.1210759693053025,1686.6610575461882,17.322843022047486
2026-06-05 02:13:00,71.80860906149356,115.81601371668074,3.226460124783217,1737.3870477582839,17.515274957784595
2026-06-05 02:14:00,72.68825652110512,115.18953278425158,3.0096861355647184,1713.3861383180476,18.161109890917736
2026-06-05 02:15:00,70.52271320814036,113.44733308404315,3.117637067663525,1715.7841363962436,17.234594016120155
2026-06-05 02:16:00,71.97742467571793,115.98200972646434,3.1107062227898172,1718.050688072993,17.75838184544879
2026-06-05 02:17:00,72.56719763003017,116.20839115568063,3.2210979836425695,1731.6523412128083,18.140657046104476
2026-06-05 02:18:00,71.29912966235214,117.27355940850398,2.942329442084089,1711.8670796772951,18.169077881320167
2026-06-05 02:19:00,72.22574450502937,114.44822140661041,2.605461915483717,1690.9945362339513,18.0695499076777
2026-06-05 02:20:00,72.79986314130183,115.10849522193806,3.0228561491430046,1716.5300086585041,18.565315259025194
2026-06-05 02:21:00,72.53289443002208,117.21153993689475,3.0165117663835845,1689.5040794309914,17.557353785921638
2026-06-05 02:22:00,72.22375953493999,116.17436071511445,2.8811997758558965,1738.2143428548475,17.95064843451565
2026-06-05 02:23:00,70.47726658255539,116.57625791741746,2.834924379822982,1706.7945829393752,18.139549453095636
2026-06-05 02:24:00,71.72545391391962,116.9412282253181,3.00693538188028,1717.8519972535962,18.483527237468095
2026-06-05 02:25:00,71.76303597377928,116.3644963159076,3.0371051035790053,1700.7269516441754,18.328033267521704
2026-06-05 02:26:00,71.78864757293401,118.09327779671764,3.07484870329104,1717.194414480822,17.780381505179633
2026-06-05 02:27:00,70.87728334346941,115.74772239231041,2.6997290764044313,1715.320463624752,18.07952980669519
2026-06-05 02:28:00,73.7596822673039,114.90409992245873,2.8114831263738873,1704.7222834081922,17.688514994637895
2026-06-05 02:29:00,72.72057759389658,117.0845017191533,3.2572963104682415,1724.3685539436124,18.12789361224778
2026-06-05 02:30:00,73.23491318755288,115.72062948822757,3.0649248782906273,1719.689113291041,18.400744803932305
2026-06-05 02:31:00,72.74898565967953,115.84741090575842,3.0649239732363305,1711.6197693822141,18.37982394485381
2026-06-05 02:32:00,72.23556375568248,116.54001570007911,2.87306473874834,1703.3375835834745,18.27598891185886
2026-06-05 02:33:00,73.83800138895735,114.8969506490511,3.058177838337679,1746.4835021170086,17.97750732116603
2026-06-05 02:34:00,71.432057275781,115.47982386148107,3.016461190108817,1732.30424543469,18.014295183365977
2026-06-05 02:35:00,71.58129223613639,116.60409303931034,2.9760918276014454,1724.69977481546,18.236054526596444
2026-06-05 02:36:00,71.1686592308744,115.30308593729931,2.844822201299694,1729.716724322784,18.856416029457048
2026-06-05 02:37:00,73.23089483019567,117.15844647971534,2.9357525370020325,1717.7037478482757,18.33702813320324
2026-06-05 02:38:00,72.82105673024441,114.90630489799959,3.3684488878989907,1709.289270554467,18.197466979202794
2026-06-05 02:39:00,71.30650401485953,114.68348352082332,3.005640264045694,1671.9661922185,17.387868323308943
2026-06-05 02:40:00,71.09176365384896,118.17869941581279,3.17787176798669,1693.6009642201395,17.607924892241915
2026-06-05 02:41:00,74.0707015476139,114.64512284365436,3.0692999684196276,1752.227310056174,18.11106673435434
2026-06-05 02:42:00,73.86402237856946,116.75527626835124,3.072338336137686,1741.234164316831,18.757676491870818
2026-06-05 02:43:00,72.36399346316081,117.83961016120935,2.9457882411159284,1711.2725072963628,17.43420979793712
2026-06-05 02:44:00,71.16437488372064,115.57193744469383,3.242261277952026,1684.4202479422804,18.06010422603295
2026-06-05 02:45:00,71.81297400656219,117.31799767718445,3.10275230938851,1718.8799401319595,17.89881599388855
2026-06-05 02:46:00,72.16606921981928,116.74591338509805,2.9457548707378565,1708.6685836035467,18.123444250357906
2026-06-05 02:47:00,72.03582423712561,116.25891439123068,3.0253872743566714,1727.3701240782957,18.04739660203756
2026-06-05 02:48:00,72.24682825725831,116.02429747839732,3.2401241711687065,1699.0688594935407,17.851884398501774
2026-06-05 02:49:00,71.1728764289336,113.51697865521486,2.644896541610585,1706.7862231788165,17.640574904803458
2026-06-05 02:50:00,72.73941741000351,115.78913198364843,3.1247130647330437,1728.9042394480257,18.33067068720865
2026-06-05 02:51:00,72.2301495396993,116.08923747830833,3.1346785727441397,1739.7248585544423,17.874598714359344
2026-06-05 02:52:00,72.69165037722017,116.22775620019905,2.9508554167350534,1702.7868750784985,17.543983987436874
2026-06-05 02:53:00,72.5767281564904,118.98077662956148,3.091305554125239,1698.6291011581347,18.100185043468592
2026-06-05 02:54:00,71.01196581455572,115.89441664125847,3.112497610536617,1722.7735169703749,19.147952923902878
2026-06-05 02:55:00,72.61932956057483,116.44505090720924,2.8612531272999004,1690.28624244956,17.763848887761164
2026-06-05 02:56:00,72.12488226479404,117.10347353819708,3.1733247962840383,1691.5865075763234,18.51440050432
2026-06-05 02:57:00,73.66267335506097,116.924519730701,3.1296622284640647,1721.001275229755,17.10384610275284
2026-06-05 02:58:00,73.41097012561929,116.02171150093749,3.0520519743140175,1746.2848867650353,17.954297096668643
2026-06-05 02:59:00,72.37820116916676,116.14191562605885,3.098361954725407,1703.7927435227011,18.50158529783917
2026-06-05 03:00:00,71.32783091519275,115.08797829615555,3.139996438754806,1701.237176812745,17.760603981137336
2026-06-05 03:01:00,71.86006826203689,116.15326129258335,3.3887646731008716,1709.9389959669945,17.553051193552744
2026-06-05 03:02:00,71.61836718158888,116.06445544063236,3.1760813141213404,1709.8271155635848,18.123849426500467
2026-06-05 03:03:00,69.5801255073713,115.99077569127509,3.1376441748308896,1676.7088426402324,18.014469788209883
2026-06-05 03:04:00,71.85334769877977,115.23549373539228,3.125455591785342,1731.3146710397925,19.080576610330503
2026-06-05 03:05:00,70.98662152924967,115.71276895012318,3.3210177477103904,1709.9488861816494,18.19447789676021
2026-06-05 03:06:00,72.41547640082257,118.20354580978477,2.8695053124335974,1723.3838486876487,17.96864231496117
2026-06-05 03:07:00,70.50342563215682,115.55643287058274,2.7944551335228756,1708.8875229649116,17.81984110465839
2026-06-05 03:08:00,72.94288991611941,118.62330361934036,3.1170683539132376,1741.520317536077,18.115676251086942
2026-06-05 03:09:00,74.05136894328368,117.26033777512319,3.2366167969504436,1719.9510129597004,18.185066855922095
2026-06-05 03:10:00,71.7937175684193,115.35615288560365,2.6420718408517985,1689.4970819195478,17.649955522438983
2026-06-05 03:11:00,74.24826393448284,116.45888253835308,3.0874140115280317,1742.541475029382,18.049948097648905
2026-06-05 03:12:00,71.50969712060731,115.19856053114142,3.0110777644801185,1674.6509533785102,17.30591190469167
2026-06-05 03:13:00,71.93692906142262,113.8704494539301,3.1947648442270187,1714.321251758798,18.45881002103278
2026-06-05 03:14:00,72.64018336611352,117.11761176198571,3.135070460005941,1713.0194119142973,18.199070957855458
2026-06-05 03:15:00,72.34083115457042,118.79795020469356,2.806546348967084,1713.8376406986688,17.82696880295907
2026-06-05 03:16:00,71.52501677184617,116.43507361147489,2.895228646262351,1688.179269240494,17.988399063888945
2026-06-05 03:17:00,72.05173872190618,117.02009496305277,2.970348869822786,1700.4977896619544,17.799434086602453
2026-06-05 03:18:00,71.04082716264026,115.48699037433934,3.1579152101909034,1723.784543483799,17.632150490532407
2026-06-05 03:19:00,72.89244695806777,117.90668680214019,3.157352927038509,1741.011301405969,18.533740431857225
2026-06-05 03:20:00,72.69586025912318,115.97916563054369,2.9753107358764552,1707.424235148632,18.20156412733106
2026-06-05 03:21:00,71.87373155410482,116.05311966272554,3.070512455054528,1695.8061181494556,17.6609524793159
2026-06-05 03:22:00,74.73229675851039,114.75765816112673,2.950360208890596,1695.0403733355904,18.442544548844115
2026-06-05 03:23:00,72.82224279963823,115.5061759259872,3.3835382164441388,1729.3270287604644,18.04094253214153
2026-06-05 03:24:00,73.81545540628602,117.17883351113555,3.202020925653094,1738.1681650510056,17.970099858990558
2026-06-05 03:25:00,72.82748283448859,117.62488764493412,3.2203421173619695,1678.3212320633352,18.201220988153587
2026-06-05 03:26:00,71.03896666220801,117.0563962143981,3.2688195567473226,1676.1009034331028,18.14004736757771
2026-06-05 03:27:00,71.84904215859768,114.2574613576588,3.22926837605205,1717.4186428772575,18.19870338987644
2026-06-05 03:28:00,71.87678409440876,114.44499178201144,3.0859507808521762,1720.2370824853595,17.432116374509995
2026-06-05 03:29:00,71.23912518687794,117.34488984187794,3.0818502765888818,1714.7590875228252,18.388401747189782
2026-06-05 03:30:00,71.83566522283465,115.42511525884119,3.2813283505732653,1717.1229018558465,18.17081297120755
2026-06-05 03:31:00,73.77554938935452,117.32040191738099,3.0871063450184395,1712.916624415385,17.364133774723896
2026-06-05 03:32:00,72.57085894825009,114.18178753804303,2.9635132915862115,1715.5696136507004,17.745778646787297
2026-06-05 03:33:00,72.07220813228433,116.06862167580006,3.3741091119373325,1702.3092059050343,18.290009207340034
2026-06-05 03:34:00,73.51310969097065,116.55607873593758,2.9660883451023414,1721.1117320471485,18.852502507527316
2026-06-05 03:35:00,70.85883340269744,116.78733902804436,2.820512806184694,1706.0282101592531,17.44918257569747
2026-06-05 03:36:00,72.41573079351588,114.85763431479735,3.2219182078520534,1703.2346875702665,18.439234469409136
2026-06-05 03:37:00,73.11801145704482,113.68789194967292,2.960180296287826,1685.9700617125886,17.271855219971297
2026-06-05 03:38:00,72.01319470509577,116.26057104523845,3.13560075138341,1711.4341349853507,18.58652899296645
2026-06-05 03:39:00,70.19107544686052,116.43604986098426,3.326203861023638,1722.7690506209315,17.8067001878589
2026-06-05 03:40:00,71.67607852004973,117.21256142909519,2.8606807299816386,1708.4977662482877,17.71591867877485
2026-06-05 03:41:00,74.38740257520317,116.25173450554736,3.1059957932535336,1717.124372779388,18.48281291896121
2026-06-05 03:42:00,72.55532273504367,117.10502747398131,3.3007920171056306,1734.4919137338056,17.702106017503596
2026-06-05 03:43:00,71.76776817268036,117.03413665412371,3.1990301717935528,1734.7241777235965,18.431972546501346
2026-06-05 03:44:00,72.89396215027173,117.08681549671952,3.006355495880591,1732.6844661917512,17.70037714177428
2026-06-05 03:45:00,71.83234880929106,116.35123231189053,3.452920118958213,1752.7589158542971,16.684841332995873
2026-06-05 03:46:00,72.21050617828946,114.12654375843712,3.0658639117690303,1716.9246133282918,17.776926147256546
2026-06-05 03:47:00,71.3900856532872,116.02880561856139,3.1335309944062453,1697.4424495219434,18.131437307502875
2026-06-05 03:48:00,71.79578606635806,116.41843473729973,3.3348894303294867,1709.6801735470374,18.582734943426697
2026-06-05 03:49:00,71.86390099401783,116.73464403418117,3.2213169319281896,1723.4325100118394,18.18900439352198
2026-06-05 03:50:00,71.7647695133825,113.7887058531441,3.2401195862168928,1729.973907920963,18.234165466289237
2026-06-05 03:51:00,74.12295738599074,116.17081233713809,2.9680868164713963,1704.8706076999013,17.91504774464271
2026-06-05 03:52:00,72.38102028765222,117.38670169851663,3.273891378170748,1721.7622056869016,18.463546881802618
2026-06-05 03:53:00,71.55457635879003,116.05644305780362,3.1041951870506947,1703.8583480787695,18.38843835717246
2026-06-05 03:54:00,72.36112072314667,115.6222233763509,2.954073471827444,1710.9882476654468,17.34216245046512
2026-06-05 03:55:00,72.0891919654979,118.12900222851748,3.0893856732610963,1708.794606310108,18.360511463357735
2026-06-05 03:56:00,72.89813859478993,115.06891373897572,3.118731527435107,1723.7567095281547,18.307408399783082
2026-06-05 03:57:00,73.76687566096497,118.25292755730096,3.398422735733133,1754.1267758573367,18.273980798242132
2026-06-05 03:58:00,72.61673421029425,117.57889336673362,3.147420601423204,1725.1715732633465,18.05722159546098
2026-06-05 03:59:00,71.8403702356022,115.61072502203838,2.9416075992409665,1705.2981626478922,17.525255374245965
2026-06-05 04:00:00,72.5878253446775,116.32710446008939,2.939390733139133,1709.297910935294,18.435610160294726
2026-06-05 04:01:00,73.42878564774907,116.24254485351709,3.078643404585287,1714.287968622248,18.26396685408717
2026-06-05 04:02:00,74.91226086402894,116.78308393934437,2.9023615825015394,1707.787945447767,18.515543555937906
2026-06-05 04:03:00,73.12525044903117,115.77731433490736,2.9920808760326736,1721.9715855100578,18.276977246146316
2026-06-05 04:04:00,70.82710780257516,114.90240492876171,2.9911168173320783,1669.3805733016616,17.79040605015636
2026-06-05 04:05:00,73.16201468233164,116.05239335781242,3.0352947165721633,1716.547597107816,18.120971183204826
2026-06-05 04:06:00,71.50802625149682,115.62922460542306,3.1768482634316038,1711.5822948554894,18.439308657408844
2026-06-05 04:07:00,72.4016176666308,115.52191000821098,2.9489803563807317,1694.5211370567001,18.189956056455955
2026-06-05 04:08:00,72.88869985961753,113.57888961933303,2.7140281043828787,1711.1729163630037,18.203079600040713
2026-06-05 04:09:00,72.56516941137298,116.56795169441891,2.8438522495271745,1736.142369927957,18.17155854826443
2026-06-05 04:10:00,72.39824518859653,115.20533453049656,3.053213670786907,1729.058018538966,17.211967232867835
2026-06-05 04:11:00,73.10498908936805,114.30472533340823,3.0149727519887115,1712.6015727274403,17.478595235957034
2026-06-05 04:12:00,72.35497757030456,116.1454502226489,2.9188666695757544,1728.725765901368,18.135435187725427
2026-06-05 04:13:00,72.98840610435147,115.89641230039769,3.3840051176305077,1695.5699523078588,18.68425706695451
2026-06-05 04:14:00,72.35382290938931,117.61240788583389,3.1964534817636143,1709.9858129180543,17.75911204340145
2026-06-05 04:15:00,72.87132593897299,115.40441976092694,3.0613356400479943,1717.4820276912292,17.75953239798571
2026-06-05 04:16:00,73.97717897790552,117.45731892477102,3.1453926336364018,1744.9835251455218,17.939045766384382
2026-06-05 04:17:00,71.70798004156721,117.55705495709798,3.0200742185512928,1729.8611202374739,17.432685212887
2026-06-05 04:18:00,72.96876858041026,115.91953661394463,2.9234756509470827,1725.4435307264973,17.97101255962721
2026-06-05 04:19:00,72.61564094093109,116.25012631860831,3.241749574321451,1703.7554801748518,18.265013788617836
2026-06-05 04:20:00,72.95206976505915,118.40514146055375,3.216413600877148,1738.1205533629475,17.96861938993243
2026-06-05 04:21:00,72.08658040043929,116.12455983529271,2.76005249581344,1706.2261895011152,17.710008945679757
2026-06-05 04:22:00,72.88298360106137,116.76942672775895,3.122026669802446,1724.3396967582166,17.909955654333753
2026-06-05 04:23:00,73.03082788556067,116.06301401140705,3.1539727485145703,1718.8516704758974,18.370657708115356
2026-06-05 04:24:00,72.73624393623518,116.79385615662699,3.016366659678829,1742.8089008195475,18.140816558630654
2026-06-05 04:25:00,72.50567444243482,116.47498684243202,3.4160936660516965,1711.150116480485,17.513676892718074
2026-06-05 04:26:00,74.78811033708664,114.20377026222555,3.3917979524510096,1732.441060930248,17.89704486325617
2026-06-05 04:27:00,72.98057656627032,115.75878109029428,3.022377813951113,1714.5047305167939,18.05677434331345
2026-06-05 04:28:00,72.37233008971609,115.21734465786231,3.075721065500956,1730.3653578635196,18.494143630119677
2026-06-05 04:29:00,71.59343231837335,115.85731358393916,2.9971343970760946,1733.9351756271444,17.912389777627727
2026-06-05 04:30:00,73.59779386120579,115.38961660691939,3.0076217122689086,1689.7957220930282,18.574053953326903
2026-06-05 04:31:00,73.4687873224809,117.44789546227932,2.9868286766791554,1724.0077083729911,17.872330757826944
2026-06-05 04:32:00,72.44940220909939,116.87647482870094,3.197545814992481,1710.8924762461813,18.577452416756636
2026-06-05 04:33:00,72.18906153765977,115.0125455411748,3.3948933052067973,1726.8213962050377,19.07559640377658
2026-06-05 04:34:00,73.04391859374401,115.71407638039736,3.3195204247598826,1727.7715883199933,18.171649495344504
2026-06-05 04:35:00,71.01084889586512,116.9519462789172,3.198861285033373,1709.0397908909576,18.139025093833613
2026-06-05 04:36:00,71.45951014567139,117.68708454455086,2.7262327390763113,1709.629128934142,18.362450607587576
2026-06-05 04:37:00,73.56115777535592,115.48293951137566,2.824707243418115,1723.935038278288,18.064787765300196
2026-06-05 04:38:00,72.14763091099208,114.8459065483055,3.2371468387899376,1696.4064006729127,17.702676715154915
2026-06-05 04:39:00,72.71240398691384,118.9756960776601,3.351873627142579,1726.7917882130118,18.340465666614442
2026-06-05 04:40:00,73.70318845530169,117.03776555078585,3.219692666042074,1715.0608448245716,17.863140503146553
2026-06-05 04:41:00,71.60974705441721,116.5029617747327,3.047042889565551,1729.5807108180104,18.354986356370976
2026-06-05 04:42:00,72.40885033567051,115.12337452953129,3.2702214044529505,1693.707037762537,18.231132296306395
2026-06-05 04:43:00,71.38018536937454,116.2709743809427,3.180553072894787,1704.9937766747937,17.364822413527023
2026-06-05 04:44:00,72.8738933101578,118.70936234076066,3.280699960704167,1710.7495748699343,18.390825620099328
2026-06-05 04:45:00,73.0823707903788,116.70770966318284,2.8150127232810678,1714.2272468844174,18.11464584809206
2026-06-05 04:46:00,73.16576747489364,117.96349065059572,3.163869970246658,1743.1188976235646,18.9339186316035
2026-06-05 04:47:00,71.96519418140255,116.2992390423986,3.3504828997070044,1729.5489581312613,18.65616558404572
2026-06-05 04:48:00,71.75999293763022,115.44480800995595,3.1908353871502664,1715.1483603668823,18.674533496447268
2026-06-05 04:49:00,73.05614857155425,115.56121994427842,3.234310306238732,1711.2064201045741,18.67482451663175
2026-06-05 04:50:00,72.48484279313703,114.86946159915937,3.0861775505441433,1729.424024540671,17.95932269887305
2026-06-05 04:51:00,72.21055077994343,116.5735742733491,3.103393293213645,1700.037050702816,18.260093173174436
2026-06-05 04:52:00,71.32076237026169,117.54400737969758,3.2820685198439117,1714.6736061490617,17.936689022898257
2026-06-05 04:53:00,74.07653980048622,117.22637803936269,3.0350760749760775,1718.0224146411445,18.11771921777001
2026-06-05 04:54:00,73.2030075248901,116.03997687587842,2.9788084694766814,1716.2155353257833,18.2377237911773
2026-06-05 04:55:00,73.34506512142656,115.6858613054387,3.037163163496528,1733.915672261026,18.283416683743187
2026-06-05 04:56:00,73.87211602448619,116.70736683946045,3.0889057473068577,1707.0389855291985,18.05948733082309
2026-06-05 04:57:00,72.82002861825707,114.64234604473417,2.8336936305055573,1729.6536140776157,18.040356173189455
2026-06-05 04:58:00,72.66473658133586,115.01436023262188,3.2013442746594545,1751.3308907939809,18.211960624235807
2026-06-05 04:59:00,74.1457004963912,117.85773466692567,3.093865550139636,1732.7606541153277,18.743922618424012
2026-06-05 05:00:00,72.6242682267411,115.95938712720539,3.214231335817577,1715.9742984552875,17.912544336169006
2026-06-05 05:01:00,72.4149728367223,115.83246428493207,2.761433465457712,1733.2158181588436,17.58285139879044
2026-06-05 05:02:00,74.03481250560463,116.29598151430261,3.228552502897936,1703.3521288459324,18.520630710776313
2026-06-05 05:03:00,72.48865998703849,117.47459842487058,3.3074377845779996,1744.196803736333,18.644408498784085
2026-06-05 05:04:00,73.91524379858387,117.14690124769919,3.195668711104923,1714.6813063768227,18.617330271580826
2026-06-05 05:05:00,74.07804449858295,115.67144051823254,3.1087120647739623,1753.3632538688496,17.826052476701726
2026-06-05 05:06:00,73.55069781485167,115.80324202381767,3.2398973405109195,1711.2665592475983,18.273280631420587
2026-06-05 05:07:00,73.05646052923852,116.44171848575033,3.3024376693955886,1732.2702138118584,18.45194395298416
2026-06-05 05:08:00,70.86637315289678,116.47831417383043,3.1528156840163835,1691.481721788192,17.630488001727183
2026-06-05 05:09:00,70.53175016548884,116.1314019274244,3.167913767788359,1712.4547454658527,17.781225401525734
2026-06-05 05:10:00,73.939495199405,115.9898869003905,3.324492956044824,1698.994933476955,18.011007838206254
2026-06-05 05:11:00,72.3792153229737,116.1217432038587,3.1852537433794517,1692.5932756354134,18.506279144434497
2026-06-05 05:12:00,72.94446021585465,116.6623900774488,2.9936850876627137,1740.8275796440023,18.44299469779403
2026-06-05 05:13:00,73.39073198375587,115.61912375314927,3.293701834367872,1702.3277941670442,18.0487792324043
2026-06-05 05:14:00,72.22933244107467,117.8221969706652,3.081024198247985,1708.8903897555417,18.166201648594093
2026-06-05 05:15:00,71.12176491005131,115.11458921975397,3.051216649022695,1696.4707093487525,17.58017137236024
2026-06-05 05:16:00,73.4254153511198,117.24414849357795,3.155304319630683,1744.9493974924612,18.379738619081152
2026-06-05 05:17:00,71.28016912303279,113.73299170009616,3.225689779837861,1731.3344053696196,18.39160476885112
2026-06-05 05:18:00,72.49686441958491,116.83221704245764,3.40168968202361,1746.9267754819289,17.777214080477307
2026-06-05 05:19:00,70.804451290765,114.7217816061784,3.073082456468505,1702.0869001194644,18.54662213970462
2026-06-05 05:20:00,73.28401277505266,115.0586651583122,3.341922068646963,1736.6905612675237,18.99241862109977
2026-06-05 05:21:00,70.84545297870044,118.72410241019436,3.0791868651712018,1698.974954565368,17.973764927982703
2026-06-05 05:22:00,73.60404547961963,116.88749697584569,3.3161962512310232,1709.8538933878588,17.96160253517071
2026-06-05 05:23:00,73.06555291907011,117.62134411725562,3.1064394609699164,1704.8539883733513,18.540352121790395
2026-06-05 05:24:00,72.33252867749238,117.18599676464815,3.003445282508941,1705.5271031709444,18.19099441886764
2026-06-05 05:25:00,71.90272223124178,117.250679458947,3.359700726868301,1712.9153698130274,17.825008799566714
2026-06-05 05:26:00,73.5398789641506,116.47784431995251,3.02626596777389,1710.309333089203,17.969608367036013
2026-06-05 05:27:00,73.06253605818026,118.62559858999361,3.0149730499879963,1726.110054164694,18.186623126526033
2026-06-05 05:28:00,75.02115195051728,118.04503702872778,2.9468614403640845,1687.9125210681723,18.591538654859963
2026-06-05 05:29:00,74.06240081883246,116.3301888019212,3.275462585197583,1720.4966800810885,18.498495946220935
2026-06-05 05:30:00,74.26547567104627,116.86876065272388,3.3290379684733153,1704.358979064954,18.390084687359533
2026-06-05 05:31:00,70.48116314277911,115.937127965544,3.1293832672229467,1704.641669797158,18.23225018195453
2026-06-05 05:32:00,72.42699363419469,116.45099454248104,2.94497286430372,1708.8318537008702,18.06065703602204
2026-06-05 05:33:00,72.67122549392099,116.28162820934394,3.0879131215696307,1731.933571591518,18.50894597731663
2026-06-05 05:34:00,73.62983190986505,117.0875331282473,3.0632532820663516,1729.2982529412466,18.23215791276448
2026-06-05 05:35:00,72.21053046835624,118.8841596109515,2.9651757803879955,1721.4660833900089,19.133292375369848
2026-06-05 05:36:00,72.18345077230855,115.34284590995138,3.0459397888755437,1713.126188605299,18.133441200962725
2026-06-05 05:37:00,73.52464999112247,117.61043481192164,3.1585009540752944,1728.2712882817323,18.27780233929484
2026-06-05 05:38:00,73.13797388298751,116.35075328848414,3.028733653851649,1750.8224455323054,19.272073317317787
2026-06-05 05:39:00,71.77103862969672,118.00407762814741,3.142458872487974,1719.3198380688123,18.657022871249
2026-06-05 05:40:00,71.91091331055866,115.99677854275151,2.826679201930034,1694.6507252128692,18.496622626671904
2026-06-05 05:41:00,72.8769693300517,116.77759921954927,3.337363479182922,1706.5538229119798,18.259880028261055
2026-06-05 05:42:00,71.99675237541166,116.13678216373678,3.02978128070701,1726.086845705471,18.184831410784557
2026-06-05 05:43:00,74.23043937676344,114.94185888345419,3.265108628029975,1720.2735633626246,18.4397383086202
2026-06-05 05:44:00,72.39415672047868,118.67534155689073,3.134207373571359,1708.3005049026285,18.069562228683324
2026-06-05 05:45:00,71.70298377630931,115.4178676028819,3.16365284690691,1707.1228791445405,17.66029493422578
2026-06-05 05:46:00,73.9765604107205,116.51918757345929,2.924770883649933,1720.2888856130646,18.465510954850938
2026-06-05 05:47:00,74.78131410756605,115.96847494585734,3.0346748916564894,1706.7443274536074,18.00047899573994
2026-06-05 05:48:00,73.51189420858108,115.28504546700084,3.0152851511461125,1724.6727805500475,18.705278035443143
2026-06-05 05:49:00,72.14681851323029,116.03602613766084,3.0892657102586356,1718.4197101461593,18.017277354242875
2026-06-05 05:50:00,74.004895927183,115.70427430147707,3.2933558581397477,1712.143679016069,17.826054632744732
2026-06-05 05:51:00,73.34236441912259,115.0319921657821,3.1606262387373594,1703.4846852369185,18.779559197561866
2026-06-05 05:52:00,74.00314609333545,116.5003286963408,2.9678054664502054,1735.8473582701995,17.69178567249538
2026-06-05 05:53:00,72.11091103493992,114.51064452074824,3.0990289355202534,1697.194064801572,17.87801178958027
2026-06-05 05:54:00,73.30279512108734,116.78169950256925,3.0966469877357663,1724.3393793079572,18.086504536436255
2026-06-05 05:55:00,74.19229809326053,116.78247729743468,3.076388200213965,1736.7198902526143,18.527464398162305
2026-06-05 05:56:00,71.7713109326156,113.12919586863181,3.0713997284625996,1717.1343766050225,17.807769654979996
2026-06-05 05:57:00,72.24642925326387,115.53369558657357,3.191985286216496,1733.953423474358,18.665399799905263
2026-06-05 05:58:00,72.24310236410753,116.91708733027917,2.9823440584281053,1701.0356660471175,17.628979608508317
2026-06-05 05:59:00,73.05714146409927,115.09269199110092,3.0393794863200156,1706.388922971795,19.818640712287724
2026-06-05 06:00:00,73.14196419376708,117.71369039574675,3.287287437928841,1721.0753558920017,18.126260810263272
2026-06-05 06:01:00,74.05857298956875,117.31971353898184,3.1903776484757707,1773.3670986988013,19.582597115497
2026-06-05 06:02:00,73.81504974185779,115.56197387788909,3.31074941139111,1731.393583853078,18.828836424264566
2026-06-05 06:03:00,72.67847674380813,116.4058230193398,3.310081576526629,1729.3660718463775,18.166164804212514
2026-06-05 06:04:00,73.18736875791875,117.40386682071573,2.8901773333515957,1728.6519454116335,18.29759060764803
2026-06-05 06:05:00,71.8363104619941,115.01242473993763,3.1141867625742434,1715.3707224729078,17.880561157138814
2026-06-05 06:06:00,72.93191151869352,116.48703538678014,3.039407042925734,1738.861673706676,18.505826873793364
2026-06-05 06:07:00,73.72821445922636,118.02690370927508,2.9299665909770454,1693.9003295152359,18.02850367355949
2026-06-05 06:08:00,74.23938210398775,115.85572697222108,3.0072800223806513,1729.2864282339385,18.726039148564393
2026-06-05 06:09:00,72.46537308966124,116.98658458331677,3.050591056973524,1725.5645246599327,18.290596300712078
2026-06-05 06:10:00,72.4376353432309,115.16100925856195,3.052891136458646,1734.6935772179281,17.832214661068736
2026-06-05 06:11:00,72.95219368958288,116.35613195446162,3.012252445985054,1703.3219227487054,18.445501891933418
2026-06-05 06:12:00,73.08942262731676,117.30158563227268,3.115654695717829,1707.3088586541849,18.52892531615878
2026-06-05 06:13:00,73.33314092631937,113.17109067128273,3.437431784297182,1698.8037914033268,17.7414072773632
2026-06-05 06:14:00,73.689218646864,116.07683134041196,2.855751813264966,1730.7417267891547,18.187927128853865
2026-06-05 06:15:00,72.99295961924987,117.00583802882971,3.2699525186785623,1727.9239681764336,18.4503141932987
2026-06-05 06:16:00,71.61132981105602,116.4497678260417,3.0758275126652204,1701.4696752691248,18.525672736849714
2026-06-05 06:17:00,72.33217866133533,115.24363949028846,2.992351076383281,1740.320726208828,17.878345534975306
2026-06-05 06:18:00,72.41958385411685,115.12893548033878,2.794230747722313,1723.6880235412868,18.59947903658312
2026-06-05 06:19:00,73.33612644859289,117.68332000736196,3.2430253068013855,1727.5852495030224,18.93140558698814
2026-06-05 06:20:00,74.61148662478134,116.60980936213384,2.9169680385451056,1723.5082280511606,19.019654810560393
2026-06-05 06:21:00,73.51049868591954,117.25473689651783,3.2308721026340588,1735.2950085119842,18.466953730545878
2026-06-05 06:22:00,72.16063390609844,117.53796375932446,3.3999793634626263,1733.5983603725003,18.18014841653001
2026-06-05 06:23:00,72.83292429396724,115.94266850980716,2.9062174656269777,1748.075380560719,18.596304125683275
2026-06-05 06:24:00,73.65596351352858,118.06484800013882,3.2937723483132935,1705.4951593358853,18.312327011669478
2026-06-05 06:25:00,72.43975355669818,115.64258210861816,3.0941969207561737,1694.8927464690555,18.380459676657082
2026-06-05 06:26:00,72.80024719601111,117.76452290071191,2.774934514005783,1706.712165745497,17.91638729780617
2026-06-05 06:27:00,71.1249494984092,117.87190098702523,2.905034135115749,1725.4515895481313,17.903106739898977
2026-06-05 06:28:00,69.47650460717679,117.13079815271296,3.084778032617427,1705.1874445573285,17.654773079606343
2026-06-05 06:29:00,72.96789561431108,116.65746171846409,3.185119827011854,1744.0538834103836,17.907077831239345
2026-06-05 06:30:00,72.81515281805235,119.3511725335609,2.8492081490147703,1711.3589965321225,17.91263970943595
2026-06-05 06:31:00,69.91176944149082,116.42808056306086,3.0878135781916303,1732.8401881103987,17.70974927419153
2026-06-05 06:32:00,71.5879843434655,116.4206783732443,3.198960767294122,1702.6240535671723,18.29221175462151
2026-06-05 06:33:00,71.30812972317773,116.39669563498289,3.2446642778641372,1736.7213851173315,17.78563322281189
2026-06-05 06:34:00,73.83104363839651,115.65685171574319,3.0722460374575205,1747.3715844357607,18.238513331154444
2026-06-05 06:35:00,75.78767124826159,118.66476380581017,3.206482044846717,1719.6705572339738,18.556610380843388
2026-06-05 06:36:00,71.79280410057288,115.29638833255535,3.2264168045131165,1720.4537250449139,18.716606465345983
2026-06-05 06:37:00,72.66231802583023,117.47769338229224,3.2194790736192984,1722.337859048755,17.910238142352277
2026-06-05 06:38:00,73.00962689518606,117.56058480125999,3.2116569870512173,1723.3388859045592,17.531671745321667
2026-06-05 06:39:00,73.5667160681496,117.49882106760971,3.1353483530751007,1742.9310251096585,17.86267390226935
2026-06-05 06:40:00,72.95438597126152,115.73282656262853,3.0900349856907114,1735.440702441303,17.937339107731454
2026-06-05 06:41:00,73.31149723582698,115.87579634164086,3.12648971928027,1724.8462281815741,17.87981244069423
2026-06-05 06:42:00,73.37081829145592,113.28416286870565,2.985211644517936,1729.9011749854474,19.170169153893543
2026-06-05 06:43:00,72.89180062958506,116.19068882252603,3.2555109163058527,1698.7003065366684,18.551922864797724
2026-06-05 06:44:00,73.80240508491394,117.91996682872394,2.9008869567170508,1725.4757294879591,18.35235016506204
2026-06-05 06:45:00,72.99367978643767,116.35025968021135,3.0333711715527834,1705.2809832981195,19.05877419295889
2026-06-05 06:46:00,74.07540487459768,115.96273773249739,3.1059525163765596,1722.0053958663482,18.090384739461303
2026-06-05 06:47:00,71.06781583473068,115.3111966563856,3.1150181225282787,1725.6653726263582,17.6697450615487
2026-06-05 06:48:00,73.87937189838894,117.90562396183489,3.195108263747134,1719.1899885711084,18.03509752483112
2026-06-05 06:49:00,73.34390280179203,117.02557112073957,3.36273525342183,1690.2936133989567,18.956144110693888
2026-06-05 06:50:00,74.87159262698643,119.09178214338124,3.135814999183459,1709.1284383159052,18.40315201100728
2026-06-05 06:51:00,72.19540527644409,115.224006399125,2.9528945628580017,1720.8348101630247,18.557373668164935
2026-06-05 06:52:00,71.96022675630394,116.62820548953029,3.069412980097477,1710.1469920287402,18.35736500766812
2026-06-05 06:53:00,72.60640900347195,115.57953073716263,3.0253979030961666,1726.4191637034,18.413396763597643
2026-06-05 06:54:00,73.42352837875691,119.46126904521496,3.2094490427524414,1708.1836597915421,17.759491126127816
2026-06-05 06:55:00,73.08733562228332,116.7459429629739,2.9419699229856993,1726.1297335123215,17.585490492679906
2026-06-05 06:56:00,72.06090813327292,118.77879628613599,3.0553592032643255,1722.8138821157715,17.446058655086606
2026-06-05 06:57:00,72.82185776393828,115.95994068173958,3.3410055526202442,1731.3697643776522,18.060802964690893
2026-06-05 06:58:00,72.09316823874111,117.50310681287269,3.0716452730966415,1699.105343353783,17.219466859169007
2026-06-05 06:59:00,72.66497035638523,116.26668456406213,2.9170654484586516,1726.6979713878477,18.558667946209
2026-06-05 07:00:00,72.01935140094773,117.46380857063622,3.0463537645890257,1742.0626766140529,18.15023498122261
2026-06-05 07:01:00,72.54729003923167,115.23723042278836,2.7784447481215833,1688.5880332865474,18.596578435761167
2026-06-05 07:02:00,71.94272337547973,116.2811481826849,3.0487077504090037,1712.28289507281,17.734617140693263
2026-06-05 07:03:00,72.93322222625609,115.04639173678089,3.3357746216323556,1690.6292336702493,18.494588755606934
2026-06-05 07:04:00,72.95004054741658,117.05331394630915,2.9383294392559467,1710.361037515411,17.586363886800054
2026-06-05 07:05:00,73.28232995491945,114.18257072062113,2.84856888828402,1701.7165672432964,17.98276318076107
2026-06-05 07:06:00,73.66476485529076,116.39408482925182,3.002476627669928,1719.0963580060861,18.453780198778336
2026-06-05 07:07:00,72.41183769197022,117.77088383669107,3.2352740771920288,1725.0784407989897,18.46207570846574
2026-06-05 07:08:00,73.31973820745027,117.60583588484458,3.385613719632965,1739.5583665880274,18.347313685214274
2026-06-05 07:09:00,72.54472754653399,114.88274899924323,3.1581310931754194,1722.140174262745,17.497345197321867
2026-06-05 07:10:00,72.49270696436031,114.10103158720531,2.899053224940728,1728.4923500028747,18.594065475918313
2026-06-05 07:11:00,74.37508924581408,117.28141512196724,3.1090050441336152,1706.2902721210546,18.185631457039765
2026-06-05 07:12:00,72.84497872645176,117.92611872845802,3.3369925005820877,1729.565619620217,17.892186282969995
2026-06-05 07:13:00,72.74462306547623,115.20154848309335,3.0439171432063987,1668.6731098580522,19.06682551378062
2026-06-05 07:14:00,73.11386040782567,118.80265287336879,3.106788741080125,1740.0439546170014,18.181524332850085
2026-06-05 07:15:00,73.41582348193789,116.37092970462832,3.127998717295268,1738.5909552534797,17.981796027051722
2026-06-05 07:16:00,73.39220817878888,114.32236755767859,2.87964054266414,1733.554808520854,18.104873194566057
2026-06-05 07:17:00,73.48685889572292,114.70932554805762,3.2551841386339557,1754.5329142120197,18.549259349000955
2026-06-05 07:18:00,72.85406513143316,117.11329652332536,3.2073547653631134,1688.8008231880992,17.766329166212294
2026-06-05 07:19:00,73.29563214668454,116.60825543288476,2.7978205259142417,1731.0617254562374,18.431069059450802
2026-06-05 07:20:00,73.0902997680374,118.63533657436092,2.9241803516052665,1726.7822108331989,18.868872833603383
2026-06-05 07:21:00,71.77358678261223,114.72012757420671,2.9317368008459654,1719.0996474130036,18.043620404785013
2026-06-05 07:22:00,72.66624090663456,116.59075207578823,3.2088229414716114,1701.8605620357018,18.61941011090807
2026-06-05 07:23:00,72.12417779965735,116.35286788511345,2.9769834969039715,1723.852174042358,18.14484009313856
2026-06-05 07:24:00,71.58445781188101,116.20985170732608,3.1523006072213247,1723.6369394366984,17.915752627150702
2026-06-05 07:25:00,72.35839060325799,115.449685842873,3.033321385183185,1701.7735997699556,17.288576493002772
2026-06-05 07:26:00,73.9148369180286,116.38361595762052,3.1319327768319174,1723.2210013014949,18.519471746137985
2026-06-05 07:27:00,71.25032425704883,116.37048374817789,3.151784231706727,1695.7612254182668,18.1988882163096
2026-06-05 07:28:00,73.20446137641046,117.0616946063021,3.1540899430699065,1716.7169826923555,18.74182553452087
2026-06-05 07:29:00,72.2563668934221,116.50498519373599,3.077280736905732,1730.4375687826343,18.454931751687788
2026-06-05 07:30:00,72.54189134920436,117.64535291388674,3.1289399246083462,1730.6876743771465,18.926030133816283
2026-06-05 07:31:00,72.62893890637251,115.30570421789885,3.1490283737546125,1734.8270367848213,18.141206790577638
2026-06-05 07:32:00,72.27464993364853,114.50490241981635,3.0804781317205836,1736.7914456746357,18.481824520735096
2026-06-05 07:33:00,73.29735276665221,117.66114465017799,3.031367128228228,1733.8124636010155,17.945348878607405
2026-06-05 07:34:00,71.98070094322426,115.47170522742879,3.3889954411389334,1711.7326021902402,18.673993541947212
2026-06-05 07:35:00,72.38667197476077,115.83103040226403,3.0193543585274254,1722.2452201569195,17.77243809685396
2026-06-05 07:36:00,72.47475404768988,115.6332883302889,3.2962364423639383,1734.5391345435035,18.549387056236547
2026-06-05 07:37:00,72.23968404067155,115.40894096111636,2.9751743445081926,1694.8953069625363,17.7899627534682
2026-06-05 07:38:00,73.47449687915207,114.88624454523499,3.2306036033198553,1701.0356935980851,18.624685561899682
2026-06-05 07:39:00,73.58723801702395,115.47075765610576,3.3445097852559575,1693.7794731681847,18.559681541681005
2026-06-05 07:40:00,72.33042340759994,117.58420591877177,3.0697079325707954,1697.2836792442595,17.7808651204014
2026-06-05 07:41:00,73.22513020155739,116.25721474015363,2.984020007817512,1701.0636726309722,17.592088829854347
2026-06-05 07:42:00,70.71033466655427,116.96543904993798,3.0262842566135006,1710.251709877158,18.273978490063406
2026-06-05 07:43:00,74.27230044941422,115.98336736824636,3.102339239147417,1743.7334596230987,18.340714903078908
2026-06-05 07:44:00,71.07640531918152,117.43876558474395,3.1386373938175027,1711.509224861795,18.060809429670186
2026-06-05 07:45:00,74.4609889464547,115.6459023676012,3.0777295294230056,1694.0002672710907,17.93746395952665
2026-06-05 07:46:00,72.35497475253926,113.80312574742942,3.0258952832638224,1720.271419388255,17.824617947021437
2026-06-05 07:47:00,74.2475342909864,116.98756247269554,3.4003555400837615,1718.6003961462036,18.43623418729788
2026-06-05 07:48:00,73.14263305801177,117.05851584247596,3.045777784158229,1703.4367427173563,17.683057923017717
2026-06-05 07:49:00,72.24211794704972,115.62456779514355,2.99336176743218,1708.4469472180963,18.294267173329512
2026-06-05 07:50:00,72.37940516138707,117.77264978885867,3.213483493001655,1733.7876975197844,17.9370492278268
2026-06-05 07:51:00,72.5039868591999,115.56602638960706,3.2327558375809,1700.0098237454076,18.124354064418114
2026-06-05 07:52:00,73.21883168740933,117.09933995256776,3.298171258344641,1692.2730280301193,18.63354536485787
2026-06-05 07:53:00,73.38887718793762,118.95755696624478,3.4134346195678127,1731.8535452083202,18.81370629729525
2026-06-05 07:54:00,71.88734136891625,116.31534127692427,3.1366917427476793,1707.7406305233376,17.736872296123373
2026-06-05 07:55:00,72.91739089364427,115.97200533881204,3.039680865971159,1739.8669368540263,17.772724412767648
2026-06-05 07:56:00,71.80349869532296,116.13381391365489,2.798705768225708,1714.4937175883458,18.441443071582796
2026-06-05 07:57:00,71.56431733062198,117.86770604635396,2.9202390593819114,1710.6777658812312,17.383333253062247
2026-06-05 07:58:00,72.07471567166225,116.47785457843166,3.097585297908751,1725.0584845929259,18.578856750754472
2026-06-05 07:59:00,71.77225271821494,118.71614136747439,2.899065266668759,1690.158905637325,18.125610246065843
2026-06-05 08:00:00,72.88633517592746,116.97488872586452,2.8715508741517284,1726.9276176559033,18.088607369947752
2026-06-05 08:01:00,73.79961744090754,115.5012594481135,3.09559521357593,1711.6599328907014,18.147105876507638
2026-06-05 08:02:00,72.13071280732703,115.44684216152173,3.1929839151131807,1730.696106337,18.61795903067413
2026-06-05 08:03:00,73.02643851404143,116.73099875952569,3.073499629178899,1712.3926091879598,17.476085132063943
2026-06-05 08:04:00,73.36210807138671,114.30151695175722,3.251258413137099,1726.0003862976175,18.786074001822197
2026-06-05 08:05:00,73.68152907936276,116.088994740217,3.2030862808740608,1716.735304023838,18.80731017833979
2026-06-05 08:06:00,71.21897554858208,115.47967584650087,3.240587213455505,1719.833936003383,17.88315587809428
2026-06-05 08:07:00,72.59567982323722,116.4147014579379,3.401146018855022,1711.2588573297553,18.034843712156896
2026-06-05 08:08:00,73.8370420827055,119.1463748298108,3.5131835271223015,1728.1505620124192,18.462675635062013
2026-06-05 08:09:00,71.25094297305264,116.40671342624698,3.1991462434860547,1744.177695439412,18.4638794461553
2026-06-05 08:10:00,73.80500258122802,113.87760814469887,3.010009074797052,1711.5075197854578,17.80050700065981
2026-06-05 08:11:00,74.12277666430224,115.38037372799349,3.1077462435012913,1725.7354134506684,18.232726565856115
2026-06-05 08:12:00,72.47994079805527,116.87494100637066,3.3400012259107954,1755.0996265329784,18.240144302138166
2026-06-05 08:13:00,71.26804749482848,116.19458807410759,2.9382158808723253,1720.2877426450752,18.31303535970476
2026-06-05 08:14:00,72.81576263899366,118.26600734746184,3.30492654587551,1681.04281092042,19.228498823061976
2026-06-05 08:15:00,71.90965424817286,117.6772651972646,3.0761895536269184,1710.3416876360777,17.969036360111172
2026-06-05 08:16:00,72.882366793051,117.01160878357787,3.093766907058183,1693.8833661035662,17.979269496337814
2026-06-05 08:17:00,72.11241353323534,115.98302855033562,2.961752749797202,1730.4106234887615,17.817472164712065
2026-06-05 08:18:00,73.10119031668268,117.22081763087886,2.8615660454124674,1710.617674812439,17.75540241527492
2026-06-05 08:19:00,71.2152698193614,114.86228850639846,3.0206676827214887,1728.4513866592586,17.538315188706832
2026-06-05 08:20:00,72.02983441792541,117.2217512143419,3.266104957029625,1723.3039924939121,17.41770673163353
2026-06-05 08:21:00,73.74996647347461,116.0291955103175,2.9859124622309987,1727.3499164712202,18.657190467675292
2026-06-05 08:22:00,71.99054139417501,114.3869744017904,3.3168492732659525,1696.6446114532503,18.204714205844073
2026-06-05 08:23:00,72.26334446545458,116.73471957619483,2.9822580285073568,1721.21122644522,18.04856838066543
2026-06-05 08:24:00,73.33211072563023,117.90604420289718,2.921698717246825,1736.8854072392003,17.76491424191367
2026-06-05 08:25:00,71.28631821517526,115.37765584234214,3.0957507631485806,1689.8345932040838,17.90280308086882
2026-06-05 08:26:00,71.65946124011386,118.20974035656816,3.1908225485875126,1713.035198957152,17.704670204977656
2026-06-05 08:27:00,71.9156250182021,114.55416765043823,3.1309663039863485,1725.8669060332684,18.25974523576394
2026-06-05 08:28:00,72.81513030509937,114.73804016864291,3.100922479523766,1717.1261329606832,18.220588388204312
2026-06-05 08:29:00,72.57743932122185,115.95713705570931,3.315991252028659,1736.658250724093,17.849604011965347
2026-06-05 08:30:00,73.45345477126791,115.85714545328828,3.101041323217254,1728.2884392565281,17.848307726726294
2026-06-05 08:31:00,70.93575129474652,114.77693347169523,2.9679385511864176,1713.7912921386405,17.591825774246708
2026-06-05 08:32:00,71.54153292869844,116.50347462997131,2.9195919930051826,1730.171508087391,18.497458186480944
2026-06-05 08:33:00,72.33488042986389,116.47423258804815,3.331614762577523,1739.578224964818,18.63492035880172
2026-06-05 08:34:00,74.56858876536978,115.70633977238093,3.0119555877988207,1715.7774948641754,17.42578854488542
2026-06-05 08:35:00,72.68971684387884,116.46819929894487,3.026390499391956,1709.798886594662,18.35642918133758
2026-06-05 08:36:00,72.88703548929657,115.58775678324973,3.250368646908117,1733.3719920272285,18.41170271582995
2026-06-05 08:37:00,73.53328934141639,116.5279669729999,3.4184680869887747,1710.9230000623145,18.40243314198845
2026-06-05 08:38:00,71.7547832982377,115.67528037278032,3.1343616023020764,1718.2481838785493,18.883209817663797
2026-06-05 08:39:00,70.37726377629981,114.05983618442309,3.013222304675977,1689.4034049041268,17.762823504750735
2026-06-05 08:40:00,74.03083673434757,117.23452892558574,3.087024549789187,1728.549618978191,18.33134026075702
2026-06-05 08:41:00,74.35953332517437,118.96578107725671,3.0594311071725917,1744.0402132704735,18.645980176091086
2026-06-05 08:42:00,72.04380439875342,117.60482765651659,3.035112312644943,1703.6646606393103,18.51463678228955
2026-06-05 08:43:00,70.59848154272251,116.18802620082813,3.0000910755685153,1708.223951444327,17.80583742691003
2026-06-05 08:44:00,72.02067122816383,115.44677912637658,3.217716762211299,1709.0205236567929,17.850370271257116
2026-06-05 08:45:00,71.234762553854,115.39925106679686,3.0363446468359676,1726.0439417856587,18.261005244215248
2026-06-05 08:46:00,74.62586620460569,117.76170020052496,3.3034485077556788,1741.164901475309,18.61517339989901
2026-06-05 08:47:00,71.51402867159557,113.09453716575607,3.038046511746445,1703.9112147392207,18.426094373691335
2026-06-05 08:48:00,71.32233922994098,115.70107805935108,3.0207449826001898,1668.7922448485328,18.234722671758117
2026-06-05 08:49:00,71.65910449037732,116.73393229432581,3.248547463324827,1728.6652590694373,17.266994187930454
2026-06-05 08:50:00,72.09543395060399,114.57604512932939,3.066031275474003,1713.2361781540553,18.036623436512436
2026-06-05 08:51:00,72.07022065375345,117.05539489900632,3.0841901237963434,1721.3653549480864,18.287140842983305
2026-06-05 08:52:00,72.57786783135583,116.5804548268157,3.080238609882183,1729.4966095826012,18.55581385517618
2026-06-05 08:53:00,72.81672418722903,114.1795967963909,3.281650474490476,1706.8703428937092,18.385770769750113
2026-06-05 08:54:00,71.59992335710544,115.84886689742395,3.095544537451603,1700.4724396518902,18.117370187133407
2026-06-05 08:55:00,70.40641887285986,114.78110117556798,3.222224964816514,1701.6248470997762,16.93181967538196
2026-06-05 08:56:00,70.98415467084622,116.20294392151142,3.0117147070395696,1716.7179695567415,17.521885808071914
2026-06-05 08:57:00,70.8890125938111,116.9117871106398,3.2372799652556554,1727.9583846817904,17.90830707191162
2026-06-05 08:58:00,72.62082342141412,116.84267252487585,3.126582445753314,1742.6832497924634,18.045425427478367
2026-06-05 08:59:00,72.04296919688048,115.98428340479998,3.192197857010959,1718.013188140149,18.015336174310193
2026-06-05 09:00:00,72.34634043609867,116.8784687789026,3.24711848563503,1718.2549236869297,18.85799361217236
2026-06-05 09:01:00,73.23330404085308,114.42949385331629,2.9148085346450463,1724.5031558611463,18.232088858419207
2026-06-05 09:02:00,72.59374435553254,115.94305823894993,3.0761243329299965,1698.4972659170528,17.622380442370357
2026-06-05 09:03:00,70.01140347616393,114.76703277759493,3.1917672044600014,1730.9283256863507,17.529938607456398
2026-06-05 09:04:00,71.26062210531165,117.57706258024331,3.2567538771978355,1721.0268684409543,17.802010777726263
2026-06-05 09:05:00,72.54582649361049,117.4864085550645,3.2991166893780073,1718.7899495500255,18.28652490203428
2026-06-05 09:06:00,72.26652187592697,116.32046839540362,3.0493082771160256,1692.1994470054099,18.074213209668727
2026-06-05 09:07:00,72.56058909824016,117.98011573181591,3.292626488829358,1721.7231107951743,18.34757018108808
2026-06-05 09:08:00,74.10383274486414,116.00645853644833,2.9949144475049176,1714.4898388728957,18.050729507553285
2026-06-05 09:09:00,71.17640235299366,114.92530863921871,2.8147263886711285,1706.3739986032133,17.7800023651134
2026-06-05 09:10:00,72.1991895046598,115.75906722400588,3.037251064823146,1690.7106309109583,18.76136754912202
2026-06-05 09:11:00,71.75197615358006,114.45230818180843,3.271042467399587,1711.813035833183,17.593553721871036
2026-06-05 09:12:00,72.33407624762411,114.19886480883012,2.9055465612542597,1705.168068884685,18.268767322879015
2026-06-05 09:13:00,72.17086830703298,116.90922503104503,2.8571147260872234,1721.7971277385946,18.29393097142852
2026-06-05 09:14:00,72.85666382393828,114.84803263105329,2.8434037043624434,1716.2813151256655,18.142442370449825
2026-06-05 09:15:00,74.44153405060317,115.28365161086838,3.215294755220777,1681.2475277263343,18.279394267205955
2026-06-05 09:16:00,71.8299202768592,115.84343452704947,2.847225849846221,1706.6481306203143,18.150837133216715
2026-06-05 09:17:00,72.70363770304677,115.32475315061912,3.1369829671628353,1689.1084321433336,17.79189155400089
2026-06-05 09:18:00,70.12589634943224,116.76096086852846,2.997332215065518,1693.6663667057003,17.59404677999237
2026-06-05 09:19:00,74.67504021547646,116.33482878059485,2.9685619534256893,1731.888604874595,17.845971176098367
2026-06-05 09:20:00,70.80668112498074,114.59448633218588,2.88703490099924,1682.0338940153413,18.521191408085475
2026-06-05 09:21:00,72.33251980176625,117.0493459032652,3.0898360455397764,1716.2011383919028,17.76557565013094
2026-06-05 09:22:00,72.66286685296318,116.85947392350953,2.9525379453097367,1705.5240196095324,18.073002644680194
2026-06-05 09:23:00,71.19842909375595,114.10497711393947,3.0524645611477768,1700.1415678961553,18.213179605357894
2026-06-05 09:24:00,72.71107740420823,116.33064663967252,3.1287394024213486,1699.015831333988,17.929364825983566
2026-06-05 09:25:00,74.11328094879282,115.85014705626175,3.2057817987088972,1727.569372399212,18.368435533029
2026-06-05 09:26:00,71.22406915486832,115.00756702649227,3.1999675536277827,1718.440972953092,18.149744210005323
2026-06-05 09:27:00,71.03499829212755,118.04143682931155,3.0779105341755035,1684.7630092213985,17.559836831880638
2026-06-05 09:28:00,72.49242897939388,116.37721742644518,2.9243592761737633,1733.632418822074,17.49946467384691
2026-06-05 09:29:00,71.88800686844239,115.7291548270786,3.135872501124396,1695.4087180955219,17.702858826106418
2026-06-05 09:30:00,73.80438982643261,116.44688434523124,3.18809340466539,1723.7617081394083,18.86385851378683
2026-06-05 09:31:00,72.47682908397657,117.0064355834054,3.0365892666163714,1695.050122389896,17.74861012810856
2026-06-05 09:32:00,71.60005228910305,114.98627020119264,3.012027568893604,1704.1566750421894,17.966357392066648
2026-06-05 09:33:00,71.2096012358214,114.72534947109841,3.3954345700997783,1685.6495667130484,17.150860263123047
2026-06-05 09:34:00,69.17530508172962,116.19431952175908,2.833129909553377,1697.4864076844015,18.240014552729296
2026-06-05 09:35:00,70.1802609519291,113.51658771682881,3.0964681468192494,1701.4687779664987,17.547693298023617
2026-06-05 09:36:00,72.22121606330306,117.18440583741513,3.2232700255124045,1696.0332822984433,17.815762231716075
2026-06-05 09:37:00,71.82769171050579,113.54148397270764,2.9799901907829636,1710.9526154433693,17.680476885033652
2026-06-05 09:38:00,72.6552707544091,115.95280747305173,3.0579043301043582,1723.3178498839593,19.12907880877435
2026-06-05 09:39:00,72.9161747090074,113.95619230671183,2.998099455691466,1752.2543330686333,18.114007018618846
2026-06-05 09:40:00,72.26856904401235,114.51960658447486,3.0525072521826835,1724.4252182939229,17.830836766675056
2026-06-05 09:41:00,70.81301370340923,117.15903885165909,3.1750464591586254,1725.6708203220844,16.64779245529724
2026-06-05 09:42:00,71.9605494429736,117.28963642846998,3.039354605572623,1687.2819283291483,18.559341568406058
2026-06-05 09:43:00,71.53245344035062,116.9844448054136,3.5067793572381145,1678.6611240598754,17.523472952131698
2026-06-05 09:44:00,70.72744346568523,113.80439001373907,2.968301091384255,1702.7874874817157,17.430527486853677
2026-06-05 09:45:00,73.6047527937553,114.92859293586902,3.2859512965639164,1742.667048853484,17.789631096190945
2026-06-05 09:46:00,70.98160274496735,116.34213890879795,3.1438748511026144,1749.5726669372114,18.55315540404289
2026-06-05 09:47:00,71.75680719195029,116.61034200402061,3.066401702558532,1699.7131108380433,17.859115218317317
2026-06-05 09:48:00,72.60713434676937,115.0499720258243,3.2879067273498173,1704.6651706528012,17.395869510349186
2026-06-05 09:49:00,71.37752494640151,115.1194356099325,2.8142646477504933,1719.0136253539868,17.825416808256875
2026-06-05 09:50:00,71.41066724919209,114.56323618238538,3.125166992613704,1709.32066043413,17.627812153894148
2026-06-05 09:51:00,71.04986976916156,117.54526175185862,2.929567502794829,1704.8258827424945,17.921500146619508
2026-06-05 09:52:00,73.48159576827413,115.84605152015877,3.0290017083357568,1728.4034665264635,18.053432039663157
2026-06-05 09:53:00,70.83099139232759,115.65298565951025,2.968578649206261,1748.9385685399852,17.179999117910405
2026-06-05 09:54:00,71.64596854079039,116.35092626782607,2.9387965390422335,1736.2426369771508,18.092280844973345
2026-06-05 09:55:00,72.3634662864933,117.04824377661802,2.8002129213764606,1737.656887980844,17.838031429073435
2026-06-05 09:56:00,72.3488096724716,114.87172636950268,3.125963385132909,1685.8671260395981,17.505946102773375
2026-06-05 09:57:00,72.78069930203847,117.3891196798948,3.0559332960763164,1729.2844778801818,17.209574585625525
2026-06-05 09:58:00,72.8181915269861,114.57089821224004,3.0286021743040425,1700.490145248542,18.165727274055218
2026-06-05 09:59:00,72.75085915346368,116.90233816275232,3.1474411267732347,1731.8597118335667,17.63947978647957
2026-06-05 10:00:00,73.03735886925256,114.01433111825797,3.1393029313181566,1734.6624395928884,17.95027297675369
2026-06-05 10:01:00,72.01724977207265,116.17278992854452,3.0465249791989586,1726.3673118664308,18.44746121751212
2026-06-05 10:02:00,71.69826926655055,117.61155211242612,3.5017070487596196,1697.6702995554754,17.055041028954793
2026-06-05 10:03:00,71.0406963879413,116.58005101228287,3.2022545528736246,1702.653975907525,17.895792918012614
2026-06-05 10:04:00,70.77705994418065,116.07567118399496,3.4047321353914164,1701.55879969856,18.050121420880703
2026-06-05 10:05:00,70.10510423495487,114.35945410777455,2.978926913217235,1719.6690338833469,17.73571706342675
2026-06-05 10:06:00,72.22943941464509,115.34740348706713,3.1193992001591386,1722.447182897632,17.548122194079674
2026-06-05 10:07:00,71.25344571670418,117.0219841281756,2.8415068868702806,1726.7499402542858,17.440022503853797
2026-06-05 10:08:00,70.79032603114022,115.98837908713199,2.9785330326267547,1729.78325437885,17.53020002276779
2026-06-05 10:09:00,71.48388940022501,117.24999115781266,2.9911855795658413,1703.0755295219462,17.459254595924648
2026-06-05 10:10:00,70.54155942926347,115.96854002259596,3.507991616839796,1718.861113676538,18.088543423977686
2026-06-05 10:11:00,74.33532064316084,115.98484416657202,2.9843232018366805,1724.584502023408,18.162742264567303
2026-06-05 10:12:00,71.35183691895634,116.46584811483208,3.0012852046961744,1705.8527008826843,17.515754886683627
2026-06-05 10:13:00,70.76680866977493,116.02425564407459,2.829484920819136,1723.6335628790039,18.250725569072934
2026-06-05 10:14:00,71.31161404082866,115.26714163522752,3.111464747599375,1713.645849336371,17.526753176599115
2026-06-05 10:15:00,73.16419563409048,114.00961491807313,2.9120610808813283,1700.8006111787076,18.445173575123274
2026-06-05 10:16:00,70.74702530971337,116.27001766778181,3.146137040087172,1699.5392788918598,17.455092478247717
2026-06-05 10:17:00,69.48465421098344,116.38518582707039,2.788894925741369,1706.190407219068,17.546760520139266
2026-06-05 10:18:00,73.60745109090983,115.01529441128272,3.031277097835872,1698.9913606474315,17.501663068107085
2026-06-05 10:19:00,69.76577623799254,117.03768999206608,2.76463579567775,1707.0213280391868,17.847725716771226
2026-06-05 10:20:00,70.86882663416083,115.80939309411109,2.9608775961693166,1687.4370402251168,17.330214923840533
2026-06-05 10:21:00,69.81240338016515,115.6756420170098,2.9808889664038127,1711.9024185024118,17.7375420940485
2026-06-05 10:22:00,71.08870578720982,116.901028429088,2.9661688628577507,1732.2664921622927,17.759969088556694
2026-06-05 10:23:00,70.7570303144045,116.06719922757556,2.942617645678685,1704.2870853129346,17.4629952620094
2026-06-05 10:24:00,69.87052866941806,116.1160831131855,3.196586822952168,1724.378733456671,17.865184688061976
2026-06-05 10:25:00,72.38071443807021,116.00015338897694,3.407931844663474,1718.6826826490935,18.515101271412135
2026-06-05 10:26:00,73.0054340381554,118.4241770350626,3.1204814168993438,1698.5854944618454,17.80469242792231
2026-06-05 10:27:00,69.60656254388037,114.26001641673838,2.880365288132462,1731.9803424931033,17.6439403481735
2026-06-05 10:28:00,69.73792250130812,116.32024148142382,3.0379499675389687,1669.3312308612271,17.890257307898988
2026-06-05 10:29:00,71.30155924751908,115.60587066497504,2.993959736063504,1709.5746332315528,17.369313413609916
2026-06-05 10:30:00,70.83520795184555,116.09859692489913,3.1702716344859057,1695.8442468591693,17.9855751394943
2026-06-05 10:31:00,69.82012028482028,116.62825919258826,3.0530559313955585,1725.700745393571,17.900227564834456
2026-06-05 10:32:00,70.40433249023773,115.30361056320336,2.80849773615427,1712.2729210442194,18.225209722342793
2026-06-05 10:33:00,71.52100984040862,116.27503469829027,3.201545729007316,1745.7032327308289,17.332915530638438
2026-06-05 10:34:00,72.72430973448856,116.44271819927931,3.219962711777141,1715.52742697797,17.646478823041196
2026-06-05 10:35:00,70.08285950571545,114.69812665350635,3.255433535311202,1694.823222235633,17.712104580205303
2026-06-05 10:36:00,71.03410296414886,117.39767173837899,2.9817307275364393,1686.18533771413,17.89947826601399
2026-06-05 10:37:00,70.41181366731975,116.00473539086624,3.0552334022744385,1718.6171482252018,17.583380557422828
2026-06-05 10:38:00,69.66183923857037,114.69544836470625,2.836744050899054,1690.3711557751528,17.46580999707151
2026-06-05 10:39:00,71.61427793327562,117.05998670624479,3.041358223698465,1703.5118598646254,17.942169193279792
2026-06-05 10:40:00,72.85073612123428,114.84044586908307,3.1154244305845715,1729.596931573372,16.897444901997403
2026-06-05 10:41:00,70.3914563733827,115.18493614372052,2.919235451574566,1718.7292462227488,17.873060932255452
2026-06-05 10:42:00,70.04497392764027,114.99286490932849,3.0852132312678853,1697.6279277121232,18.342721099278553
2026-06-05 10:43:00,70.47380722952832,115.98163660265945,3.0305374951754724,1694.2573700077285,17.31881076782138
2026-06-05 10:44:00,70.7258487839725,114.85836625715434,2.9614569504145667,1679.4454574723268,17.797935539775608
2026-06-05 10:45:00,71.3463464372909,116.64341577399524,3.258503113153484,1678.943805089142,18.538885664074822
2026-06-05 10:46:00,71.07119716803662,116.05882160597365,2.9878648802926437,1716.0617299061817,17.68612025198266
2026-06-05 10:47:00,71.34290051810763,114.94473632104668,3.0462629952312024,1718.3777620445492,17.81968803648325
2026-06-05 10:48:00,70.27757547652585,117.32024798182117,2.7882703040867547,1707.0193053837684,18.298974046798115
2026-06-05 10:49:00,70.47703359554166,114.36850734478638,3.0953979224359736,1706.3122235542041,18.445965760384436
2026-06-05 10:50:00,73.60781714062014,114.2876750708526,2.993698742013285,1702.4540609227367,17.56493983004119
2026-06-05 10:51:00,71.89382285908283,116.49400879398092,3.174694300753181,1728.244521526465,17.568747617268155
2026-06-05 10:52:00,70.94256734862998,112.55857569814397,2.8125190798093325,1675.0778852240721,17.926368266450744
2026-06-05 10:53:00,70.78069039115564,117.1280430088225,3.087128730463957,1697.4774334153947,17.8677773990224
2026-06-05 10:54:00,69.08899487269585,115.06889938253755,2.669144553275256,1701.7011172952125,17.755814095760982
2026-06-05 10:55:00,71.13290033555604,113.40311352363814,3.100079922317395,1701.5337556884585,16.50912203879462
2026-06-05 10:56:00,71.7585512282533,114.68340055246658,3.028550134246872,1710.9233730028172,17.1292276370085
2026-06-05 10:57:00,70.26709668390475,113.40350953686361,3.084197422870899,1697.0701402705713,18.395894019729678
2026-06-05 10:58:00,71.74164087102534,116.42753616019199,2.9745140631852167,1721.021299969185,18.293587789484427
2026-06-05 10:59:00,69.95893888728577,113.77364546494744,2.8820012998675213,1686.6483474799438,17.824427975471757
2026-06-05 11:00:00,71.60073315198134,115.97994179563146,2.9599868633829676,1702.8723849225196,17.191801549463133
2026-06-05 11:01:00,71.69477200623929,115.20838218812665,3.0670798768266776,1714.13413062354,17.621090373773058
2026-06-05 11:02:00,69.29289343205437,114.00335676316134,3.058071848610181,1689.3292987630348,17.514757712712722
2026-06-05 11:03:00,70.82719501437892,116.04192689687348,3.0742906597929482,1705.8146278301265,17.16212309284193
2026-06-05 11:04:00,70.15183869216256,116.09640049253493,2.882698340023344,1707.8752043214936,17.391991839991643
2026-06-05 11:05:00,69.90062289808078,117.17730395299834,3.3291412797923243,1684.285562639061,18.051330532611214
2026-06-05 11:06:00,70.14880221073784,114.8790378605562,3.092560235206788,1683.5181212280102,18.055682954074687
2026-06-05 11:07:00,69.41326988982374,114.96792172552647,2.906891529095115,1702.058172510147,17.29262712747872
2026-06-05 11:08:00,70.70576322859705,114.94767560806638,3.1109709085819106,1700.3418443854555,18.247941235692508
2026-06-05 11:09:00,70.73619208940876,115.44793676551411,3.055221544841306,1695.1443636134336,18.00608687349439
2026-06-05 11:10:00,70.75584189961533,114.11937583069418,2.9772549114472007,1709.2460890872749,16.809560408446117
2026-06-05 11:11:00,70.65204359187123,114.8684814068954,2.981241534803351,1690.1993948494598,18.34388512326027
2026-06-05 11:12:00,71.62920700715213,114.74823611780222,3.164466466279475,1667.1485490165198,18.092084670056238
2026-06-05 11:13:00,70.90768626616835,116.11903535375149,3.310310626114006,1735.0821280339362,17.96612859522778
2026-06-05 11:14:00,70.6940473189477,115.40478447085465,2.721348668938124,1723.4974989976477,17.645699382921645
2026-06-05 11:15:00,70.6678765751579,115.96189508621245,3.208202547016791,1722.6819843384221,17.99290386089095
2026-06-05 11:16:00,71.98656429891044,115.42801171934634,3.040083269705756,1690.6075546016414,17.991691338673174
2026-06-05 11:17:00,71.30000474454758,114.91194433926955,3.0760134175368714,1706.9406839551596,17.695202695677143
2026-06-05 11:18:00,71.12372476470132,115.73797429323638,3.2366420039476855,1687.7528521187812,18.39672580573108
2026-06-05 11:19:00,70.06163422810415,114.59213362798624,2.647962290169921,1708.337331832137,17.004496521213948
2026-06-05 11:20:00,70.16622861338047,116.12606636930975,3.151756877413125,1700.6875288854048,17.455581422286528
2026-06-05 11:21:00,71.48540120934118,114.96176146963374,3.2126625389396,1687.886753523389,17.831271240807776
2026-06-05 11:22:00,69.5783722439571,115.86474631905686,2.937995690730306,1715.806932586684,17.788819913795002
2026-06-05 11:23:00,71.5020841347067,115.47787381231542,2.8051633788007027,1698.9701236683538,17.886758679982428
2026-06-05 11:24:00,70.88898289609087,117.16648023372639,3.2622976992579655,1729.1021793209675,17.06445683140821
2026-06-05 11:25:00,70.8912992462569,116.20255859634929,2.7861851165946785,1711.2154751343965,17.770552163826892
2026-06-05 11:26:00,70.75094352903614,115.7961540987647,3.110016892979039,1671.2254498343084,18.31429304386515
2026-06-05 11:27:00,71.94233662169817,114.38194120707722,3.1676519980193607,1675.6552515826374,17.008910451684464
2026-06-05 11:28:00,71.27451300168038,116.03555636416502,3.064336129337335,1732.4038297008485,17.440159893234956
2026-06-05 11:29:00,71.18690427371146,115.3169818209781,3.12744345153056,1703.1641577443397,17.608286820429377
2026-06-05 11:30:00,70.97950297497118,113.6053386205929,2.989308045694109,1709.4123194770195,17.8633027591717
2026-06-05 11:31:00,70.05100057119768,115.04986696324936,3.0883396257798927,1703.9322416913806,17.799224135292665
2026-06-05 11:32:00,70.28031158636237,115.31602995529259,2.899479190758669,1722.3946890030386,17.581960649945653
2026-06-05 11:33:00,70.01250718874684,114.29360823261791,2.9315460032808867,1675.0738783830352,17.521965889457505
2026-06-05 11:34:00,70.26375014603175,115.02147591655387,3.016218016804832,1722.1160117429188,17.60695320238557
2026-06-05 11:35:00,71.37626122062389,114.87821945442714,2.7666233441210792,1718.4255616630767,17.416139238325588
2026-06-05 11:36:00,70.31451954971494,115.12841592034667,3.0995897098877876,1702.6991270006354,17.584767566236945
2026-06-05 11:37:00,69.6214011072011,116.71147954976855,2.643216530954546,1709.264749379465,18.19774149499254
2026-06-05 11:38:00,68.96920257902056,113.45728067528262,3.05649899371961,1694.8563828224733,17.03467186297174
2026-06-05 11:39:00,70.91849447504751,117.84896308560063,3.095757468269575,1680.1665727036245,17.8408626420073
2026-06-05 11:40:00,70.42605054003533,115.47798094758534,2.9153141656538164,1715.6027393813722,17.38184656582032
2026-06-05 11:41:00,71.02764575231589,116.11143510010788,2.8425838537756882,1709.2344482944682,18.4895875734299
2026-06-05 11:42:00,68.7740257815523,115.18821764787299,2.9410954835630303,1704.474579262795,17.553038401437018
2026-06-05 11:43:00,71.22801848075993,113.26668090043138,3.118478869415592,1711.7398625044218,17.161805316221614
2026-06-05 11:44:00,69.407914362274,113.86012994387114,3.060389742632141,1692.6419785525443,17.47124621100355
2026-06-05 11:45:00,69.49179960797274,114.09824984471008,2.815095427018195,1718.7640772079471,16.78012338430858
2026-06-05 11:46:00,70.31614067175124,116.48585540459196,3.035411605620134,1704.0338619769566,17.39340322769628
2026-06-05 11:47:00,71.6324685170874,113.4676933107325,3.0478854298071125,1709.844044884764,17.810740246712985
2026-06-05 11:48:00,71.85032800871403,114.8296834225359,3.0900400676902113,1707.3390315021336,18.472779186949396
2026-06-05 11:49:00,72.57467446202284,115.70696946009949,2.8859545325797753,1722.5419834642132,18.186848614006863
2026-06-05 11:50:00,71.00614217630665,115.84620186546789,3.041940351411094,1705.2768810203859,17.597436484942392
2026-06-05 11:51:00,71.40760648590009,115.66490592622284,3.1465711433854615,1700.5050932635752,17.794842674445142
2026-06-05 11:52:00,70.03589327800398,113.9206597851027,3.0873086526476703,1719.4632343365442,17.87413550453766
2026-06-05 11:53:00,69.76580433704186,112.82711131649519,3.0447020504844358,1670.7529571144942,18.27224120727301
2026-06-05 11:54:00,70.01005337981883,115.16444082615747,3.214240335442375,1689.3673328632985,17.01719451474808
2026-06-05 11:55:00,70.265877148522,116.49070332467505,3.009898975677643,1687.7563765848001,17.98923373648217
2026-06-05 11:56:00,70.44852163095725,114.59750156575397,2.874504539638476,1705.7663772547974,17.069116230321317
2026-06-05 11:57:00,68.51359735355847,113.01434882851348,2.8333868971735203,1696.5766685252252,17.665961126951228
2026-06-05 11:58:00,69.5725653360861,114.33393687860793,3.016390294245742,1697.820277113401,17.17663464444548
2026-06-05 11:59:00,70.77465166926227,115.40513614205146,2.7798525646843335,1688.386781968732,17.192638025919436
2026-06-05 12:00:00,70.94747306689445,114.6556002458224,2.949044038020834,1698.7778262255104,17.353826186486266
2026-06-05 12:01:00,69.11558572980914,116.48357032643422,3.055955244852245,1702.1163685647873,17.08707151081331
2026-06-05 12:02:00,69.17390492539208,115.99442091572317,3.167968820577745,1695.7828976779192,17.612650043826182
2026-06-05 12:03:00,70.27176047954411,115.71873943452525,2.8015668549152544,1723.2469870441225,18.239383534411132
2026-06-05 12:04:00,71.00869044216662,112.82727749523602,3.0263593078314,1711.479752261432,16.741607837499046
2026-06-05 12:05:00,68.85479486110741,113.96847108476936,2.9763770789457795,1697.6079817556038,17.329752763062935
2026-06-05 12:06:00,70.5345432068766,114.28260344941481,3.0016412045643523,1664.01276567202,17.035490499411626
2026-06-05 12:07:00,70.32794873347599,114.049759051512,3.017614707803898,1696.0013482699069,17.834882087960438
2026-06-05 12:08:00,68.99845477415579,114.9462496510621,2.9764008920885705,1705.6816359079576,17.92679315247851
2026-06-05 12:09:00,70.6718298731575,114.96410170828052,3.189522756649026,1691.9478808043693,17.28532867640077
2026-06-05 12:10:00,69.30564912361903,113.22883828326376,3.202448049134318,1707.7185313710531,17.337542404574112
2026-06-05 12:11:00,70.93182106773273,115.76761516843632,3.3082998778830923,1693.9926509158645,16.75496714768952
2026-06-05 12:12:00,69.44128299044905,114.61243559711792,2.971286646720405,1698.0618937127704,18.07605959397132
2026-06-05 12:13:00,68.14526434554124,115.33118841164443,2.931864495439103,1719.7087097971294,17.978581470682627
2026-06-05 12:14:00,71.1611639419302,115.83762171847869,2.8510910398806537,1711.052241962621,16.680511770292213
2026-06-05 12:15:00,69.39793808116926,113.38972037568844,2.8760898688953676,1671.3674088814619,17.417231681252712
2026-06-05 12:16:00,69.42371341734689,116.39382820921765,3.0993950953824876,1673.5715284135026,16.996716635988072
2026-06-05 12:17:00,69.52668603782965,114.97907897650678,3.1402275129365127,1708.6281189253027,17.371204968878
2026-06-05 12:18:00,68.78010694905886,116.83273684394511,3.102505889832864,1717.753535011491,17.009449778331962
2026-06-05 12:19:00,73.0218093760287,114.47200730095277,2.9366449292208068,1682.3532792880376,16.97204470330927
2026-06-05 12:20:00,69.75049296181486,116.97049515888924,2.9174453792531754,1700.1142099907665,17.60406517934779
2026-06-05 12:21:00,69.58398470925957,114.21264695018908,3.313298125245257,1739.5639797403692,18.406878880455228
2026-06-05 12:22:00,71.60684960346806,118.75479469592067,2.9216181957999523,1705.2538547242375,17.47771435149462
2026-06-05 12:23:00,68.84401479881964,113.93496427005334,3.2176230190680095,1738.9167260070215,17.895109522989554
2026-06-05 12:24:00,68.99901801620102,116.1600324320248,3.0534949650656777,1686.2077006317622,17.865381549288216
2026-06-05 12:25:00,71.05361890683128,114.69394870732044,2.898698277517859,1692.0140852812742,17.85311085062857
2026-06-05 12:26:00,69.6962169745148,115.5204511097295,2.799822115943935,1684.9547081649516,18.129795066067327
2026-06-05 12:27:00,69.40290363153196,114.80736971911092,2.8870620743427504,1678.8921846058097,17.810082741747937
2026-06-05 12:28:00,69.26040072228268,113.31340124153353,3.037503254903141,1669.6020765899693,18.03330081410003
2026-06-05 12:29:00,69.50621740297024,111.57390072479022,2.8588955951315556,1695.7493246782738,17.00622186609833
2026-06-05 12:30:00,69.16767772303272,117.61773794069545,3.207070753274603,1696.954813374023,17.602462183777313
2026-06-05 12:31:00,68.57384100321408,114.67927412536892,2.941597266685277,1683.8035729254732,17.90018225150028
2026-06-05 12:32:00,69.36637321736116,111.38304624297187,3.099419124527645,1691.7271438044554,17.148840172669892
2026-06-05 12:33:00,68.99835275952177,115.10657796253695,3.075853172730989,1718.2704306561304,15.977259103540884
2026-06-05 12:34:00,67.81937040369652,115.02753353042635,3.189953753267493,1703.909880788202,16.593080339791463
2026-06-05 12:35:00,69.50542448577617,113.4770509041047,2.889980970632633,1687.2551610170726,16.877666245231232
2026-06-05 12:36:00,69.45843062361287,113.5711429095169,2.9773235637585613,1698.7303761787996,17.43505688972953
2026-06-05 12:37:00,68.24209854480738,114.47018436331209,2.7560571312887383,1668.7069067729572,17.020423355423006
2026-06-05 12:38:00,68.7979961460711,116.3198686669672,3.0072559387619804,1702.4011446948105,17.439625899900467
2026-06-05 12:39:00,69.49749348219142,114.93160954213559,3.15844556101842,1696.5526255082546,17.164095441467193
2026-06-05 12:40:00,71.84245316865037,116.81498191022034,3.0368615234693253,1695.17566807784,17.478138935192202
2026-06-05 12:41:00,69.09568629438631,116.31638823570806,3.344162112852634,1699.9444863806018,17.452972760726876
2026-06-05 12:42:00,69.96745568546991,114.77367586950037,3.0811709938800806,1698.7102747287272,17.271157887722456
2026-06-05 12:43:00,69.87644193782342,113.01810429239283,2.9124536597256108,1678.9985141983198,17.779868073775884
2026-06-05 12:44:00,69.46646686008914,114.504685293107,3.0534773988451014,1722.2191340897582,17.94047119838615
2026-06-05 12:45:00,69.7077721799486,115.66894892013613,2.7829687822447813,1714.757863480633,17.0590366798587
2026-06-05 12:46:00,70.87760784955132,115.0486441075516,2.8786043212895267,1693.873356335056,17.57531236798986
2026-06-05 12:47:00,69.97829886546663,115.5686757815855,2.8046063514441837,1671.0230325524321,16.83187117083359
2026-06-05 12:48:00,70.81555230905887,116.10555799641106,3.007046901709071,1664.0818601465196,16.833637034640304
2026-06-05 12:49:00,68.42749799776169,114.61502728311338,2.9227879911818353,1716.4438510954299,17.403615282601923
2026-06-05 12:50:00,69.89156191114621,114.25780736198793,3.1533132226638294,1691.9044358708343,18.09706307934637
2026-06-05 12:51:00,70.4219580819237,115.20107687776265,2.9569541739520417,1705.80762529557,17.157262339495254
2026-06-05 12:52:00,71.08159173688802,117.6909593595634,2.85018058410377,1685.880775975987,18.23750806377922
2026-06-05 12:53:00,72.11507899307995,113.33976243989639,3.2424055181999734,1697.0910008315045,17.304528847171376
2026-06-05 12:54:00,69.40342931143188,114.79952310342281,2.505955756454144,1685.685382982678,17.013595461029823
2026-06-05 12:55:00,69.59808520628904,117.2652252558224,3.0102245880872975,1704.512871471077,18.200504868516234
2026-06-05 12:56:00,69.24921683502991,112.8761756054913,2.9850200304439887,1691.823808318611,16.777776205295517
2026-06-05 12:57:00,69.1451591167642,115.48972559700336,2.9510172350605184,1676.6780845459675,17.510874388409878
2026-06-05 12:58:00,70.644524490626,115.91580497670007,3.0452900676065355,1680.0649539672327,17.137761131107222
2026-06-05 12:59:00,68.27154345876284,112.7504197501613,2.9847792084189,1692.4119346916793,16.973035392276657
2026-06-05 13:00:00,68.73485336197665,114.99908030573299,3.0178987453895596,1662.2752620094147,16.86860132998963
2026-06-05 13:01:00,69.05597686490805,114.47483748896745,2.8963615436581036,1684.9927485561448,16.532888519010285
2026-06-05 13:02:00,70.0159624098813,114.73042820748879,2.7680063502281094,1695.060769360408,17.90591745372539
2026-06-05 13:03:00,69.6463062764232,114.51910613378784,2.9869837941613615,1704.7498507862622,17.545045981081966
2026-06-05 13:04:00,69.296589778035,116.03173427706271,2.809788456421428,1715.3049598058913,17.169053943615022
2026-06-05 13:05:00,68.00849278005842,114.43383643998247,2.8619467180393148,1687.0981183878987,17.00701355381947
2026-06-05 13:06:00,69.76427885219137,114.00887259189255,3.145212108384579,1694.7397018515642,17.407134838676843
2026-06-05 13:07:00,70.31305607262767,114.53845361422874,3.2386399513431745,1672.9776009145014,17.890432477330897
2026-06-05 13:08:00,67.54409232166938,113.30198106105902,3.085483849959621,1687.8377914800583,16.745766542876293
2026-06-05 13:09:00,70.09639130555769,112.97266170892327,3.094814191128609,1676.6010281375636,17.519488076768887
2026-06-05 13:10:00,68.79522038854799,113.98404268449775,2.979032909284584,1689.384524556425,17.385341616086258
2026-06-05 13:11:00,68.70787730178425,114.35823603062744,3.100118761480003,1696.6986563455723,17.071164213549512
2026-06-05 13:12:00,68.99817336174388,114.94423610523526,3.0172747361028267,1700.5516314488364,17.59443429625128
2026-06-05 13:13:00,69.14329458691941,115.93727849877477,3.258285675842908,1671.4262062663688,17.04304973735929
2026-06-05 13:14:00,70.43091748922348,114.61591186220474,2.817400636993854,1703.052414386932,16.662755716646377
2026-06-05 13:15:00,69.12540863368312,113.96781780435981,3.070036687370822,1693.245972112005,17.247355009630308
2026-06-05 13:16:00,68.94636126369261,113.48684455906366,2.790362276712049,1715.008914963571,17.364157775183116
2026-06-05 13:17:00,70.36589043355082,114.78796835556444,3.0640579205930174,1714.3855788549101,17.128363148231116
2026-06-05 13:18:00,68.48051156956629,114.22248635404932,2.6996895419276874,1715.6030460742584,17.65762356705131
2026-06-05 13:19:00,67.60264837823044,114.34221475518184,2.7808616043903616,1671.212313397313,17.42189469659988
2026-06-05 13:20:00,68.37680279689256,114.79977430159553,2.773255686225538,1699.164129476667,17.1963439543707
2026-06-05 13:21:00,66.92018709433258,114.58199544227712,2.9684017031442327,1662.4553782418964,16.977160512599042
2026-06-05 13:22:00,67.7863378339468,114.93683737246295,3.02738911381872,1714.3638258648953,17.33882935936742
2026-06-05 13:23:00,68.37611414484428,114.12864135027576,3.323122720821474,1712.7667385924553,17.377052612926605
2026-06-05 13:24:00,69.62564442403199,113.87925043327324,2.975700329373058,1712.549548232227,17.441468046364648
2026-06-05 13:25:00,70.21174030263751,113.89831726261595,3.0914582215057966,1688.746465425372,17.25504450898759
2026-06-05 13:26:00,70.10605745200854,115.81917987132996,3.010881714436965,1705.513945680186,16.866952470937537
2026-06-05 13:27:00,68.74879285774449,113.63255921954472,3.0460588893695655,1680.2611560406854,16.78651301900752
2026-06-05 13:28:00,67.93878023088163,112.71142276659495,2.9766611302007306,1691.2288701877067,17.274137703687224
2026-06-05 13:29:00,68.82652566503954,115.45077914554881,3.102228499351885,1686.0740654403705,17.10484648737958
2026-06-05 13:30:00,69.54182124666613,113.08356329809658,2.789726805246522,1659.550425300389,16.513076228682188
2026-06-05 13:31:00,69.90678708303162,114.83786170946577,2.6192500214713323,1685.131617169845,17.173015712968137
2026-06-05 13:32:00,70.058314990324,115.44954618289418,3.053287167021373,1732.1982314877712,17.0581740192231
2026-06-05 13:33:00,67.11513461420452,114.0673062776276,2.6668013481765853,1686.2122150474388,17.577575623679476
2026-06-05 13:34:00,69.37233483831815,111.29062762126311,3.1477202892109224,1692.5953196673725,17.23264982003625
2026-06-05 13:35:00,70.17070696621856,114.84160685953279,2.875983559909139,1691.5102236281134,17.35864978329565
2026-06-05 13:36:00,69.38951537509593,116.15733262807971,2.8153029281151674,1688.049829841411,17.256100132650385
2026-06-05 13:37:00,67.2364714613437,114.79981731561867,3.3288099212618874,1685.2879898946946,16.677458560256984
2026-06-05 13:38:00,67.66452433832394,111.34826733316255,2.9237031719111255,1679.1889902810979,16.770354094805462
2026-06-05 13:39:00,68.70145990170109,117.07159142445882,2.9364106700808223,1659.3410641162848,17.45653855171379
2026-06-05 13:40:00,67.27436235089891,112.1903391743924,3.0309537115940763,1695.5448935180768,16.7866416127249
2026-06-05 13:41:00,68.97060178756755,112.9320043167327,3.070726796291208,1713.8744801056691,17.31428824605434
2026-06-05 13:42:00,69.0292930840467,115.34111400959996,3.131059729299187,1674.5754744834433,17.258619720610394
2026-06-05 13:43:00,69.74921309452371,115.01644164594408,2.76492276865182,1686.7810230420514,17.354734205201616
2026-06-05 13:44:00,68.89657773812905,114.39632997744101,3.0337445406707255,1713.1650183715399,17.28858680190447
2026-06-05 13:45:00,67.76240951873194,113.54355245832151,2.904478089936022,1678.120152779684,16.90295783989269
2026-06-05 13:46:00,68.76759545742094,116.18110261212601,2.8341173642501647,1700.2700835478122,17.16766910818423
2026-06-05 13:47:00,68.37055537447687,114.36322309613561,2.96791120162389,1757.0426659938664,17.568745760223063
2026-06-05 13:48:00,68.1006424663157,112.24592885225577,2.6699742870182437,1697.8161711765545,17.792998910856227
2026-06-05 13:49:00,70.08478294579014,115.80326593630339,3.0934067144763344,1692.025793137564,17.529449894171197
2026-06-05 13:50:00,70.40857524720671,114.68546977850492,2.917887129848836,1705.5233604229088,16.095591743938563
2026-06-05 13:51:00,70.30337974425277,116.15505744069331,2.9161781493960626,1709.2118616328605,17.1053255628492
2026-06-05 13:52:00,69.15839055008416,115.21874810445563,2.9481275174332304,1683.8219197456337,17.311731596599785
2026-06-05 13:53:00,68.2194533364143,117.52433485145573,2.9518316567090412,1669.3451872521662,16.887906878286692
2026-06-05 13:54:00,68.37816592602546,113.72911531457002,3.1111742507435403,1696.9230976592096,16.59250488645077
2026-06-05 13:55:00,67.61051811233918,114.14057386432988,2.7770604815633693,1699.4413540609976,16.893144260887485
2026-06-05 13:56:00,69.70876066082593,115.06596834453835,2.889480509441451,1684.899642636543,17.239214871380096
2026-06-05 13:57:00,67.16310813569385,113.85944560079507,2.9157829224193907,1714.331223831948,17.359012804611634
2026-06-05 13:58:00,68.22550181167195,114.92212242310028,2.7708232912763586,1707.790468038311,16.832539896699966
2026-06-05 13:59:00,68.57151916278818,111.09855965326902,2.9995940391589064,1706.757172393853,17.14007767243658
2026-06-05 14:00:00,69.02239883426849,114.42766558433682,2.8590860385867853,1689.3540848705015,16.920030032355637
2026-06-05 14:01:00,68.83812590433138,114.02904471364151,2.732866744416804,1657.337916112821,17.279156580929957
2026-06-05 14:02:00,69.67998625155188,114.26414739407734,3.0410144876692473,1689.8007545186808,17.39155874431404
2026-06-05 14:03:00,68.55130807882588,113.24761778157544,3.1854199366020017,1663.122864129976,17.512783265437495
2026-06-05 14:04:00,69.49575580397388,115.53073868816989,2.970155865728739,1657.2221686231528,17.273596666243478
2026-06-05 14:05:00,67.10711987251338,113.2132141871752,2.9057437066499467,1693.954684973391,16.384792068544456
2026-06-05 14:06:00,68.54153836975227,114.41288311105323,2.9261655879586406,1706.5519932264287,16.946721346457753
2026-06-05 14:07:00,69.18830104385121,114.14867118849324,2.8688252056679873,1659.9846219909134,17.43940161182063
2026-06-05 14:08:00,69.05010704957937,114.99265078295825,3.1349955287617943,1688.047999596682,16.5019149768564
2026-06-05 14:09:00,67.59861893444524,115.72819990445662,2.948177260137112,1686.5515659414623,16.971592168009163
2026-06-05 14:10:00,66.66490884645934,113.67819599651109,2.569475316335845,1674.8682153627667,16.836095855264006
2026-06-05 14:11:00,68.54058160532463,114.87370480930093,3.1041116517025333,1664.1760176718037,17.733489157469805
2026-06-05 14:12:00,67.45597840998586,114.3385712579717,3.0873903741896562,1708.8285817027006,16.841917715188973
2026-06-05 14:13:00,67.63799873953629,113.58951559065935,3.0366885101548915,1669.0263257775796,17.049691939130074
2026-06-05 14:14:00,69.8357089254882,114.50734991494748,2.5651702274097437,1666.4582839443774,18.013650190270276
2026-06-05 14:15:00,68.33162228970262,114.00121772496065,2.955655657108121,1670.6028662941292,16.935405214104637
2026-06-05 14:16:00,67.2088929000469,114.86746428686676,3.079725512568126,1696.3623970543536,17.522717152910225
2026-06-05 14:17:00,69.37280538447945,114.27405767614599,2.9999965904370898,1684.6062792875462,17.230101875834613
2026-06-05 14:18:00,68.08361108822339,113.52852816018925,2.996215746587231,1681.5349063971353,17.15241794411069
2026-06-05 14:19:00,67.77639943026092,113.70161700352249,3.065525017305528,1694.1543613810372,17.16463270711326
2026-06-05 14:20:00,67.69948390335283,112.26645017025994,2.9607329247891703,1692.9567567299257,16.98977035252258
2026-06-05 14:21:00,67.37686276937315,113.58598095252215,3.1010439763087296,1649.490240337802,17.806878047987222
2026-06-05 14:22:00,68.40153919596328,114.55618442252728,2.994571342645128,1701.8250770992686,16.451086041945917
2026-06-05 14:23:00,69.05417375544343,116.41151302310746,2.961752623628904,1707.6034972671873,17.0077009654287
2026-06-05 14:24:00,67.90078908496575,115.52420760577347,3.060933062137976,1683.566475198744,16.851770070534652
2026-06-05 14:25:00,68.94432092488698,112.83780950718348,2.8787918952627414,1684.1922648928323,16.98575243161933
2026-06-05 14:26:00,68.03398752843637,114.50278435203302,2.7861244137717778,1718.550269155708,17.56250037719664
2026-06-05 14:27:00,69.76101226661402,114.29046980227383,2.9357233663643614,1676.383349376772,16.83483397850045
2026-06-05 14:28:00,66.35015352911316,113.66041145544041,3.017685263934222,1683.3409077735444,17.16528419250224
2026-06-05 14:29:00,66.52344589794289,113.6957506822829,3.065189507408232,1690.2417248703102,17.040475067922372
2026-06-05 14:30:00,69.77956073069164,113.76380673430862,3.08553802333406,1689.9072238626748,17.429663792992272
2026-06-05 14:31:00,68.32774892632736,116.2215079804451,2.921319960243205,1682.239172686185,16.93225588121657
2026-06-05 14:32:00,68.15386979961023,113.44095936246195,2.9036531894558233,1687.21010212099,17.09907317473527
2026-06-05 14:33:00,67.68610134489168,114.07966512183775,2.8225519782937125,1705.8080654061903,16.785894382858437
2026-06-05 14:34:00,68.6360062521238,111.05468405752673,2.9767827559638382,1699.975134256433,16.650338684727185
2026-06-05 14:35:00,68.25330969651985,114.99502982016617,2.687614583067782,1685.635869726438,17.642988482592198
2026-06-05 14:36:00,67.14632622436524,115.38063067753559,2.934048879392038,1673.1678967077294,16.67488888574025
2026-06-05 14:37:00,68.87569914486392,112.8481371754821,3.368156983434197,1677.175912446472,16.863891499850677
2026-06-05 14:38:00,69.06910926603884,113.65601924829802,2.7257727113686285,1704.5237009031111,16.792412776135627
2026-06-05 14:39:00,69.6453671946144,114.79311536276292,2.973612750384396,1666.1176483059999,17.286464147802768
2026-06-05 14:40:00,69.81466713300118,114.22498996903506,3.0034511776186856,1725.4030080197156,16.90955430783309
2026-06-05 14:41:00,68.18160675760429,114.51825645556791,3.0065439528881006,1685.6380690313908,17.58540332991711
2026-06-05 14:42:00,66.72941763933896,113.51103914923263,2.778718773887269,1664.064823809879,17.141444467096644
2026-06-05 14:43:00,68.83338970278008,115.94360414337102,2.9911837185876697,1685.498780764157,16.74310453031314
2026-06-05 14:44:00,66.86140906062327,113.034276345746,2.8423549832072452,1672.495603445044,16.555082039259286
2026-06-05 14:45:00,68.30412396671964,117.24676596154873,2.720320901269036,1680.6068796519842,16.964155452592436
2026-06-05 14:46:00,67.33498104122462,115.26049279199961,3.0608058689948545,1660.9408776422194,17.093104234457755
2026-06-05 14:47:00,67.71548900532012,115.02853298759517,3.0350251975894933,1683.4875532412657,16.996643437365666
2026-06-05 14:48:00,68.02477427140151,112.45809392585939,2.768793437412066,1650.9159943055026,16.79719168332768
2026-06-05 14:49:00,67.18187212370616,114.58477108257986,2.8179738599051602,1670.910704920995,16.338388203701953
2026-06-05 14:50:00,68.8754662426864,114.95716264165269,2.8618272389495165,1677.3562173365767,18.01347712382845
2026-06-05 14:51:00,67.02639997405097,111.29594201988333,2.676093937693549,1676.991551260074,16.839292758758937
2026-06-05 14:52:00,67.31252475557844,112.04037199527362,3.0294239515762653,1671.548908170399,16.313139207684124
2026-06-05 14:53:00,66.6725147603699,114.07322488381983,3.0295925193831956,1682.4304136348478,16.39201697361819
2026-06-05 14:54:00,68.02950058737501,113.93441926287952,2.8897338271796844,1701.245131209882,16.909548385927746
2026-06-05 14:55:00,68.65539567964005,113.755428878306,2.9541280144115536,1697.0785517360598,17.96551170553607
2026-06-05 14:56:00,69.14962391058316,115.13182931935621,2.939677381417451,1703.983466947924,16.850384127538593
2026-06-05 14:57:00,67.56977978410242,112.82811015173552,2.9625684653136966,1677.704002446599,16.79440194881047
2026-06-05 14:58:00,66.83977265140938,113.72383652389767,2.7492123304522598,1695.139064905049,17.472939737551012
2026-06-05 14:59:00,67.91776163387374,112.62440845638821,2.966656303350747,1684.139641534121,17.06749601971211
2026-06-05 15:00:00,69.41820834140879,115.14160353054966,2.792300605582339,1711.0001146692227,17.52833528510679
2026-06-05 15:01:00,69.23109570688325,112.60460218747778,3.080069750501383,1684.6160165028982,17.413926388808076
2026-06-05 15:02:00,65.88667384139653,112.5210168452222,2.714816178950908,1686.7421252373597,16.117377009995497
2026-06-05 15:03:00,67.03505170753047,111.82897785139278,2.7314034287794042,1672.4242982360172,16.647741351930186
2026-06-05 15:04:00,68.9610508575315,113.32985561964088,2.9094812953590767,1674.1886118371651,16.216281951077075
2026-06-05 15:05:00,67.71552096220591,114.70468133734796,2.91489238474335,1679.1137906941708,16.828926128144555
2026-06-05 15:06:00,66.1826449304084,114.67549871689332,2.934656857904438,1690.6165745165797,16.723347464681584
2026-06-05 15:07:00,68.56413457606861,113.27785327539924,2.809487725106575,1672.3745023841934,16.864106891166625
2026-06-05 15:08:00,68.70333431258958,114.50918481897996,2.9550358895829167,1670.70783849316,17.046304434269285
2026-06-05 15:09:00,67.37563587785577,113.40304796489255,2.9528983568159957,1671.9939678756296,16.54974599342441
2026-06-05 15:10:00,66.9635821150363,115.47573041409036,3.0976855589117274,1685.2923611437698,16.78502816757655
2026-06-05 15:11:00,67.29535673089723,113.88815264608974,2.9640287802661023,1673.2110485470678,16.827521132369398
2026-06-05 15:12:00,66.32647758473327,109.96250952871446,2.812102267723512,1684.361793813719,16.752343256432233
2026-06-05 15:13:00,67.99141405907048,114.46066104116963,2.690410257832294,1673.126435816315,16.83937684056093
2026-06-05 15:14:00,68.89144727394473,113.92347021998019,2.735420147361622,1702.8604425159813,16.69938137147314
2026-06-05 15:15:00,66.01604503799511,113.35047234228969,2.9604142052984543,1683.3376210542617,17.021042331127994
2026-06-05 15:16:00,67.96076660785555,114.22983790027858,3.040761812817186,1710.6384138713768,17.01906587669286
2026-06-05 15:17:00,67.60145723181134,112.03466440598656,2.7827545267631595,1685.0747137931003,17.039607454608507
2026-06-05 15:18:00,67.68851835214252,114.11340165267896,2.973210697231861,1668.7083896425975,17.065201214455183
2026-06-05 15:19:00,67.95765113963598,115.02838466611614,2.9329997494037845,1688.6350001423295,17.338119721186594
2026-06-05 15:20:00,67.19871105586235,114.461790515196,3.042734362857005,1687.3159479153333,16.84619031038816
2026-06-05 15:21:00,67.6517624676287,112.67251020638771,3.022660050606887,1664.9195918131072,16.87296110206571
2026-06-05 15:22:00,67.0526624782758,114.61764445304135,2.5552231766260256,1701.7874958311354,17.17148982933547
2026-06-05 15:23:00,67.82035813428672,112.52172646218351,3.0694016448097234,1678.2672211526967,16.661208465896078
2026-06-05 15:24:00,67.70342924357323,113.00318513910057,2.954750284331921,1673.7141185655182,16.693267677584153
2026-06-05 15:25:00,66.88932675292286,113.15038617186411,2.8078691292036955,1680.2376220258673,16.908995987030032
2026-06-05 15:26:00,67.76906435080483,114.42645207189993,2.8626065771114813,1674.0320900962336,16.814341883701026
2026-06-05 15:27:00,66.82759338904427,113.10667645428724,2.904504006380619,1694.4435813224022,16.460368954749764
2026-06-05 15:28:00,69.46387812079531,115.74027861702956,2.8755026374969592,1701.6932780137834,17.30185594887082
2026-06-05 15:29:00,69.8519829713472,114.71449887486735,2.8167931493620166,1693.4281068038838,17.007890697606346
2026-06-05 15:30:00,66.4933142693392,113.82628348621334,2.80952994735378,1692.0132136302088,17.356445544272
2026-06-05 15:31:00,67.70877051016082,114.24985217927133,2.773154960006949,1678.340791122255,16.782359797439227
2026-06-05 15:32:00,67.53635342380254,114.31194968545785,3.097482771537569,1656.5587068492225,16.38858507107535
2026-06-05 15:33:00,69.47610814358686,114.27415205067636,2.9407338675510433,1681.585513491875,16.990696790004193
2026-06-05 15:34:00,68.71508162915234,111.47333678226497,3.2475769292620917,1674.407367436712,16.996550617146795
2026-06-05 15:35:00,66.29171874228734,114.77157313395692,2.9532722886952367,1648.9741291696166,16.860208088566196
2026-06-05 15:36:00,68.41938491848802,113.84328426165301,3.0016478389136374,1666.7945315604384,17.06540210091762
2026-06-05 15:37:00,67.33273829074736,114.46473799319698,2.7502868515917474,1663.4499042499147,16.600194890467908
2026-06-05 15:38:00,68.19809111422938,113.1941466703246,2.8793539196639553,1666.6101225481455,17.294836817007234
2026-06-05 15:39:00,68.75050622086181,111.8678817827981,2.9482331386277876,1707.4655323755185,16.36783154908602
2026-06-05 15:40:00,66.06018807749976,110.80098811192659,2.806791347851066,1688.1548118143876,16.455497229532316
2026-06-05 15:41:00,69.01605215133957,113.15479514578959,2.882815612219339,1704.981740824928,17.15936527951467
2026-06-05 15:42:00,67.53714292737418,113.98704591144843,2.954108363338169,1685.8610629429297,16.40429914548097
2026-06-05 15:43:00,68.47336471250333,115.80221360421993,3.015613600289687,1706.1750859596586,16.998492265813997
2026-06-05 15:44:00,66.70592776734556,113.81385592492653,2.696224238973529,1679.7571309252746,16.333081307433602
2026-06-05 15:45:00,66.24765209415192,112.48981872053619,2.9593939093354997,1706.1016320313965,16.792983096002082
2026-06-05 15:46:00,67.75111887895243,112.66116346048346,2.989759772890566,1662.8906221255345,16.986287117963133
2026-06-05 15:47:00,67.45190302378515,115.27539188314842,2.8209552849631985,1680.8832773158347,16.607006018141632
2026-06-05 15:48:00,67.22705550620898,112.40946427433866,2.8283730178263373,1671.058724024062,16.6396136878301
2026-06-05 15:49:00,68.116107041943,116.71051697753929,3.0121130056577825,1707.8040503623959,16.90982744210765
2026-06-05 15:50:00,68.30774308483694,116.34331527375691,2.5535082462999474,1694.1911691414448,17.487582143167135
2026-06-05 15:51:00,66.77299410424084,116.17161785158535,2.9076427617588294,1699.2664451397109,17.243205064207284
2026-06-05 15:52:00,67.56855054698138,114.24004620746807,3.164044480524294,1662.72405164854,16.700358229152464
2026-06-05 15:53:00,65.57975048304954,113.08001851928796,2.5098693229477447,1670.8280697606563,16.948238933634354
2026-06-05 15:54:00,67.92668667687448,113.8511901790783,3.018336207313921,1652.2217486464701,16.70445352009737
2026-06-05 15:55:00,66.76021127251698,114.4640438635343,2.973246161983375,1683.7357151625818,17.200490387210408
2026-06-05 15:56:00,66.28647130851093,112.8020459699032,2.6898166794088563,1674.6843236646455,16.86811504390491
2026-06-05 15:57:00,65.60377706539447,112.46432818666092,2.9971248001136286,1695.1440972302244,16.81226436266369
2026-06-05 15:58:00,67.09133137565122,112.79328791857546,3.0258137651754566,1675.5949766223666,17.20695681924955
2026-06-05 15:59:00,67.82715450501726,112.76357129838034,2.736196795548706,1650.585094365148,16.475649854649163
2026-06-05 16:00:00,68.48008743415164,115.64483320606863,2.8376343113075375,1663.8379198889495,17.205566401594574
2026-06-05 16:01:00,68.75946859898873,113.29455968251335,2.93953440652872,1688.3598769932248,17.563566542374936
2026-06-05 16:02:00,67.72654118330168,113.63368099304896,3.047911270850292,1687.2379796376115,17.02591970763027
2026-06-05 16:03:00,66.69993868925476,114.45184274133538,2.8036451808003213,1643.7183122285412,16.330960563814973
2026-06-05 16:04:00,67.44866768865447,115.36183030364536,2.91542102545947,1683.0947593152655,16.586341949100227
2026-06-05 16:05:00,65.64564950386077,113.23995252960216,2.766244692759554,1657.9347253808912,15.931445484494489
2026-06-05 16:06:00,68.36639475066787,114.47597604970775,2.9380050153329687,1670.211062249425,17.60057891650268
2026-06-05 16:07:00,68.34680041055738,112.39419890232277,3.064640909193447,1671.7026380228604,16.35413649388261
2026-06-05 16:08:00,68.36761487671689,115.4526366831935,2.964215772731067,1691.5190353027413,17.397844954252047
2026-06-05 16:09:00,67.49003972099838,114.67065678888922,2.8233430473536036,1664.794206504495,16.006609888979025
2026-06-05 16:10:00,68.18837721435196,111.70050393089207,2.9247483366710547,1656.1402130137612,17.995300175589236
2026-06-05 16:11:00,67.57719604826761,115.75185662136988,2.788994275293953,1683.5521152371896,16.277001968263157
2026-06-05 16:12:00,69.05243768241083,112.72338369403144,2.7551195263323436,1675.595213342248,16.799096212816043
2026-06-05 16:13:00,67.82129966361404,113.96313561108198,3.063817940754774,1662.586763796774,17.109613288636904
2026-06-05 16:14:00,69.01553305473153,113.92939689938954,3.168077963323141,1679.8668909910339,16.636932241076646
2026-06-05 16:15:00,67.07697327957456,113.78508108780133,2.655108766495499,1679.5492723395375,17.154274531947493
2026-06-05 16:16:00,70.12844054400708,113.93952569720878,3.0331425755892116,1689.824822605511,16.980940833382
2026-06-05 16:17:00,67.83696200445263,112.76029172144604,3.058931202048556,1682.2998879152883,17.130960556220483
2026-06-05 16:18:00,66.75391400577416,114.09654708756607,2.7161107951935506,1682.053851908609,17.166284710183323
2026-06-05 16:19:00,64.95691828273581,112.99890490422638,2.818713962115927,1677.1663397513282,16.499731217615903
2026-06-05 16:20:00,66.72101443841969,111.65868410379903,2.795442453867556,1688.695289821581,17.213759591852835
2026-06-05 16:21:00,67.29282191942633,112.83774691681538,3.223792183592579,1711.5011068172216,17.18084786141571
2026-06-05 16:22:00,67.12981467964124,111.85067029197216,3.1413079196841838,1678.4610625435896,17.48018925340341
2026-06-05 16:23:00,67.22359968406137,113.44691723496334,7.337642376620922,1678.3614817699836,16.70543442279473
2026-06-05 16:24:00,69.01256672182527,114.36932259591354,2.7002596783963755,1662.2767594789298,16.636771036273604
2026-06-05 16:25:00,67.89326646189942,112.87266198508036,3.0310134539848255,1692.7086068150209,16.77009530074141
2026-06-05 16:26:00,68.88859604990812,114.70287926273818,2.9837487543298833,1666.8939084466872,16.281113561657595
2026-06-05 16:27:00,66.82161089216065,113.67695768337649,3.10793336242405,1719.4800692957353,17.280360971977743
2026-06-05 16:28:00,68.46854637770699,113.26731558476065,2.748778913621036,1723.2156194691001,16.776964802750857
2026-06-05 16:29:00,65.5696991764811,113.52605307140897,3.008926790075922,1676.8836884160914,16.29451759362617
2026-06-05 16:30:00,67.8124246556345,115.49716805533511,2.8117682592860826,1659.3314084173132,16.582374125797113
2026-06-05 16:31:00,66.63169672646106,111.92289118087653,2.998041031964825,1690.7200618747806,16.436262961067808
2026-06-05 16:32:00,66.38108234085605,115.35736415023115,2.885747018917609,1709.7448264589302,17.054325684216707
2026-06-05 16:33:00,67.16027027233356,114.93892583403988,3.204208280667352,1664.1389799098458,17.076237353686675
2026-06-05 16:34:00,66.43858295439573,113.55919015729351,2.972787584414235,1709.6064895508391,16.739562700142475
2026-06-05 16:35:00,66.48957175388573,115.16829202132729,2.8694782662965035,1655.580440876592,16.72821119201158
2026-06-05 16:36:00,66.57300135995071,113.07650398025876,2.9182547712873452,1657.699936049678,16.636243511956398
2026-06-05 16:37:00,66.56194430596288,113.57737484445907,2.8672262844040675,1681.0952651161958,17.329725914677685
2026-06-05 16:38:00,69.16198329506419,113.4658164958316,2.7678688097251447,1703.4574816824716,16.9641964030244
2026-06-05 16:39:00,68.34967315598753,115.2164666160077,3.22584691777162,1686.4260277066953,17.371367369810095
2026-06-05 16:40:00,68.64442527543495,113.00688983091693,3.1635143955372373,1691.4825793805824,16.79607416094593
2026-06-05 16:41:00,65.76124404544065,113.41025142470107,2.8716806651608175,1696.1914288127111,17.408945545660128
2026-06-05 16:42:00,66.64550921825983,114.31090895340364,3.004711601219784,1698.2486843620627,16.260294458799766
2026-06-05 16:43:00,68.56593334166867,115.25639227296558,3.240952048124945,1677.313032199614,17.322094590565698
2026-06-05 16:44:00,67.22569885529468,112.49018707520814,3.08390598959643,1666.7224801924574,16.434029182518152
2026-06-05 16:45:00,66.09073589797896,114.2936038769976,2.8465471551614616,1694.3348131996945,17.580238416567397
2026-06-05 16:46:00,69.02562495349599,112.96080282253023,2.9294187450373403,1695.3356713413568,17.34853109712004
2026-06-05 16:47:00,66.69727746686407,110.9807510154823,2.646446366661447,1689.6463033629143,16.099056888181007
2026-06-05 16:48:00,67.58599479910787,113.20626644743449,3.056478631422494,1678.134815487573,16.679385064093562
2026-06-05 16:49:00,66.69333566305362,114.15348069861966,3.0632193669327625,1684.9293645024707,16.850005280994495
2026-06-05 16:50:00,67.45469556969341,113.71021978393959,3.102447927509374,1666.5811099621621,17.125556778038735
2026-06-05 16:51:00,67.95925985813551,113.54679729697177,3.05107569776792,1692.8925530899558,17.327647435460907
2026-06-05 16:52:00,66.70344135870853,113.64104207764231,2.957816531270963,1682.6694702822185,16.849867821228155
2026-06-05 16:53:00,66.11304578237952,113.51132121873255,2.749290936474743,1681.5727364964243,16.61465187667103
2026-06-05 16:54:00,66.10629104798929,113.95772308105538,2.9287194195246395,1687.8705616185741,17.04042131603286
2026-06-05 16:55:00,68.64926381789331,111.9505762254409,2.8308925768250446,1669.825320838975,16.59665140623121
2026-06-05 16:56:00,66.84977843299116,113.20424548309889,2.9672481828764354,1687.8481457505109,16.68490788161291
2026-06-05 16:57:00,67.82262441962693,113.67700730335235,2.7872783762383975,1680.6814252779077,16.515880531929753
2026-06-05 16:58:00,66.78126210263832,111.54575943962418,2.956769313427273,1663.9161045136575,16.31213407380335
2026-06-05 16:59:00,67.54997782299456,112.36498848880444,3.133127671606839,1667.1045539851557,16.826343741510797
2026-06-05 17:00:00,66.47584068774081,113.45992675100524,2.983077872196039,1713.6311589455386,16.654683223229814
2026-06-05 17:01:00,66.33842784196726,113.55018480678929,2.9519325221731894,1679.4909848154264,16.989863207238674
2026-06-05 17:02:00,65.8660790686355,113.21598908882339,3.0170562917748356,1670.6959380059616,16.01032614594511
2026-06-05 17:03:00,67.41498520419199,113.33930757260076,3.1993452480877647,1669.6038964358788,17.175869847499833
2026-06-05 17:04:00,67.6543697264315,112.71797538091131,2.8795591771948974,1695.4601706381231,16.463681862928077
2026-06-05 17:05:00,67.19932165954947,112.73721385725973,2.958914997509754,1691.3186068353123,16.617868104834884
2026-06-05 17:06:00,67.79512314354477,113.3710358292802,3.0942055345635717,1685.7816322201725,16.439667062386086
2026-06-05 17:07:00,66.08130620852849,114.83968678089317,2.9901360999759836,1677.0330570669776,16.47338219479613
2026-06-05 17:08:00,67.48206557697787,110.43757720233022,2.5731136388955607,1685.9629153100518,17.036276124398967
2026-06-05 17:09:00,67.97329430109207,114.09774281384257,2.7826665693087302,1665.64453840794,16.52671721709679
2026-06-05 17:10:00,67.33194621242774,113.62549661599724,3.029914889029526,1686.7159334471742,17.160840240264736
2026-06-05 17:11:00,67.22191089977902,114.052400028432,2.8347429877295,1678.1389205133296,16.997321613094197
2026-06-05 17:12:00,68.27155982637979,115.06213861824659,3.1253523090226167,1685.8655275488713,16.71070964555804
2026-06-05 17:13:00,66.58172308869709,112.40828010243357,3.166317361606977,1650.328342148416,16.154059797072826
2026-06-05 17:14:00,66.99021390418434,114.68282927645471,2.8147741359526233,1708.707507176699,16.421973681364292
2026-06-05 17:15:00,67.70831471514795,112.60024088882744,2.7854640878388883,1712.3458647103355,17.56406546103231
2026-06-05 17:16:00,64.95799598791045,113.57613248074114,2.840690207692788,1661.7230112450122,16.90852698905329
2026-06-05 17:17:00,67.33968376258605,113.35063311149445,2.8466059611996255,1690.5491347781278,16.87636879995376
2026-06-05 17:18:00,65.54302347886434,113.1109948320224,3.1007772078759923,1651.7681032812131,16.300918767021336
2026-06-05 17:19:00,67.09966268161779,112.79312964843622,2.776697889941578,1687.6575686741708,17.682714167850357
2026-06-05 17:20:00,67.09700608371192,113.90388652905847,3.0033396229111093,1645.4591116596098,16.342570129016462
2026-06-05 17:21:00,66.51260222011278,115.74037072500256,3.1306307581444006,1680.1085473479186,16.974296644888444
2026-06-05 17:22:00,67.61209893095746,112.31738926398683,3.021790898423524,1672.4651827291798,16.942531525239
2026-06-05 17:23:00,67.79283797154021,113.93055388566177,2.9790002413016854,1700.0575159294317,16.32920713119122
2026-06-05 17:24:00,67.11938786518338,114.74681896256541,2.8903197363277195,1707.9574414815615,16.556493638145206
2026-06-05 17:25:00,66.71280306261352,113.025636758646,3.169461536942212,1703.7878259748084,16.507844666404527
2026-06-05 17:26:00,66.73591939604798,115.47651964155366,2.886148193623341,1701.9611901615717,17.266788151141252
2026-06-05 17:27:00,67.17592580383743,112.7722014508701,3.028097811659049,1678.4072973461991,16.468778061615797
2026-06-05 17:28:00,67.64584771863282,113.60842451905735,2.8927215973673865,1689.13083886869,16.29951331965652
2026-06-05 17:29:00,67.00275909501107,112.20485452995783,2.6168538419176377,1684.3734199903508,16.085406701725628
2026-06-05 17:30:00,67.63691248879631,113.76960852101266,2.867400266211782,1663.8645583699579,16.50205032486637
2026-06-05 17:31:00,66.23285701843491,113.37702220937291,2.8681170705386094,1695.5008188256038,16.090653927001394
2026-06-05 17:32:00,65.83710050996325,114.28925505876384,2.8802356318935667,1690.6998448242482,17.070544178903504
2026-06-05 17:33:00,67.14183310805026,112.42454195555332,2.780152767968304,1686.8873945969751,16.9171307408419
2026-06-05 17:34:00,67.71879335467344,112.76551456243106,2.9994595069081638,1646.8967206624714,16.794776643793515
2026-06-05 17:35:00,66.61605664369205,114.07716238463438,3.012041545228417,1687.08685922859,16.655839933238106
2026-06-05 17:36:00,67.01963034075573,115.02279967881532,2.843871902954474,1693.0335658334025,16.96972415721821
2026-06-05 17:37:00,67.98845641638745,114.24585112986374,2.852270261102232,1679.6518689355275,17.02559130110408
2026-06-05 17:38:00,68.00517473306635,115.76400174363299,2.745537230293507,1673.1169725604473,16.378881670478624
2026-06-05 17:39:00,66.19112391617135,113.98775445812483,2.926246716357768,1657.1823058388645,16.321287418002925
2026-06-05 17:40:00,65.74315192393955,114.09023180716873,3.1044932679559043,1658.0488385383658,17.01615787323118
2026-06-05 17:41:00,65.35320021629236,114.01863762078878,3.087024980769804,1678.3614725733255,16.70996518570885
2026-06-05 17:42:00,68.16730701181314,115.9941488180236,2.8573505591461563,1685.9232809380576,17.347466044677162
2026-06-05 17:43:00,68.81357434745617,115.30694439975385,3.22013611974828,1680.5598458531917,16.553360621245474
2026-06-05 17:44:00,66.58840798288637,112.28372827656919,2.8513797669530634,1704.0749555172345,16.492127021297
2026-06-05 17:45:00,67.23262870436271,114.81554375851718,2.7712654114552198,1665.8925463518335,17.112978283302176
2026-06-05 17:46:00,65.32451524022947,113.22744986632027,2.65632452403144,1666.9347646191711,16.18172736816501
2026-06-05 17:47:00,65.04483250859661,112.50226655374706,2.6875670722099323,1695.2130852529515,15.75957831034762
2026-06-05 17:48:00,66.75555528341702,111.25475339279427,2.942213697757896,1673.7488616888108,16.42440959946632
2026-06-05 17:49:00,65.15227621474249,111.23996508487961,2.833924259764315,1675.5030914118947,16.462023704321357
2026-06-05 17:50:00,67.72837998564698,112.99308534615699,2.8005618864131585,1676.4462205788955,17.395762604921547
2026-06-05 17:51:00,67.00985001322705,111.80534362769569,2.777080970139914,1691.4248138755806,16.44604817960637
2026-06-05 17:52:00,69.53738387772735,113.36452992646885,2.755551588751792,1652.8682161738172,16.863844617506658
2026-06-05 17:53:00,65.37958403808473,114.01642992177672,2.7438010405368707,1672.4059515882595,17.396781338770936
2026-06-05 17:54:00,68.5126993742293,112.92325563023729,3.0603359320036168,1682.4220466349946,16.372838633676544
2026-06-05 17:55:00,68.1224240530408,113.6048289906273,3.170812068476035,1665.0892662176507,17.01653277582775
2026-06-05 17:56:00,66.87961529341416,112.32053890031047,3.1867394571559315,1686.5469595392306,16.517850097539704
2026-06-05 17:57:00,66.37234535601633,113.7027176653779,2.9926761674566826,1689.7183042628656,16.832775721643422
2026-06-05 17:58:00,67.09295706182084,114.52476012712586,2.8538251055122275,1692.3123652030604,17.891355694580422
2026-06-05 17:59:00,66.21006622858832,111.76144057597301,2.797758755917013,1706.275333715439,17.051100841563922
2026-06-05 18:00:00,68.06402457428239,113.12999111113355,3.0489046185478412,1680.5963327424556,17.076870871444665
2026-06-05 18:01:00,66.54235215302556,111.7422933619254,2.847239448515625,1684.3172813527185,16.250999533340263
2026-06-05 18:02:00,66.16392642122788,114.33396307357184,2.9766478363828917,1690.1127312710357,16.791284336808236
2026-06-05 18:03:00,68.79926018760236,113.67903583712865,3.188380895486561,1676.2287972641834,16.514970924028777
2026-06-05 18:04:00,66.59619797880032,113.34225157918269,2.9259846689343627,1695.693060674522,16.120730984796296
2026-06-05 18:05:00,67.43259294481454,113.53611371575083,3.2543478217583277,1686.8575711072474,15.99345788165794
2026-06-05 18:06:00,66.32053399082882,113.79816449129889,2.725019575420454,1660.7944917767757,16.373194503689
2026-06-05 18:07:00,65.19061239392201,113.11353180301141,2.9139206952285472,1680.6204012563444,16.338436299088894
2026-06-05 18:08:00,64.87780415604277,111.9873603299428,2.885864032918611,1660.2701003040365,16.738754004178404
2026-06-05 18:09:00,67.76342184678806,113.12016692907963,2.777913348883458,1680.2638446079106,16.646165870136258
2026-06-05 18:10:00,67.72933848163974,113.79971097094688,3.044948678834487,1681.2097079874761,17.01189847893357
2026-06-05 18:11:00,68.77975248713157,113.84024782654967,3.167483479454303,1698.6017662190898,16.353487725279532
2026-06-05 18:12:00,67.175370396446,115.96961589344266,3.230186954143563,1696.1420843818732,16.428237746100947
2026-06-05 18:13:00,66.79267052344882,112.65394844671931,2.936001615487348,1672.4693177784577,15.5783792263791
2026-06-05 18:14:00,66.74599664169945,113.72452102410915,2.6067788200026656,1675.1063628766233,17.582111020337006
2026-06-05 18:15:00,67.19827998358568,114.06575075569026,2.971991061382551,1649.3813418715442,16.832516359993498
2026-06-05 18:16:00,66.21004036850283,114.88217160606176,2.991396767712378,1665.373168197918,16.66733580117028
2026-06-05 18:17:00,68.79988366595599,113.02527562914757,2.89796857630808,1672.4478142010294,17.21343644322362
2026-06-05 18:18:00,68.6110476701996,115.78405225826344,2.977366215534579,1693.6875686210744,18.101180325245092
2026-06-05 18:19:00,67.1708120293345,113.4717612672874,2.8373951150824936,1680.3757856007617,16.650208320102333
2026-06-05 18:20:00,66.85456955006478,116.5040631044286,2.8801089140733116,1666.400107703244,16.358914657035026
2026-06-05 18:21:00,66.14821355719376,113.55292517816706,3.027143215469939,1677.194582993752,17.358973848163686
2026-06-05 18:22:00,67.96602688153372,112.496120916075,3.1397426191166486,1685.2629754962416,16.49306353023402
2026-06-05 18:23:00,67.01578965078154,113.29384885870688,2.711422946101752,1642.2995131937141,17.284470486200718
2026-06-05 18:24:00,66.39586235067974,115.0249910662183,2.818066164830263,1695.571712429391,16.68120608975036
2026-06-05 18:25:00,67.91845588275237,113.75111710456235,2.6719496741747237,1697.2069304354204,16.999972742287028
2026-06-05 18:26:00,67.33031830961527,113.26237826867182,3.164677222675288,1674.2169210438326,16.0922791615783
2026-06-05 18:27:00,68.5360052033289,114.41725646314538,3.0342475856903115,1686.0150940476115,17.814660619751237
2026-06-05 18:28:00,65.67397766605282,112.66444348848326,2.5717455378310774,1669.5001329595761,16.386328129436983
2026-06-05 18:29:00,68.209388444634,113.58523892131664,2.912861034448158,1660.4415268666075,16.63851813799318
2026-06-05 18:30:00,65.43570893817103,112.34789998368072,2.85624843221738,1712.2093164848964,16.960103040651273
2026-06-05 18:31:00,68.38591727623727,115.93592634926955,2.8106985858443654,1696.0643637699413,16.672685075451653
2026-06-05 18:32:00,65.74324839506457,111.98712350843813,3.05239206712447,1693.4991379225098,16.896912460457028
2026-06-05 18:33:00,66.16186113141276,113.67802299885149,3.050318893513414,1675.394006766137,16.23293885029219
2026-06-05 18:34:00,66.57134221615173,113.72864243416785,2.9172698065502236,1692.2600642996522,16.634633823395486
2026-06-05 18:35:00,66.99357042406976,113.72900348230165,2.8201111221856188,1662.7183684228307,16.631426209751112
2026-06-05 18:36:00,65.9047481977984,111.75108014831257,2.788727162470031,1673.06056710675,16.31453113676613
2026-06-05 18:37:00,66.35930465840109,112.17506190494652,2.8981609284852774,1689.4115715379824,16.31025931251402
2026-06-05 18:38:00,67.62547230057264,114.14790605554685,2.8328219299579844,1670.8763691083989,17.11478842237425
2026-06-05 18:39:00,66.36975401590519,112.6221779962043,2.9029956596504176,1694.4344600570369,16.638857554119316
2026-06-05 18:40:00,65.9785946854547,110.5245386214302,2.9511094503219684,1678.0357443043606,16.43192541696868
2026-06-05 18:41:00,66.60646936013684,113.91907118123108,2.6669505434405707,1682.5402233292155,16.898174950837504
2026-06-05 18:42:00,68.18328602555758,112.71669224830023,2.803851470988668,1672.7148187120752,17.337906285900424
2026-06-05 18:43:00,67.50398338937539,114.17028612133886,2.8891342554141612,1684.9032847756766,16.337110027529004
2026-06-05 18:44:00,65.45205395918012,113.21819414069536,3.132144381154519,1708.4567185430067,16.818326869422602
2026-06-05 18:45:00,67.9911753243074,113.27776910043141,3.031969625477619,1683.6632146732852,16.424910439680932
2026-06-05 18:46:00,66.49604490144226,113.55501063292515,2.8989507170493956,1688.2371468152865,16.662756727295367
2026-06-05 18:47:00,66.63358803999103,111.85608514448438,2.941831448771029,1686.849863938559,17.037173338824875
2026-06-05 18:48:00,66.2926225312918,112.53133105668209,2.8862327372959977,1663.1254433962251,15.822516038789974
2026-06-05 18:49:00,67.96165826478332,113.52046643280217,3.0837419188312496,1682.4430379155506,16.547036065245134
2026-06-05 18:50:00,68.48148557317681,111.84699169541528,2.9464098530518545,1673.8240283829878,16.517571327926046
2026-06-05 18:51:00,66.95101635381099,114.28122314374545,3.0867961668169226,1647.1215811981642,16.864570345300148
2026-06-05 18:52:00,65.88003283716617,112.75510072905591,2.671629564682058,1686.8206592894549,17.049878695589957
2026-06-05 18:53:00,67.45896240717242,112.08302177547534,2.8005611321500927,1670.3205880951598,16.23226051173024
2026-06-05 18:54:00,65.85225134891382,112.84290288280529,2.942101544318791,1690.377665601632,17.323060715312927
2026-06-05 18:55:00,67.73502463932826,113.40937008310465,2.9598884786468838,1665.8019483691548,16.852279945105195
2026-06-05 18:56:00,67.39477866733522,113.0369275464147,3.26486650687602,1711.5948449599518,16.68986679466965
2026-06-05 18:57:00,65.5310288169042,113.66485263464605,2.6078429093787276,1671.6226285537755,16.004922648385598
2026-06-05 18:58:00,65.66240512788643,113.92657349940988,2.8775540374784088,1705.3204812909396,16.3898903703227
2026-06-05 18:59:00,66.23500796866617,115.9934313638173,2.8624044371368598,1672.2278941269897,16.965772685619378
2026-06-05 19:00:00,67.20775129326914,114.61185053093205,2.9177476244830056,1675.612318611331,16.62610837706055
2026-06-05 19:01:00,66.99924865192386,111.99637587622071,3.190657112490391,1709.6324627320625,16.907687387402294
2026-06-05 19:02:00,67.55996511509831,112.90233983880388,3.020415930204256,1664.0314041306283,16.2787171153622
2026-06-05 19:03:00,67.31906252266442,113.37621513117742,2.67247683057781,1683.3651543027972,17.14194723743033
2026-06-05 19:04:00,65.87023935220581,113.99730213701531,3.117211719098581,1685.5226118734613,16.5937246331562
2026-06-05 19:05:00,67.20141834304177,112.66748205730802,3.1450651431382965,1689.8939725499777,16.799243804814928
2026-06-05 19:06:00,67.90673469654038,112.6164432003803,2.9230575715743847,1677.3646197495748,16.588879067759894
2026-06-05 19:07:00,66.04025200500634,112.08211708603012,2.6623626352930283,1679.590601860466,16.52960602338876
2026-06-05 19:08:00,66.57728215327535,112.85867939082631,2.8826837042530298,1693.781947221591,16.46457964580338
2026-06-05 19:09:00,69.29369023619233,113.58785302753971,3.021363310469322,1692.862622072406,16.52509549985077
2026-06-05 19:10:00,67.69026995530632,113.38294518484403,3.066719462695401,1697.9430402455916,16.631487780117837
2026-06-05 19:11:00,66.15407753786616,111.96971981193259,2.6273351710617527,1684.4588886337517,15.976703346079407
2026-06-05 19:12:00,68.3296944183967,114.95736080193349,2.803229645493345,1693.4721414579005,17.083745440375345
2026-06-05 19:13:00,69.24364389022084,114.7835602872428,3.1124960385057223,1706.5621617611082,16.8413983542076
2026-06-05 19:14:00,66.44235991490528,111.35002796278808,3.097839673271327,1669.8637545510987,16.38739127449354
2026-06-05 19:15:00,66.16380311590663,113.35802771998763,2.953036461098586,1694.2882097102952,16.648576235796593
2026-06-05 19:16:00,66.65466204186659,111.63234701317599,3.0729870233008434,1677.7898172142416,16.434449790034627
2026-06-05 19:17:00,67.1452208547752,115.0694468725002,2.9655415240688305,1658.439954647495,16.25936846196912
2026-06-05 19:18:00,65.92287825875484,115.42314080165072,3.043543430641278,1674.8781815652692,16.831835910818263
2026-06-05 19:19:00,67.45616049978143,113.13008154477122,2.901566094432367,1665.1190149873055,17.354087169834788
2026-06-05 19:20:00,69.38346304071295,112.98847368406054,3.006102140475142,1692.4519913251017,17.369878678552624
2026-06-05 19:21:00,66.14309695327437,112.3688072234586,2.6944619054307513,1671.2590674992096,17.09491326201166
2026-06-05 19:22:00,67.35473934042595,112.99043737450968,3.0106491147785963,1682.3837860492738,16.248089236437632
2026-06-05 19:23:00,68.77073436027783,113.78285367988967,2.739550163683828,1700.6938946187151,16.87893798725669
2026-06-05 19:24:00,68.74559647707503,115.23513747999803,3.0141906701044507,1703.4942614892698,16.716085391714394
2026-06-05 19:25:00,67.86192496040249,114.45489211837584,2.8213638741864187,1681.8327863300199,17.225454781499487
2026-06-05 19:26:00,65.01111189154251,114.36497635559569,2.9354829756689043,1692.2816945538232,16.966616093441395
2026-06-05 19:27:00,66.82312887310553,113.74247983669119,2.759599552701204,1677.8466447392186,16.70323818912954
2026-06-05 19:28:00,67.16478129797594,111.99778127966462,2.8165997951152693,1654.9808201644623,15.77571265661974
2026-06-05 19:29:00,66.95114330544753,112.74919051992659,2.9667462093393686,1664.6202773073885,16.37310636139766
2026-06-05 19:30:00,67.81370410986392,113.26661087269873,2.9927327687820395,1672.9809711508456,16.850051813035
2026-06-05 19:31:00,69.02471866536331,112.4192891473477,3.088109294144552,1696.742034977438,16.80200895073768
2026-06-05 19:32:00,66.65507104053437,114.0186871174332,2.73774945554206,1679.1590332316316,16.782869679148106
2026-06-05 19:33:00,67.2276081902402,114.64491232877482,2.686747683918948,1700.171720736344,17.08483484968793
2026-06-05 19:34:00,67.51382253483692,114.71114739224431,2.7908195783403174,1714.897828726155,17.481089551256233
2026-06-05 19:35:00,66.8352855083336,114.10192149931127,2.7398717087163336,1666.6184665150367,16.436316808049206
2026-06-05 19:36:00,66.64352773076554,111.17239762516844,3.12915345964291,1710.6987348897176,16.942630100300025
2026-06-05 19:37:00,67.69946202405809,115.0680548021356,3.098899737622394,1655.0525413183316,17.378594126009233
2026-06-05 19:38:00,66.44382851466935,111.69643772678978,2.755660831544237,1708.763183706271,17.359839494825874
2026-06-05 19:39:00,65.12759185768535,113.42719671421,3.1639127476341917,1680.9704140423619,16.592920804982636
2026-06-05 19:40:00,65.49902353114113,114.13358125100778,3.0848300630916774,1675.058396409077,16.81361496431704
2026-06-05 19:41:00,65.25014212165168,113.46670873709031,2.6246523516917444,1673.6982662745602,16.818496444409615
2026-06-05 19:42:00,66.43113347522534,111.94443978075634,2.743988042040371,1667.7050360397543,16.746981847208577
2026-06-05 19:43:00,67.66354020229655,112.43890959341775,2.6682377115494704,1705.9486703808175,16.77877294967266
2026-06-05 19:44:00,66.52153772043151,114.03717236931544,2.899858514684596,1672.1890967895997,16.154159580723555
2026-06-05 19:45:00,67.06023398508948,114.6275712451721,2.9369156338517826,1678.393090618192,16.661247991456936
2026-06-05 19:46:00,67.74493090745051,112.91559980725071,2.951947271784093,1669.23449187354,16.8439911067675
2026-06-05 19:47:00,66.88414023171384,114.35944288307881,2.6218796720864685,1674.2178043815588,16.439615286150723
2026-06-05 19:48:00,67.71289781744332,112.25991823080705,2.724463920308984,1677.2062767794903,17.08292259954919
2026-06-05 19:49:00,67.31518323418462,114.64577368421487,2.9654570030704615,1673.7763079895067,17.294876482878124
2026-06-05 19:50:00,68.91615250760081,113.12184334089044,3.0388302747232454,1686.4638023920586,16.923536657957182
2026-06-05 19:51:00,67.66392576012994,114.32439078359465,2.6455466145050246,1672.9824078671309,16.232405942350386
2026-06-05 19:52:00,67.63577902122677,113.85605093119068,2.7385587414547716,1710.0635041750324,16.93311490763338
2026-06-05 19:53:00,67.34513772930518,115.28336673011282,3.079400500095892,1682.9156962433349,17.054883598405418
2026-06-05 19:54:00,67.88751733968174,113.91076071386624,2.7243606627093353,1687.2132417848034,16.89264923971623
2026-06-05 19:55:00,67.22159394348498,112.95358645658095,2.909295703939386,1695.2269845583414,16.54779664514262
2026-06-05 19:56:00,68.013995858491,114.01823048653883,2.7078497754982327,1711.5303186027868,16.311361924338414
2026-06-05 19:57:00,66.8333668045148,116.4485273597245,3.0498977245896195,1698.6833308136465,17.293375619892092
2026-06-05 19:58:00,66.91723080301684,114.36650955042654,2.596010085590805,1675.9940292464491,16.879872416671812
2026-06-05 19:59:00,66.82002701704067,113.56936949885188,2.863689143487302,1665.7805486071757,16.54769191343493
2026-06-05 20:00:00,65.00798497923122,111.99407536316428,3.007340026144744,1678.3302319331174,15.896731803504167
2026-06-05 20:01:00,68.38833858846226,113.4813839098959,3.0395825381213397,1705.5500986705879,17.199629556727498
2026-06-05 20:02:00,68.66916997571181,114.45740539052409,2.8398107367128658,1684.0144948118984,16.4616887719517
2026-06-05 20:03:00,67.01280198555669,112.78460142716278,2.818368646182757,1685.612434932855,17.076859130526536
2026-06-05 20:04:00,68.2012061292503,114.15481157065521,2.908504525111681,1691.8900697208594,17.13892710415823
2026-06-05 20:05:00,66.56565515477182,115.53286292003023,2.727112019262497,1656.0561471201306,17.734623447540514
2026-06-05 20:06:00,67.14130351067057,114.33481373572528,2.9286217456315478,1690.9215997318997,17.04601052419159
2026-06-05 20:07:00,66.07409877424817,112.05699216930432,2.877698626550928,1689.0101293961025,17.476278720722846
2026-06-05 20:08:00,68.534295255986,117.0605582558518,2.9004503337105554,1691.9432982984488,17.256335542225777
2026-06-05 20:09:00,67.79061622123643,116.17247928452576,3.0872215639695653,1704.286531390212,16.761999974091864
2026-06-05 20:10:00,67.41452714598995,114.39908544908158,2.7592723616916675,1701.3222726469553,16.476644005750032
2026-06-05 20:11:00,67.01326444811939,115.69687177394795,2.6887395727675445,1681.3210581034698,16.732170919143087
2026-06-05 20:12:00,66.28205039536452,113.0710280649239,2.813962339511895,1685.1788889613003,16.86733380632063
2026-06-05 20:13:00,67.71937938391797,114.52833167579605,2.929198733132588,1682.7611628891314,16.881157023959254
2026-06-05 20:14:00,67.2782967133243,113.67419861960306,2.9294871872093604,1658.67129502493,16.355767320875465
2026-06-05 20:15:00,66.10123849867934,111.56617949133175,2.8568375327601476,1673.0945670634114,17.00440428678664
2026-06-05 20:16:00,68.08343695526061,117.0348881066639,2.7593507212913386,1670.1975665538957,17.55305310643155
2026-06-05 20:17:00,67.2137229109066,112.2319225443148,2.7806035509024194,1687.606752566153,16.220368427425925
2026-06-05 20:18:00,68.98237644115592,114.71164821938311,2.8837199703391754,1701.6356380032928,17.5820990768141
2026-06-05 20:19:00,65.36838491083213,113.6356949893839,2.8010965989108807,1673.9709648344094,17.319558615399252
2026-06-05 20:20:00,69.21908215969776,114.87336795170343,3.114990251534832,1676.5549636886183,16.408655652553385
2026-06-05 20:21:00,67.50703347510057,113.49957532488258,2.946733807643348,1684.9387799247647,16.61669366538805
2026-06-05 20:22:00,67.3339800917915,113.54962407261824,2.829763735078481,1718.5852334853134,16.482543531525568
2026-06-05 20:23:00,67.73192984297376,113.58213179103294,3.0586544727097387,1646.2961047381098,17.097577507953964
2026-06-05 20:24:00,66.65675854700571,114.03596107480645,2.964283048097892,1682.960328215974,16.56418406933889
2026-06-05 20:25:00,67.32849470570036,113.90921016411866,2.723794446043053,1677.3284305469556,16.77386994634944
2026-06-05 20:26:00,68.01906569655733,113.37848175964989,2.411116752960895,1673.0823037262217,16.898764004626987
2026-06-05 20:27:00,69.5130218039064,112.43487264953204,2.7357451175142655,1685.3657088904763,17.633949994050948
2026-06-05 20:28:00,66.65156367678205,116.01957588447499,2.9961173208151437,1676.2145761942809,16.77692036812407
2026-06-05 20:29:00,66.7931791192007,114.08492583360632,3.0298618818168825,1688.2548830500177,16.532749873460144
2026-06-05 20:30:00,68.13928852591953,113.90231535922017,2.6610738908394733,1678.3948432160937,16.712072464531936
2026-06-05 20:31:00,67.76743959237365,113.1656170437036,3.0264618188263244,1653.1049069678356,17.22074669099725
2026-06-05 20:32:00,67.94522658901161,112.5304408595908,3.0087628360247543,1702.3254118220702,16.334835819597487
2026-06-05 20:33:00,68.28889815634814,114.86427137683576,3.131408774106503,1701.3696794419586,16.90956850956221
2026-06-05 20:34:00,67.62005634609916,113.84311514117076,3.078222455452802,1678.0313014725948,16.64238058722027
2026-06-05 20:35:00,68.64521915241173,114.90017721233323,3.146442350923412,1689.4785751695615,16.59625082883004
2026-06-05 20:36:00,67.47755077486748,112.11867230479635,2.9893383844242254,1701.4805356957588,16.092754758419773
2026-06-05 20:37:00,66.07679398369272,115.38137024197583,2.9699145787503194,1695.8327167540135,16.556575895641114
2026-06-05 20:38:00,66.93906082004762,114.9470443910865,2.873766743150531,1705.2324241681126,17.364187004303318
2026-06-05 20:39:00,67.45393071592497,113.89065689640347,3.0555672630223363,1692.1229242792738,16.20061362193277
2026-06-05 20:40:00,67.56824736770197,113.97386624563744,2.6943200414860606,1690.3792134041023,16.923445282217994
2026-06-05 20:41:00,67.94502414229852,114.4771740376657,2.885062972766856,1702.3044417935669,16.534450303029985
2026-06-05 20:42:00,67.88720030027942,112.0392583223137,2.990558196269439,1676.7658472540504,16.396459521027875
2026-06-05 20:43:00,67.95470029622811,115.81469813647331,3.1313192869765705,1690.626736772688,17.03820319719608
2026-06-05 20:44:00,67.60951196288076,114.21953865627735,2.8376176372820487,1649.6628207848883,17.344039523886615
2026-06-05 20:45:00,68.39075337226507,113.23942976127135,3.0839439916045874,1664.0937533184008,17.641373534768938
2026-06-05 20:46:00,67.11613056109525,112.0791164703815,2.863424974237308,1686.1001047613627,16.81099291470771
2026-06-05 20:47:00,67.1942867234296,114.59151561790998,3.041858729001026,1688.549920765047,16.67538535221325
2026-06-05 20:48:00,66.44669450407903,114.03850715500288,2.798804925361518,1677.99227807477,17.04917937730139
2026-06-05 20:49:00,67.0417562183002,114.4160980510463,3.031360866869986,1675.3968321838706,17.909273394809997
2026-06-05 20:50:00,66.09224436626911,113.48968829839491,2.8828787232158746,1674.1023617160313,16.611773434292775
2026-06-05 20:51:00,68.31869917222761,112.51319915604094,2.736667594294322,1685.7645958410374,17.312220697732315
2026-06-05 20:52:00,68.88859268755792,114.39299765025926,2.8958491114234226,1649.062859696234,16.65437908779024
2026-06-05 20:53:00,65.84366998580977,113.55241199408921,3.1175536272243285,1690.843670146849,16.56247548543598
2026-06-05 20:54:00,69.16685746643404,113.93147353667659,2.7776194546171724,1686.586161810275,17.68631158640149
2026-06-05 20:55:00,67.50533788199182,116.57038363842999,2.691884410423973,1686.6178436522132,16.860053127979718
2026-06-05 20:56:00,69.53885823431597,115.40722415481214,3.017434124456115,1689.6686076754822,17.271997192490662
2026-06-05 20:57:00,68.5491906772341,115.1841263684926,2.6864641831104477,1666.880474451745,17.254783418328287
2026-06-05 20:58:00,68.5282965830326,116.95261802300139,3.147035928806402,1666.0336085796982,16.486935579789446
2026-06-05 20:59:00,68.09394471583668,114.4245640311915,3.1615957470396934,1709.0266242378248,16.806228432484698
2026-06-05 21:00:00,66.86232528055338,114.12019346754103,3.0875116774109252,1676.7145536099206,16.731453468206073
2026-06-05 21:01:00,68.53224880431219,113.49334553639589,2.952208158735844,1702.8958147502087,17.28706834526454
2026-06-05 21:02:00,67.94956758663608,113.2254591450025,3.1676006751604033,1667.3448162244717,17.03091476533178
2026-06-05 21:03:00,68.19426295787983,111.7269913996958,3.1473848488683167,1688.8886051291888,16.851553237309897
2026-06-05 21:04:00,68.46732295181464,114.91907679361414,2.8514634255039293,1679.6640049630234,17.796390891445473
2026-06-05 21:05:00,68.7678428316101,112.88989517448874,3.1765054288021224,1687.8235346020401,17.194148750801116
2026-06-05 21:06:00,68.23306368921048,115.43801875059809,2.8202313462547814,1686.2964297334063,17.218480474393992
2026-06-05 21:07:00,67.19385590512725,113.97968808553556,2.9058663471395603,1708.7430828504512,17.55305669315655
2026-06-05 21:08:00,67.48318304117619,114.05198813131867,2.6575349169602775,1714.223197547168,16.59918762899371
2026-06-05 21:09:00,68.4312186289691,114.08293913843114,2.9641406083123685,1692.0148614392604,16.85854160490591
2026-06-05 21:10:00,66.29744591747196,115.59576899509793,2.8846557042056213,1679.5759200895777,17.080441656078975
2026-06-05 21:11:00,68.36702271271096,115.94687275256521,2.898539470088473,1673.3354802967713,16.657509315304623
2026-06-05 21:12:00,66.44233659201011,113.98517542712926,2.909808217583838,1665.960221017943,16.91494142044908
2026-06-05 21:13:00,67.26530953930737,112.80067981954895,2.8383671934138577,1706.8001416178888,17.760093066072397
2026-06-05 21:14:00,68.69422259113821,114.97685232825266,2.930796814797681,1662.880205487425,17.665687188713814
2026-06-05 21:15:00,66.3452480981975,112.47758063609197,3.102340070520938,1675.3558850508875,17.182421818057236
2026-06-05 21:16:00,68.92828618657353,112.31704564560044,2.7862473568221455,1691.4346657042377,17.56454057722592
2026-06-05 21:17:00,69.82877412287797,114.37287685269933,3.047702912626544,1644.6413134410932,17.08478089012023
2026-06-05 21:18:00,69.87337531132798,115.81746030932493,2.989304492273852,1672.6447146032942,17.005030141077587
2026-06-05 21:19:00,67.39267773298312,113.15683131298243,2.9656478659474708,1661.8293863925192,17.478897465866698
2026-06-05 21:20:00,68.83472960496152,114.55941224604388,2.9336597386126106,1677.6676318831333,16.657465734091563
2026-06-05 21:21:00,67.6760710072073,113.88710005049312,2.8514505589190904,1695.6923581005724,17.580339016819426
2026-06-05 21:22:00,65.54168537766408,114.26660056861924,2.9600767912920762,1694.0861018766818,16.49642862629482
2026-06-05 21:23:00,69.33580182785127,115.97045729398855,3.05492067263312,1685.4656257789625,17.148621170397508
2026-06-05 21:24:00,68.17575615930635,113.61299559688737,2.80849185546911,1678.7875550923866,17.179681289405195
2026-06-05 21:25:00,69.08241024014448,112.87031961710551,2.739452378117961,1686.2521959628139,17.865312045018886
2026-06-05 21:26:00,68.02031591227589,112.48922608956462,2.9619737148729257,1677.7524527685657,17.69029591252066
2026-06-05 21:27:00,68.73311197322914,115.40002391182222,3.0658213127846308,1696.789785163508,17.280103230857907
2026-06-05 21:28:00,68.44463518222122,112.79479317844002,3.0946750387540063,1695.5127157789848,17.104485526841287
2026-06-05 21:29:00,68.65666362565929,114.82731854450307,3.139224447169735,1650.9215536889178,17.503035191287676
2026-06-05 21:30:00,68.42717823981972,115.17546755249448,7.148474549992866,1699.4924081337722,17.667354987976054
2026-06-05 21:31:00,68.55688311777904,114.01876110568469,2.9352063220220734,1696.8457424973408,16.60593866677673
2026-06-05 21:32:00,68.73171738296459,114.05452270791237,2.949941874821856,1693.9345388968338,17.076183868529412
2026-06-05 21:33:00,69.53984749437394,115.89075589211707,2.792983734091252,1713.5859740214587,16.924978330610056
2026-06-05 21:34:00,68.40416953112373,113.40825692714256,2.8561424805640168,1664.9134332739588,17.101572744506516
2026-06-05 21:35:00,67.67524039226716,112.47965656368324,2.896767187270064,1662.118438931947,16.28249339940061
2026-06-05 21:36:00,70.62557112090111,114.62038345962675,2.9534476912487104,1697.6351184516195,16.72839913579394
2026-06-05 21:37:00,68.44454557478174,115.48481746349233,2.943889545274448,1651.1969923782556,16.447960634691924
2026-06-05 21:38:00,68.32126288593965,116.51048608451845,2.7656149984833402,1691.193354643969,17.06740118730729
2026-06-05 21:39:00,68.36435710924955,114.0237806233511,2.7701009546000757,1701.2552496703647,17.305778166264698
2026-06-05 21:40:00,68.18677959521766,113.60341646910045,3.0802032154170687,1698.7224146582805,16.90342134668259
2026-06-05 21:41:00,67.95416616273148,115.2153987219493,2.8042290444967515,1687.0310603613307,16.62294873444658
2026-06-05 21:42:00,67.95019865746332,112.33495930954706,2.8544469639637406,1687.6839959852055,17.327343632728937
2026-06-05 21:43:00,69.18140155956198,114.37696846981679,2.9529110553176143,1681.3130829819522,17.154633287692413
2026-06-05 21:44:00,69.89648833175757,114.5822152668638,2.8359826901605913,1687.8499518156145,17.998330165621045
2026-06-05 21:45:00,69.51888164566532,115.85083851292495,3.1191658291834936,1694.0741186908278,17.522997050889757
2026-06-05 21:46:00,69.74713230100116,116.12689956198844,2.7750006353162284,1669.4416417779378,16.816078832775116
2026-06-05 21:47:00,66.84019441929749,112.39730282474149,2.9021177379813308,1702.3245596313386,16.495941714834768
2026-06-05 21:48:00,67.9742514922598,114.35858328611084,2.8315368884034813,1677.7003405078187,17.37727694580749
2026-06-05 21:49:00,70.0167866298911,113.62697857277564,2.977541709885072,1699.18789992744,16.801231536652416
2026-06-05 21:50:00,68.39017439868543,113.90914219752358,2.8761226827355086,1691.3539127723889,17.000831319152315
2026-06-05 21:51:00,67.89218626650627,115.22879071971151,2.962313912910132,1675.8677472905551,16.55978230950253
2026-06-05 21:52:00,68.99667304715058,113.69347688359863,3.1228821260448085,1707.3279704428019,16.52502561763831
2026-06-05 21:53:00,68.56565102667614,114.45802579386621,2.8452373825732997,1705.8928174388377,17.616409941795162
2026-06-05 21:54:00,70.34599566368435,115.71934678058629,2.867009121428663,1670.7149967997066,17.352187233717284
2026-06-05 21:55:00,67.2708425658359,115.35642748028073,2.855163760456644,1679.4062225519713,16.517512971166216
2026-06-05 21:56:00,68.79249488637547,114.75066421189776,3.181386109659312,1695.167136044147,17.006723642376212
2026-06-05 21:57:00,69.48668649319247,114.27421341153452,2.9287315924535626,1657.3685392918162,17.75256742733336
2026-06-05 21:58:00,66.69922096035612,112.63624882681465,3.116130192622255,1654.39179004038,16.719772543078683
2026-06-05 21:59:00,68.22231475974662,116.24826044664738,2.9298167733937173,1654.39179004038,17.36199762507194
2026-06-05 22:00:00,68.52658040060102,115.21307667043638,3.1529945794292367,1654.39179004038,17.65770167007827
2026-06-05 22:01:00,67.37877296500625,114.73088854331647,3.0322699595614173,1654.39179004038,17.86169749378225
2026-06-05 22:02:00,69.1402026435589,114.32288981720885,3.0312403498526606,1654.39179004038,16.76999016928879
2026-06-05 22:03:00,68.61364612257934,114.96257459514916,2.753287472852149,1654.39179004038,16.705118102143015
2026-06-05 22:04:00,69.79070631164575,115.45935452702113,2.731258272381642,1654.39179004038,16.825133395257367
2026-06-05 22:05:00,68.81588012393361,115.32696610162968,3.1106839245024283,1654.39179004038,17.41856499380027
2026-06-05 22:06:00,68.6383893613304,116.00929996898203,3.0970882250365706,1654.39179004038,17.834930977689353
2026-06-05 22:07:00,67.83458099509956,114.39067650010118,3.303181638349159,1654.39179004038,17.356042227536527
2026-06-05 22:08:00,68.48289880577516,116.65219012360008,2.7469169589773426,1654.39179004038,17.009775730238324
2026-06-05 22:09:00,68.64967705097283,115.5582021107776,3.025465524519254,1654.39179004038,17.619597341335467
2026-06-05 22:10:00,68.72237937510307,113.9213647568249,2.7793283485291314,1654.39179004038,16.80912266255843
2026-06-05 22:11:00,67.57515494895665,111.80688180253983,2.8094251827533663,1654.39179004038,16.571182606121386
2026-06-05 22:12:00,68.57557831393335,114.67123840317596,2.8959006539532557,1654.39179004038,17.151709406318613
2026-06-05 22:13:00,67.36242315041046,116.03099217763295,3.001407843589187,1654.39179004038,16.84796007466544
2026-06-05 22:14:00,69.02296962632323,113.49950385087344,2.8623840628385944,1654.39179004038,16.934151123211187
2026-06-05 22:15:00,68.97370404564163,114.80743421374729,2.9856136979300434,1654.39179004038,17.842942544106716
2026-06-05 22:16:00,67.8421394036089,114.14802862794647,3.054789531408458,1654.39179004038,16.76857323308006
2026-06-05 22:17:00,68.4785587736801,115.46534280993696,3.1248487241554077,1654.39179004038,16.532479319705008
2026-06-05 22:18:00,68.25050544209616,113.83765125358194,3.057423405311788,1654.39179004038,17.385860706680305
2026-06-05 22:19:00,69.18318235428,113.43080925468985,3.0327181957542964,1654.39179004038,16.85518178427284
2026-06-05 22:20:00,69.91924448114544,115.42182318838356,2.9612763218937936,1654.39179004038,16.999951993707217
2026-06-05 22:21:00,69.5185728543109,113.08111042645001,2.8462052060112475,1654.39179004038,17.267083482965017
2026-06-05 22:22:00,69.70417321300235,112.34629309805685,3.050778364358341,1654.39179004038,16.984278665796932
2026-06-05 22:23:00,70.6617035707351,116.90182516289133,2.8219222317849044,1654.39179004038,17.16555049315312
2026-06-05 22:24:00,68.01308353527713,115.44641871076432,2.973468102780005,1654.39179004038,17.183861355124485
2026-06-05 22:25:00,67.42853591810628,116.61471120984457,2.7956247963394443,1654.39179004038,17.06278609424982
2026-06-05 22:26:00,69.04327821003909,115.57622651092625,2.962302352483401,1654.39179004038,17.092018606230454
2026-06-05 22:27:00,69.70908047290034,115.32776724482147,2.8093654174456004,1654.39179004038,16.318488113027968
2026-06-05 22:28:00,69.73814755347999,115.03205184958065,2.9124894085684248,1654.39179004038,17.225159422992906
2026-06-05 22:29:00,70.14574068879153,114.3650837775904,2.8711615622664213,1654.39179004038,17.939540713790954
2026-06-05 22:30:00,66.23353003234716,114.74591105805378,2.822608506245159,1654.39179004038,17.317549199399945
2026-06-05 22:31:00,70.46059556247303,114.06522804203391,2.9688369155071945,1654.39179004038,17.21435300045282
2026-06-05 22:32:00,69.84462021821011,113.50505005155813,2.622304778520303,1654.39179004038,17.582134517282686
2026-06-05 22:33:00,67.76476674758464,114.10131773153704,2.696294094633148,1654.39179004038,17.500938776673145
2026-06-05 22:34:00,68.58282621328036,115.55179231757033,3.0540236670453194,1654.39179004038,16.664176413246803
2026-06-05 22:35:00,68.9794245230152,112.94303120646413,2.9835831009279716,1691.34969848189,17.713829513154543
2026-06-05 22:36:00,69.34652311639088,113.0609498578041,2.8595463310632967,1716.7192527426025,17.325614720368574
2026-06-05 22:37:00,69.04965406358704,114.83475436692277,3.08776439590548,1675.3324262543576,16.937659800021304
2026-06-05 22:38:00,69.07751531281997,113.8685530637137,2.861899880109215,1671.651980154974,17.81949856332521
2026-06-05 22:39:00,66.93776711745664,114.64060765230755,2.8502469092172595,1681.242740647409,16.20167450484745
2026-06-05 22:40:00,69.22389388918852,115.85698637076275,2.860436038902262,1704.7250557817877,16.864254990864268
2026-06-05 22:41:00,67.79170689825054,115.09675049857508,3.255520250106407,1651.9396361946158,17.52809674434853
2026-06-05 22:42:00,68.53035902785724,113.24686006729094,2.968968910966162,1699.8737231104071,17.272410960421393
2026-06-05 22:43:00,70.34018317442806,116.15042406081474,3.003416863832688,1691.6828126300277,17.964167690675456
2026-06-05 22:44:00,67.99622859815248,115.38524230322139,3.0362731534496414,1676.133949918599,16.34495490072813
2026-06-05 22:45:00,68.80835916531721,114.70495851189908,2.700277915457581,1690.1191842627222,17.679862210827846
2026-06-05 22:46:00,68.10727111363373,114.38068390858761,2.8713376154460786,1680.971681482885,16.70515204230602
2026-06-05 22:47:00,68.21649672255226,114.73860151742385,3.0209020605681487,1672.1542236321216,17.312465160330717
2026-06-05 22:48:00,68.94038076755956,113.93084068019027,2.9530651354276554,1661.6572177136095,17.12660378569791
2026-06-05 22:49:00,68.40804967530599,112.4238068528294,3.2895629708144165,1702.7072173310162,17.530586239153774
2026-06-05 22:50:00,69.63120179759503,115.45477812523191,2.890027185721753,1685.6689800158379,17.18314472756037
2026-06-05 22:51:00,70.05145417038894,115.42846680100949,3.1147824688475123,1688.7888758925885,21.460727436463607
2026-06-05 22:52:00,69.88986036821035,111.74294732073739,3.087849075533181,1706.0613526659909,16.92087955023045
2026-06-05 22:53:00,67.9868745899041,115.0535211042886,2.984137117381254,1693.3807617855855,17.187777204319225
2026-06-05 22:54:00,70.04585516066311,116.57633624921013,3.0132309164606417,1669.5228206699321,17.311392025636145
2026-06-05 22:55:00,71.83800565711218,113.97940789079735,2.978641534415522,1714.5262724174952,18.336967461755
2026-06-05 22:56:00,69.95279678663981,114.26737687175618,2.6610465020224443,1713.6618893718473,17.510842709950186
2026-06-05 22:57:00,68.72464358950289,114.20706894567765,3.014074055109056,1699.885714525486,17.29446787764637
2026-06-05 22:58:00,70.5731233581379,117.57979298963812,3.1034175015216916,1694.8554753433023,18.0495718336003
2026-06-05 22:59:00,68.67612138491833,116.07689362203955,3.0699639852308502,1674.3316843040714,17.80034057159844
2026-06-05 23:00:00,67.51413055589038,113.14367785676019,2.9559829316367097,1675.782805414902,17.248703277585694
2026-06-05 23:01:00,69.75115880310166,115.28144546691512,3.1369537110228376,1699.8242039052348,17.025354261379455
2026-06-05 23:02:00,69.38111813950832,117.11462488589102,2.8268627220410507,1712.7460884917555,17.427059215835946
2026-06-05 23:03:00,70.85222377838595,114.15383903382867,3.2138240420992266,1687.322817495145,17.440418507767887
2026-06-05 23:04:00,68.7592112524887,114.56044393239809,2.8234013034676013,1684.5840407423652,17.145718554665475
2026-06-05 23:05:00,68.9921141996636,115.12774117084906,2.9512596144797483,1708.8087615431232,16.94167101958737
2026-06-05 23:06:00,70.18181284700768,114.40051598520131,3.110969826044726,1695.2575718920243,17.79802361901854
2026-06-05 23:07:00,69.14401543893618,116.94196352140544,2.911165023743671,1723.3912896866875,17.61786023986237
2026-06-05 23:08:00,70.49754012324642,114.38726828937874,3.109315449000812,1697.1713951395361,17.095008707482005
2026-06-05 23:09:00,69.88913809994604,113.13258759637469,2.9352108340028487,1714.8422817236342,16.95726990381275
2026-06-05 23:10:00,69.19747298400551,113.91202877525537,2.987187102138884,1699.6351625177326,18.027653076664908
2026-06-05 23:11:00,70.01692398704232,115.6487639212662,2.963840037943033,1708.808218447071,17.77682101257187
2026-06-05 23:12:00,70.59415516152337,114.09308813067359,2.916870749977603,1698.0226136743433,17.560137986011245
2026-06-05 23:13:00,69.9542671879943,115.09759805298552,3.3199918572188447,1694.7911812142095,17.609977462025235
2026-06-05 23:14:00,69.81208979445881,115.91650140784814,2.890133918356445,1709.5030088923502,17.433627163702905
2026-06-05 23:15:00,70.64208419486711,113.5117898274408,2.654583891530698,1711.4722371595788,17.412296412038234
2026-06-05 23:16:00,69.75905543787778,114.10093861075359,2.8646133126020126,1704.9226741083282,17.39727787331277
2026-06-05 23:17:00,69.24362685460027,115.21442493673793,3.006071710306058,1670.7637722348677,17.78355106978863
2026-06-05 23:18:00,69.72301945406106,115.61071244245628,2.927993224898089,1700.7694732999403,16.818578395263046
2026-06-05 23:19:00,68.99100807360152,113.71117222238956,3.109967218519971,1681.5873644566677,16.77075327119991
2026-06-05 23:20:00,70.29043908324535,114.89463284705465,3.1281613083433952,1687.9785498887659,16.866356410879654
2026-06-05 23:21:00,68.78773887686947,114.47160819013389,2.9397301117963193,1704.3602972075207,17.74741288775368
2026-06-05 23:22:00,70.31519359258141,115.50102325978973,2.7228393500664447,1720.5034912521173,17.273436062015083
2026-06-05 23:23:00,69.73891159945919,115.48348555220439,2.7982069286755538,1694.6550903407644,17.063543634407992
2026-06-05 23:24:00,69.13855849849348,114.32356093131138,2.9799523462018196,1726.5497498235059,17.29726192435914
2026-06-05 23:25:00,69.57843849620379,115.57805510948015,2.7655850619891433,1683.5973185237997,17.249239090294825
2026-06-05 23:26:00,69.15334498857654,114.48210155147406,2.9433130789409683,1718.1724018790703,16.914795974045393
2026-06-05 23:27:00,68.27708219957196,115.38374139851645,3.202189221568033,1704.2591414910282,17.921593908552982
2026-06-05 23:28:00,69.30407286662597,114.9466299355828,3.010163403300819,1694.8760361935026,17.130801007425948
2026-06-05 23:29:00,72.2545899727251,118.18019626047597,3.029179551340987,1725.2133079684693,18.180849884018752
2026-06-05 23:30:00,68.22919454512851,114.35812872157365,2.827993667926185,1687.2739192815873,16.80131025855839
2026-06-05 23:31:00,68.81252888763115,114.61691342583151,3.0130230229056725,1716.3160129169546,17.594928055840164
2026-06-05 23:32:00,70.0301460118812,113.93776180981192,2.9421840287090535,1693.0678105852055,16.780217993941626
2026-06-05 23:33:00,69.31783128705003,113.43778196964655,3.0142735364303674,1686.0640063460473,18.316737907510532
2026-06-05 23:34:00,71.25436058131669,114.74566000143739,3.128625513745965,1684.0122900324598,16.954923077673755
2026-06-05 23:35:00,70.42364954915668,116.05063381810336,3.1515527476806824,1727.1471488626585,18.34466017231004
2026-06-05 23:36:00,69.48854865293053,115.86147916379097,3.017768613463087,1716.8059185471693,17.480332946251636
2026-06-05 23:37:00,69.45426203396683,115.17228367487746,3.064619630095958,1690.3952882651404,17.335636732401003
2026-06-05 23:38:00,68.17826199564281,114.6870489100879,2.9260006855632814,1708.7408368977785,17.756719738121088
2026-06-05 23:39:00,68.85498585655264,114.29283668341874,3.162211166448792,1700.3641493193147,17.067234016345328
2026-06-05 23:40:00,70.38302252013813,113.71200289782716,2.854411402032685,1692.2023031638885,17.720142982993274
2026-06-05 23:41:00,70.90795880571025,114.30895434402798,2.9673610453026753,1714.1676319576084,17.831945301527785
2026-06-05 23:42:00,70.62486090872305,113.19581036136587,3.168823592588346,1687.2849385673358,17.37974679538
2026-06-05 23:43:00,70.28172856497427,116.59394651815873,2.925385072714414,1666.6522657097917,17.582279146819335
2026-06-05 23:44:00,68.10840803471159,117.16121335065675,2.7959909210165486,1703.3193137500107,18.25017384570105
2026-06-05 23:45:00,69.6575470017146,112.75974080833225,2.9439058701964473,1702.1051729794908,17.801859159121683
2026-06-05 23:46:00,70.50509674814896,115.06980246887576,3.190272548703886,1687.403409108502,17.048460790828017
2026-06-05 23:47:00,71.55444683998263,115.45523207094513,2.667923009199643,1688.3203842933103,17.864214055787805
2026-06-05 23:48:00,70.38932342990665,114.9001731652586,2.991999151371927,1671.9370621805083,17.109627724455667
2026-06-05 23:49:00,69.32352365164738,114.044969626276,2.8886503250054307,1691.3093452247508,17.085510923294695
2026-06-05 23:50:00,68.5065261091569,116.0029101517151,2.959914444834216,1683.8834289846072,17.593005807183957
2026-06-05 23:51:00,69.20648421733179,115.11206750654355,2.9223513804683607,1709.392535598085,16.906003317103384
2026-06-05 23:52:00,70.5165444945081,116.49329554471855,3.160895783755372,1711.1121985005216,17.644732449353924
2026-06-05 23:53:00,70.57940483072981,113.77846211203295,2.985636307225225,1688.2450112979898,17.601239159237867
2026-06-05 23:54:00,69.68435239273015,113.09124031072668,3.134984193568887,1704.5215900393796,18.13941401741733
2026-06-05 23:55:00,70.70114491429291,115.86578662109257,3.215546386408074,1702.9732122294085,17.92728369216961
2026-06-05 23:56:00,69.66408927809071,113.64711410880606,2.991327656157904,1693.3268833126042,16.813335846824334
2026-06-05 23:57:00,70.16773266601325,116.1894423281022,2.9410035103951757,1698.163490608144,16.936446288850206
2026-06-05 23:58:00,69.86775506180419,112.13135591922527,3.035464351232574,1722.3469986993316,18.03218868739777
2026-06-05 23:59:00,69.90705084950498,114.68109252447707,3.1017507361566166,1712.904815993099,17.367968569900082
2026-06-06 00:00:00,69.66194543081419,114.51491465607364,2.8439411108251487,1698.9097118991758,17.020424273798994
2026-06-06 00:01:00,71.55290428745208,114.82937676496556,3.0506248202775756,1716.4509941027327,17.212206661652978
2026-06-06 00:02:00,69.03586446786294,115.4876676380616,2.9735893063004153,1715.1917682724759,17.904826539828505
2026-06-06 00:03:00,71.39362022068953,115.51719400986454,2.939728472171479,1704.451907895575,17.565991463484018
2026-06-06 00:04:00,68.2091882613461,115.63655073235216,2.8876159606568192,1693.3229943788106,17.693366625121573
2026-06-06 00:05:00,69.10883016483925,115.69421517269959,2.8920240790301612,1691.257276195731,17.380913494863083
2026-06-06 00:06:00,71.62995733744738,115.22040635968419,3.216761933047637,1689.5559615114125,17.271977145083923
2026-06-06 00:07:00,70.55077161392803,117.80569428538045,2.9637510573199513,1706.3773719204535,16.922724629991798
2026-06-06 00:08:00,68.63553451077776,116.50886637764201,3.1611876414116384,1688.776758685132,17.088344082267433
2026-06-06 00:09:00,70.48282103151189,114.69645339531192,3.024376604170896,1694.3937357870286,17.584126706633363
2026-06-06 00:10:00,70.00439257974539,114.81114612258213,2.828452443492107,1709.0321956778478,17.014276626076942
2026-06-06 00:11:00,69.294169331387,114.33384662982999,3.0108488086883574,1721.7544574545766,17.759912817748482
2026-06-06 00:12:00,69.76446086207528,115.5677576839835,2.8305986892152455,1707.3703430955043,17.165872311266615
2026-06-06 00:13:00,69.89309796452211,113.79406598590188,3.0884312703906014,1697.894689759382,16.819407561286194
2026-06-06 00:14:00,69.14608632926529,113.85836685630484,2.955888117836225,1697.1293702934108,17.40317060063515
2026-06-06 00:15:00,71.2563559902847,112.05352543310543,3.1052349380046635,1712.4610030729755,17.631471421742795
2026-06-06 00:16:00,69.07897359965555,114.15710150602668,3.1907314548702312,1700.9554544382172,17.914771055786673
2026-06-06 00:17:00,69.70046423091412,116.27744591775351,2.7396805565502476,1702.9025059940725,16.855148550658562
2026-06-06 00:18:00,69.75101138853834,114.90963892828493,2.936972174536671,1705.1973577054123,18.11555602595512
2026-06-06 00:19:00,71.14480481070977,114.74622773844402,2.8093558043470264,1676.7256984355506,17.50494434910319
2026-06-06 00:20:00,69.34065738252085,115.65974641504526,3.3454695454238457,1710.2032187187199,17.414575989372953
2026-06-06 00:21:00,70.52272286843997,113.91490354610606,2.941792371917226,1688.4395594434845,17.831119322031853
2026-06-06 00:22:00,70.44223646641872,115.347177677133,2.8238554434220395,1710.1407174310114,18.20057109181569
2026-06-06 00:23:00,69.05209762701,116.1638042499604,3.3424113849299655,1690.2442735575103,16.876076972558295
2026-06-06 00:24:00,69.18605374638821,115.28853320427373,2.8857995676256847,1707.80964228396,17.287955943116806
2026-06-06 00:25:00,70.64863436236372,116.37133326113357,2.7698899391791407,1700.3377196507806,17.380897767900755
2026-06-06 00:26:00,68.89049035836787,116.30796075456875,2.812306945447224,1680.0329506820108,17.645896478778216
2026-06-06 00:27:00,70.88392644733153,116.13324536634312,3.0440211880448524,1700.1482878340842,18.253080597386415
2026-06-06 00:28:00,71.18664108925664,114.0456188241377,3.0003060645198905,1731.7771181421167,17.48018962924709
2026-06-06 00:29:00,71.06601696510143,115.05180577531947,2.905584157779414,1672.1010819931653,17.61550866821193
2026-06-06 00:30:00,69.0256951460954,117.41203918801746,2.933526340844396,1703.7518262381977,17.72527061292936
2026-06-06 00:31:00,70.3646358911296,115.89803866629775,3.0426979171962003,1691.7886700243268,17.666727441118102
2026-06-06 00:32:00,69.51562079873099,115.08912060259048,3.1900517541244677,1718.9461163768303,16.56816624575459
2026-06-06 00:33:00,69.74202795034053,113.97995681431938,3.050785709255266,1712.4034123763076,17.71276501128584
2026-06-06 00:34:00,70.7936002775907,115.2262412140106,2.9379247620609266,1707.2685779340754,18.06226762717067
2026-06-06 00:35:00,71.40862276828825,116.43898251069623,3.0043585169429186,1721.4859396788602,18.21914571131402
2026-06-06 00:36:00,72.85369110420473,115.75244922265058,3.1644321143259044,1713.4636995559158,17.404919412983297
2026-06-06 00:37:00,70.50407166294967,114.63026981568922,3.2689116128666798,1703.4721066447203,17.869625100443706
2026-06-06 00:38:00,70.67603463855336,115.45403170249014,2.88756838157613,1701.6690489970335,18.512554533408235
2026-06-06 00:39:00,71.25729468585067,116.59731527244521,3.178258090653591,1696.8146130985228,18.595809284633305
2026-06-06 00:40:00,72.19062476784337,116.39143952840637,2.9924234196013524,1700.9071168454664,17.986624209089708
2026-06-06 00:41:00,70.15447651345072,115.62510929135765,2.7553167099520595,1699.9453160081393,17.885674891725625
2026-06-06 00:42:00,70.6017113644272,115.9284720070356,2.7532923555173725,1676.9439927337112,17.302656851245764
2026-06-06 00:43:00,69.65259340555158,113.1576421906739,3.171944736728475,1709.8086737066183,16.83927925324013
2026-06-06 00:44:00,69.73060852819413,115.276555093668,3.2146526805604845,1728.5328910846822,17.86980076324484
2026-06-06 00:45:00,69.22070990187486,116.71424749512458,2.943480190568155,1699.2852755128108,16.90196533029151
2026-06-06 00:46:00,70.26141991830926,114.59221439650135,2.961866319050544,1716.3618826027978,17.514799573016063
2026-06-06 00:47:00,71.5808962014737,116.60646118478,2.7615493241603892,1703.7690898153066,18.28901332290151
2026-06-06 00:48:00,72.32047972924416,116.23807703469582,3.15322647335554,1698.7495224826746,18.07693700146701
2026-06-06 00:49:00,69.7511341464763,116.16107786148723,3.006934290835735,1696.5115124683684,17.866362961605905
2026-06-06 00:50:00,70.24887932109881,115.0950973180734,2.7694233149950342,1701.738367707744,17.497198400286138
2026-06-06 00:51:00,70.57581998183404,116.25269284123681,3.0432971248477734,1691.6976080978934,17.430440356765388
2026-06-06 00:52:00,70.16367181928412,113.29006494965577,2.794763495641346,1709.7285064209805,18.385751571970843
2026-06-06 00:53:00,70.71875786858666,115.3532113831869,3.1045202699427805,1696.3899541897804,18.150175921630716
2026-06-06 00:54:00,70.79129927880214,116.2364130665433,2.8629654079257065,1688.9788739061041,18.028900391011867
2026-06-06 00:55:00,70.69885112438669,115.62028523305536,3.068208762030359,1703.2309313828673,17.6435011811769
2026-06-06 00:56:00,72.32292605810737,117.17993900266039,2.9597245032956367,1701.126844548883,17.6989475616844
2026-06-06 00:57:00,71.28304760694225,114.96489020340202,2.6553723739914474,1697.1357279896934,18.008558508648846
2026-06-06 00:58:00,70.9809339831616,115.13605363225219,3.202290859880796,1709.7586938268707,17.77374672544168
2026-06-06 00:59:00,70.00122121899875,113.10264115241982,3.162275568460827,1680.8314798459846,17.566247961385894
2026-06-06 01:00:00,70.48203718136237,115.08250203818876,2.9490699508971203,1727.3504706594263,17.951307928483995
2026-06-06 01:01:00,71.04641900274271,116.36972838043533,3.0911289864271008,1722.1827091094406,17.95852586683183
2026-06-06 01:02:00,70.18770428734194,116.65347492629232,3.115077673374908,1700.4193778520198,18.490130177249995
2026-06-06 01:03:00,70.58154457565745,113.60206060750032,3.0893123048524886,1703.460870751851,17.112559320072187
2026-06-06 01:04:00,71.54341019513002,116.99036710133885,3.2975049049133194,1717.269859931811,17.816923103847
2026-06-06 01:05:00,70.96811469077241,114.37679226079011,3.0989262040944183,1710.4119957085215,18.628274357811655
2026-06-06 01:06:00,70.52091620983845,115.11866349392447,2.9639541817751867,1731.7183262046333,17.99084199383596
2026-06-06 01:07:00,71.56890830901841,81.24390075806497,3.10532605010233,1704.6477784253716,17.729722034396893
2026-06-06 01:08:00,73.12350617353053,116.49800506929869,3.00199481280726,1731.1320936944162,18.31818092026229
2026-06-06 01:09:00,70.83683350034586,115.69921222303236,2.879255070961229,1687.7980727699407,17.77406607606958
2026-06-06 01:10:00,70.30464153448811,116.43452787942142,3.224358758570792,1690.567545412554,18.397031410781477
2026-06-06 01:11:00,71.24553376640957,117.87150847943148,3.124053602633081,1734.0529865779733,18.157972693595465
2026-06-06 01:12:00,71.5573140294077,115.50265547696397,2.7224392372722193,1693.8570936385963,17.16600958821128
2026-06-06 01:13:00,70.2869057766323,114.91579754532641,2.9379710538247497,1690.5924605117436,17.899251238157078
2026-06-06 01:14:00,70.86196678077637,115.72421194522273,3.1250414219820493,1701.5631880373767,17.752914825208347
2026-06-06 01:15:00,71.53671681491889,117.63936021183025,2.7857725198801635,1723.0288926558658,17.83983996336443
2026-06-06 01:16:00,70.38144215656916,116.92454308263704,2.9628556721940478,1703.7062598626956,18.195967153386547
2026-06-06 01:17:00,71.16529298887987,116.55338981586853,3.4271302750530572,1704.9551844468342,17.93517663706366
2026-06-06 01:18:00,71.04004462478323,113.36636631768452,2.9689146209067303,1675.898102894493,17.806939179357435
2026-06-06 01:19:00,71.49143154024692,116.31690416942426,3.2192473915907143,1704.3360719425025,17.637849801789063
2026-06-06 01:20:00,69.9403033793998,114.90710581422499,3.240318524014134,1718.0076868948724,17.431773604745857
2026-06-06 01:21:00,70.29736980269948,114.56880000787244,2.8893887084079415,1693.3675297321047,17.5908084264463
2026-06-06 01:22:00,71.5371986478696,115.87324592957434,3.099956574655213,1692.921772924883,17.988225611923355
2026-06-06 01:23:00,70.8468568278277,115.67462760414554,3.3451075183716297,1695.6151904374651,17.671773173609093
2026-06-06 01:24:00,69.74552398735456,114.31980252838962,3.0735335645231867,1691.7757535629232,17.97568852820546
2026-06-06 01:25:00,71.13812768129871,115.9330104539728,3.4019513997035142,1720.8954270447696,17.469375699257974
2026-06-06 01:26:00,71.81425761002228,115.22262755811383,2.9331870625099112,1711.4408221996455,17.021554517986086
2026-06-06 01:27:00,71.06404018131553,116.86071825164316,3.3374173351099685,1722.1646693339112,18.795633475932693
2026-06-06 01:28:00,69.36086087304997,115.65314361481832,3.027838018634935,1705.493865748661,17.363025681496847
2026-06-06 01:29:00,72.73210952208031,116.33444874876558,3.009767371158564,1702.4799544484588,18.381821330753993
2026-06-06 01:30:00,72.05985490904222,117.28200012068135,3.169788407616742,1703.1109804113535,18.296803151594624
2026-06-06 01:31:00,70.33898111663748,115.99073050711881,3.004933462274237,1710.81536320367,17.349486775856345
2026-06-06 01:32:00,70.96729187402676,115.52083151537549,3.0225235371783286,1730.8768134563634,17.7108781006962
2026-06-06 01:33:00,71.58482809426278,113.20439342680005,3.120025783990469,1695.338352047614,17.74157006234225
2026-06-06 01:34:00,70.26259877354853,115.95739347017563,2.7515678853454726,1689.2758490161475,17.81301190964989
2026-06-06 01:35:00,71.77516193971874,114.590900556092,2.9258821401066597,1692.098698184222,17.535633341713233
2026-06-06 01:36:00,70.31544769767667,115.43914348872154,3.1445717176314574,1719.7079715596733,17.700707915985436
2026-06-06 01:37:00,70.84365507260506,115.98781438975395,3.184900097065863,1706.6019616310214,17.756378221210525
2026-06-06 01:38:00,69.50168575936577,117.23635621034624,3.0960322483797844,1716.8205709735962,18.259089015120203
2026-06-06 01:39:00,72.23652774985044,117.86015638271998,3.084671850593166,1701.0387327414264,17.66023924288972
2026-06-06 01:40:00,71.22531308942001,114.57762967908816,3.105890759975841,1718.3814260738454,17.451284659083868
2026-06-06 01:41:00,71.45649368582002,113.8811697545802,3.174350109958729,1701.8215392894626,17.512216901894536
2026-06-06 01:42:00,71.33968992322804,115.8700757309317,2.8180134746149084,1683.2156517269962,17.88641928577071
2026-06-06 01:43:00,71.6720342432154,115.90700491430465,2.9646516754569205,1722.0580283540296,17.099410027309382
2026-06-06 01:44:00,71.28203843276627,114.20187837430394,3.0317775994748795,1708.045013377678,18.30099078079492
2026-06-06 01:45:00,71.37413838088038,115.51185463102841,3.0648203365782107,1702.4358921279752,17.77374971580223
2026-06-06 01:46:00,70.76392969449147,116.48352774718661,2.7346527614503486,1714.4390765501203,18.056525735733782
2026-06-06 01:47:00,69.3244954289234,113.65453707033888,2.8201055737345504,1680.080425372084,17.653033310150327
2026-06-06 01:48:00,70.84280699706906,114.26834340137954,3.028290653382185,1712.6187914897118,17.463978212366882
2026-06-06 01:49:00,70.66184394531255,114.82984060237987,3.1921599427476646,1699.1006076820784,17.368536720262927
2026-06-06 01:50:00,72.01194806608628,115.18107606493928,2.966196565648439,1703.4689341799678,17.437702654779113
2026-06-06 01:51:00,72.67447791330636,117.01994699186089,2.979111898219911,1732.9184884737551,17.49117879077864
2026-06-06 01:52:00,70.84654668429621,115.31808908990602,3.126624660243504,1719.0977983373489,17.994234140293464
2026-06-06 01:53:00,71.30878845768561,115.82939059547444,3.0016567144930217,1707.5277479034417,17.816403899393766
2026-06-06 01:54:00,71.24794312159004,118.26618232428773,3.1701860321496738,1706.0939974825492,17.17165555850866
2026-06-06 01:55:00,71.37909658961524,114.5691771380527,3.0145844354407507,1671.1481172923643,17.611772382059804
2026-06-06 01:56:00,70.94267360850478,114.57904631431714,2.8568935138302867,1692.5068005007731,17.94217344508174
2026-06-06 01:57:00,71.41889713840366,116.49569340056601,3.258555224636236,1711.6000642615954,18.358202504045902
2026-06-06 01:58:00,69.80254022437688,116.64318464093579,3.2160913273564717,1694.6379622504144,17.215212926719065
2026-06-06 01:59:00,69.6014837061688,116.15886472846117,2.900751657031955,1688.9182267981173,18.695107364053698
2026-06-06 02:00:00,69.6651628243049,117.15278611262764,3.058157208470199,1706.9625795305615,17.10724718088686
2026-06-06 02:01:00,71.28291417014917,115.79820712488163,2.978816926902209,1725.1601333822196,17.026724837700716
2026-06-06 02:02:00,72.11107570393985,113.82916104558359,3.1728919833989266,1705.1855124235153,18.803225334219924
2026-06-06 02:03:00,73.02136919841985,116.13245377878467,2.9363839958259095,1726.672606916323,17.59169505166886
2026-06-06 02:04:00,72.29902846684018,115.48308856422264,3.208660924577084,1726.4490048527211,18.69366758712321
2026-06-06 02:05:00,73.47470938768569,117.85505036676878,3.258874474074555,1701.2740792545867,17.831279704857934
2026-06-06 02:06:00,72.89281090005798,117.1431929513813,2.923608194143531,1702.2266122095214,17.87558021794783
2026-06-06 02:07:00,72.1479500518677,113.74583134811134,3.0537190406653005,1735.7593438072804,17.3046848599432
2026-06-06 02:08:00,70.00459791757463,117.10408528877517,3.2146416582055903,1689.6940408825399,18.252827337382943
2026-06-06 02:09:00,72.3026028453952,117.27168647806681,2.926091953977042,1706.1239655066079,18.528251693067144
2026-06-06 02:10:00,72.62885839965874,115.43596524991545,2.954697328624715,1740.4904978832349,17.648464073806686
2026-06-06 02:11:00,73.33721288373957,116.46553827872769,3.2032386044188144,1712.262541258567,18.249879676840166
2026-06-06 02:12:00,71.8583462434378,117.37804160908314,3.0230585744723757,1729.727252400361,18.118551698074537
2026-06-06 02:13:00,71.71830735733555,114.04849430178407,2.8579960245218157,1703.5271994777077,18.01858868282056
2026-06-06 02:14:00,73.09676782600516,116.31534554680698,3.0040249216034662,1712.4855852844778,18.43612241170554
2026-06-06 02:15:00,71.83524033536169,117.54626149085706,3.344244065543565,1732.7444052348997,18.074744374800176
2026-06-06 02:16:00,71.10005363935154,116.24134123952142,3.3992863760568977,1710.9586373243121,17.96610639634944
2026-06-06 02:17:00,70.7937442359167,116.31481418885853,2.940258532444202,1708.6603435297102,17.13552718114072
2026-06-06 02:18:00,69.45023278258311,115.82789537576937,2.9099454025392193,1720.5546766555062,17.334569872206842
2026-06-06 02:19:00,70.22210263653686,114.60425425253058,2.9676382982155842,1693.73812114705,18.00797043730405
2026-06-06 02:20:00,73.02957208258175,114.52054528715199,3.3030438170550034,1740.1570757479853,17.839869784669993
2026-06-06 02:21:00,71.82764305842409,116.92015296106827,3.197369911384369,1729.777037514364,18.35920290102366
2026-06-06 02:22:00,70.5609076672787,115.04921785184591,3.2945648329279926,1705.4683116902638,17.680893670975063
2026-06-06 02:23:00,71.9624182134375,114.06258726933828,3.2509032263085262,1708.3721162074035,17.28952060097055
2026-06-06 02:24:00,71.61587291187315,116.19542804899649,2.9344416849143338,1742.6564727394612,17.825749860686575
2026-06-06 02:25:00,71.6671344313174,114.71405071726868,2.9629133932112754,1699.0744271350845,18.48004391356305
2026-06-06 02:26:00,72.239919922515,114.83933423102647,3.0848633014469593,1709.9611423637957,17.753202267141322
2026-06-06 02:27:00,72.27613761189083,115.87885557153547,3.0994403823887713,1727.7625963494454,17.8818081524143
2026-06-06 02:28:00,71.7602775204547,116.98317501470383,3.114783823609404,1693.1575402646517,17.065793790060066
2026-06-06 02:29:00,74.89957663693116,116.1183349108626,3.155163604097957,1713.4137485846657,17.839127787160855
2026-06-06 02:30:00,73.76271120961835,115.04489208446334,3.3716946374783294,1718.920803443824,17.99661643327545
2026-06-06 02:31:00,72.44738833623867,116.46503297860102,3.287637381267102,1701.2692095415898,18.07617291541252
2026-06-06 02:32:00,71.20749647351644,116.52858863376736,3.4310177936816557,1680.334693900942,17.516021621099473
2026-06-06 02:33:00,72.3967451095515,118.60142020395712,3.3505997129511065,1713.6468960964787,17.365456283105715
2026-06-06 02:34:00,72.40630947779229,117.72419684872372,3.2354104857610047,1723.5758311856912,17.73142894235208
2026-06-06 02:35:00,71.73257431363076,114.42217688229562,3.361577110982088,1698.1955937902565,17.73271444661228
2026-06-06 02:36:00,74.50420199636555,117.01792706861816,3.1514003058201077,1695.4792614744174,17.595646888888695
2026-06-06 02:37:00,72.5035026655406,116.148581167215,3.0423039410610127,1730.0512527965827,17.580030876066864
2026-06-06 02:38:00,70.74214162949798,114.16877215258876,3.4870782603806885,1715.272466667072,18.177718537346212
2026-06-06 02:39:00,72.81053378646746,116.50115822566002,3.604778134633637,1710.0476755732884,17.83035081022233
2026-06-06 02:40:00,73.83341301142342,118.09747590674898,3.4592960336990672,1724.4136701065916,18.07351396892253
2026-06-06 02:41:00,73.07279629839586,117.28230925790633,3.414075669650597,1714.9230582510675,17.85285200871376
2026-06-06 02:42:00,73.22264824677059,114.61925865082519,3.291513729317706,1737.9768698357336,17.42571337075886
2026-06-06 02:43:00,75.37354022394244,116.36624386819526,3.722939668920024,1727.9596510486033,18.041705534403707
2026-06-06 02:44:00,73.13902192218926,116.56182301132195,3.6173968014442255,1692.1095337483594,18.102301157972928
2026-06-06 02:45:00,74.42756487563116,113.93686434684687,3.610736647172991,1703.6222273615401,18.701086915664664
2026-06-06 02:46:00,73.16431084916316,113.82721390958018,3.5770840859777064,1702.3262768766797,17.621972015410673
2026-06-06 02:47:00,74.79021087441427,116.32323595860811,3.546582601929223,1719.8125012140638,18.03474238819461
2026-06-06 02:48:00,74.63722447786735,116.60970138399432,3.4888940294825863,1714.2275449010294,18.56787876504784
2026-06-06 02:49:00,74.42473315992655,113.99632573624265,3.7009008965429917,1699.1294741947972,18.605663744122957
2026-06-06 02:50:00,75.3861588693512,116.6850136306731,3.6041333344499114,1725.0963707636622,17.850157314291685
2026-06-06 02:51:00,75.36872690664886,117.50442542426282,3.640840568520362,1731.00269369373,18.037717996825684
2026-06-06 02:52:00,73.53467936292967,115.34696274447498,3.9435162289774497,1706.5779799526235,18.24954075509064
2026-06-06 02:53:00,73.68075654969542,115.8367129794092,3.709843029326447,1713.3410604632188,18.08704985275435
2026-06-06 02:54:00,75.82857272891788,116.65672970548198,3.383665437796709,1698.4337916680367,18.3988954782413
2026-06-06 02:55:00,74.79667431813914,116.3463455024783,3.682002643902845,1703.0887440860204,18.378324374948285
2026-06-06 02:56:00,73.89753393336608,113.72027944566344,3.6264590548981115,1702.4105238662578,18.0828021622178
2026-06-06 02:57:00,73.29179848481901,114.398887536965,3.7607686315174655,1714.8459037599102,17.799935168144106
2026-06-06 02:58:00,75.0379338677,115.1723810090832,3.599625872782118,1712.4724638626408,17.55531263858562
2026-06-06 02:59:00,75.0526600616112,114.94607195853774,3.921260430571468,1708.108808508784,17.891846806487454
2026-06-06 03:00:00,75.0300388378529,117.80019445930672,3.836671231764265,1708.3236950279652,17.94877174949319
2026-06-06 03:01:00,74.90692626880615,116.5887330565166,3.8163739729069333,1681.51421890664,18.393279264695735
2026-06-06 03:02:00,75.69657179862575,114.76188275058033,3.9487340751733373,1738.6688255959896,18.117313435212186
2026-06-06 03:03:00,75.1614877083071,115.68709991351106,3.9256570590275928,1681.3090161708608,18.046475544574815
2026-06-06 03:04:00,77.17255198411657,117.76265234118053,3.9685553460761334,1725.0772976002268,17.80547655667711
2026-06-06 03:05:00,76.55383170261497,115.25957094421616,3.951206611700562,1714.3664217797314,18.49932181441994
2026-06-06 03:06:00,76.57468218779947,117.31886144615206,4.020061991529396,1713.3075763854558,17.841547042327544
2026-06-06 03:07:00,77.04107196665977,117.8133362121848,4.085837187142232,1715.2573845697275,17.96287084019486
2026-06-06 03:08:00,75.07287705974001,117.13577839823142,4.056063232962261,1699.0740441175672,18.36196751368793
2026-06-06 03:09:00,76.49310414746593,116.29077128493297,4.239739098120904,1724.116048220303,18.39178650693541
2026-06-06 03:10:00,76.1452948832073,117.23645877219494,3.9869142244490505,1690.099531367574,17.527703351116553
2026-06-06 03:11:00,76.92129033749933,115.4512053198628,4.148295023750599,1719.2890988162017,17.60741574129625
2026-06-06 03:12:00,76.54443869491928,118.8742355985822,4.487858256177036,1701.715921264457,17.864096889264804
2026-06-06 03:13:00,77.08059024785526,116.52269442235944,4.158447367527305,1710.0450797257402,17.886273726955288
2026-06-06 03:14:00,77.1944515563908,117.09688027447552,4.150881279697047,1703.611094713798,17.273399900143968
2026-06-06 03:15:00,76.09888395006435,115.69775962798415,4.009944173145574,1712.6152699970178,17.764767456241806
2026-06-06 03:16:00,76.82870707750935,116.9030864850049,4.124726115224454,1724.9161542257402,17.052675645045383
2026-06-06 03:17:00,77.06995508744782,117.06078232416243,4.243556245969298,1718.244749760923,18.56590303095561
2026-06-06 03:18:00,76.03158025696803,114.79675821191675,4.327192374442312,1726.146140276083,18.292094157665726
2026-06-06 03:19:00,75.29165264532857,115.00004195244185,4.38128416946371,1731.009103160626,18.63896360781196
2026-06-06 03:20:00,78.16984120173821,115.95890768884489,4.357274237348422,1720.6889952508693,18.243451172646665
2026-06-06 03:21:00,77.15430229745586,117.9437996845882,4.477301503268436,1731.8041950875345,18.129380075852623
2026-06-06 03:22:00,76.38126659813592,113.51532468424253,4.167308840911618,1739.8811314967816,18.265880152653864
2026-06-06 03:23:00,75.53737197716909,115.45283913897073,4.423043470953264,1690.6435078338009,17.66354426800909
2026-06-06 03:24:00,79.48803803537255,118.5789048374457,4.447109897912968,1742.9028160475402,17.97291872319338
2026-06-06 03:25:00,76.6038338776162,114.6093422673273,4.423378263992699,1737.6779935500795,17.985057931567468
2026-06-06 03:26:00,75.43981982947045,117.11129488821453,4.339024885936857,1714.5932508362296,17.9677263758361
2026-06-06 03:27:00,77.37626221904021,114.64985878143546,4.297672240913482,1741.936825093673,17.676821015429542
2026-06-06 03:28:00,75.4354929610561,114.25150422706949,4.2357111022109315,1731.2910545110292,17.256674203343255
2026-06-06 03:29:00,77.42967172601587,116.08164444090143,4.547362913056916,1711.721963288578,17.96241784758428
2026-06-06 03:30:00,78.45474598005922,118.68111632057743,4.6063978865007424,1715.1995668825302,18.381246141615033
2026-06-06 03:31:00,78.01138911234813,115.15249565525652,4.498934852433354,1720.2324994744617,17.902080408972875
2026-06-06 03:32:00,77.0681463107107,113.9771807423608,4.5460448198982535,1704.7281001856707,19.082966935715902
2026-06-06 03:33:00,77.85340003299754,114.79665370867231,4.489198966032305,1760.3880054593676,18.185060507799886
2026-06-06 03:34:00,77.14763387386517,116.79905847979902,4.6402870852637355,1720.908805342709,18.140618444304884
2026-06-06 03:35:00,77.90420434394363,114.18750720063062,4.603567654893796,1711.5406784018048,17.327097299421723
2026-06-06 03:36:00,79.38580277851752,117.57064842762513,4.582572436406236,1694.1148572773377,18.30730260687917
2026-06-06 03:37:00,77.13067967239266,116.0754095070282,4.777912661371895,1717.000920636218,17.81089030660404
2026-06-06 03:38:00,78.09508059986028,116.09428773635446,4.774990915736972,1697.322100079573,18.06281851495755
2026-06-06 03:39:00,78.79473671487223,116.2026023320719,4.44952692713651,1722.676590316476,18.59764022955077
2026-06-06 03:40:00,80.40595883098088,115.33191770913382,4.737906500796086,1679.7073495835527,17.997605194898846
2026-06-06 03:41:00,77.90137269760064,116.35314678715349,4.600591369908384,1736.59187794461,17.570643889717662
2026-06-06 03:42:00,78.6102934175688,114.96925883511847,4.800285794224898,1712.3171109655952,17.73963213688959
2026-06-06 03:43:00,79.383344671045,117.91867358941974,4.3206655034317905,1691.9575784607528,18.219159483967363
2026-06-06 03:44:00,78.70639345177476,115.07280910468857,4.844198964368127,1717.16165664716,18.200246897792386
2026-06-06 03:45:00,77.65570578162719,116.33996897400323,4.909422516608405,1711.0965070773025,17.937495177495396
2026-06-06 03:46:00,79.70826120000827,115.15690583588149,4.845840163504883,1717.683316837502,17.685092829347315
2026-06-06 03:47:00,80.34435246385625,115.51532380944062,4.692336310809797,1736.0981592001413,18.888124745837956
2026-06-06 03:48:00,78.24195031424992,115.75942791863147,5.184837772731753,1721.8202039913815,18.68981740317863
2026-06-06 03:49:00,81.30323193871332,120.15365540946944,5.110124737556363,1732.9551649829598,18.340148398834756
2026-06-06 03:50:00,78.67019217310337,116.031921197682,4.842767029318587,1710.2592030813064,17.41617699942375
2026-06-06 03:51:00,80.73502770031416,115.68811127464541,4.945733035000509,1728.7242785423828,18.9707556570796
2026-06-06 03:52:00,81.87301570277401,116.17194799991792,4.710644164205583,1703.1115435901097,18.807436600371098
2026-06-06 03:53:00,80.5314974257255,114.69575660655762,5.086019819127834,1723.8897247734926,18.291807686996165
2026-06-06 03:54:00,79.07907193920009,115.78943089755484,4.795998939123858,1701.7571885840862,18.47189447199449
2026-06-06 03:55:00,79.25402249063521,117.84778382961198,5.098267615630402,1728.147612845739,17.615511002975552
2026-06-06 03:56:00,80.58579777331221,117.01264886250719,5.238546529853732,1722.5912632541304,17.920596817019835
2026-06-06 03:57:00,80.64666455217366,117.40660627532372,5.075804934155231,1727.5766938703857,18.224210058934027
2026-06-06 03:58:00,79.6375631980035,114.97695213164972,4.930581384291369,1718.1866319912394,17.413345385342073
2026-06-06 03:59:00,81.72711079401097,116.40381135784322,5.337012125120663,1749.0654815035923,17.8798585140864
2026-06-06 04:00:00,78.78730564001876,116.2852536037207,5.130315933710392,1690.4688340970629,18.237835026910098
2026-06-06 04:01:00,79.43984165716533,115.30468344775292,5.173754070585559,1713.9604026223342,18.18351900895036
2026-06-06 04:02:00,79.77841979110607,116.94300873728224,5.06005112853312,1705.1053690500037,17.678835575468657
2026-06-06 04:03:00,79.96274956016204,116.71317725935126,5.216997791886608,1682.2510148336937,17.823733063377862
2026-06-06 04:04:00,79.4721123385549,116.93050294883082,5.198711958575712,1701.6790322138925,17.60431506033708
2026-06-06 04:05:00,80.94677521204494,116.46053135592925,5.074873075412546,1739.4716186628798,18.12548815110402
2026-06-06 04:06:00,80.17269435181052,117.69065245286235,5.478607930559731,1717.9681554068356,17.95162811658769
2026-06-06 04:07:00,82.94945800832751,116.386423082133,5.5832258629058575,1719.310953365929,18.744673868763353
2026-06-06 04:08:00,80.99005447630492,116.24591715135745,5.490830987051011,1733.7958786930162,18.269532345210443
2026-06-06 04:09:00,80.16296947204775,118.05964976504158,5.466926674635874,1719.4621926156342,18.06759915179792
2026-06-06 04:10:00,80.0692641787563,114.30113427721943,5.5754943810499835,1717.5932487531134,17.65777314621053
2026-06-06 04:11:00,82.0436562056799,113.95823131872143,5.1992384419347655,1718.199915148577,17.312647812400733
2026-06-06 04:12:00,81.80778316798093,115.5241304405122,5.255832993728859,1729.0139981233103,18.243298378054565
2026-06-06 04:13:00,80.56643288094138,116.33908330104477,5.327339249127226,1704.9132638553797,18.130328134097596
2026-06-06 04:14:00,82.44902140525659,117.78470298318517,5.47965758015559,1732.2982280085969,18.21483480220972
2026-06-06 04:15:00,82.60292352480366,115.65423108658781,5.425397486173003,1701.1093952633555,18.500471803232685
2026-06-06 04:16:00,83.00409556214206,118.9668673025257,5.359920482515422,1722.5644674720982,18.691047683503214
2026-06-06 04:17:00,81.05585489215221,116.21117827517914,5.493880726017409,1732.1677083513766,18.968505457494025
2026-06-06 04:18:00,81.93007968408536,116.02219615716201,5.4985089924023995,1713.1667924519593,17.62892127236177
2026-06-06 04:19:00,80.91592638831911,115.32102321924943,5.6716866986246215,1711.4165166281002,18.26436325836691
2026-06-06 04:20:00,81.83219194829653,118.80636177386077,5.581235919177264,1753.856420121431,18.37108185638052
2026-06-06 04:21:00,83.2577183472955,116.13559405889602,5.2997653938696825,1738.824753166121,18.03005141874492
2026-06-06 04:22:00,83.96071132792683,115.08133677955051,5.688336227040724,1724.520792418916,18.08686293496593
2026-06-06 04:23:00,82.24446550523442,119.07710231805365,5.851809992272827,1700.4815008905132,18.26345862088731
2026-06-06 04:24:00,80.98693342738494,116.87877057910042,5.658260047943749,1688.2252788279588,18.364301380901207
2026-06-06 04:25:00,81.8431738693302,117.46512757247841,5.829456720056584,1730.7170056696777,17.83203455509529
2026-06-06 04:26:00,81.84315717920987,118.27339253361478,5.6097246616216765,1735.728298468947,17.408721276867077
2026-06-06 04:27:00,83.07754050888008,117.36745489513666,5.816141872817019,1727.6712241255768,18.118409648842242
2026-06-06 04:28:00,81.88426646294546,117.59531207100471,5.6267618021691135,1693.3454283772824,17.943349145086298
2026-06-06 04:29:00,83.15557061896354,116.68514525824502,5.7352570216372065,1724.0041898148615,18.55106915899776
2026-06-06 04:30:00,84.49365406449317,117.32452927610385,5.745525091721088,1711.951246492023,17.852433029545974
2026-06-06 04:31:00,83.59385532471683,116.46024275000457,5.877449189786548,1722.4412758082055,18.17956978634018
2026-06-06 04:32:00,82.92690573772353,116.1768061517861,5.6831248969453565,1745.1655247707968,17.41776498698636
2026-06-06 04:33:00,82.02265478192932,116.34764292559124,5.6080250067525945,1727.8941281523705,17.48139594620634
2026-06-06 04:34:00,82.72244180085552,116.28676712069625,5.95635305161677,1732.1470567692213,18.073678212488673
2026-06-06 04:35:00,82.78151732912747,117.1939183396834,5.95991067994899,1720.5020324667848,18.194119916408845
2026-06-06 04:36:00,81.50920101300576,116.6956953001372,5.899706926742516,1720.7968666776726,17.71881393949354
2026-06-06 04:37:00,83.71870760200366,117.43966176179897,6.067813585928599,1708.580884420172,18.285574927001075
2026-06-06 04:38:00,82.51662084418848,116.46040328585454,5.867359805068636,1717.5623770368522,17.16593209114364
2026-06-06 04:39:00,82.60074476901009,118.63515661671313,5.996920958488012,1713.5675389189823,18.03154032834389
2026-06-06 04:40:00,84.49580231865386,117.96100292172872,5.953894551403794,1710.3041283889509,18.267539396087642
2026-06-06 04:41:00,84.98441368060423,116.1255180777737,5.966829826695071,1730.547964281247,17.607971180081297
2026-06-06 04:42:00,85.60461344070903,116.99302184212917,6.082476082776618,1685.8511682874846,18.316023196197246
2026-06-06 04:43:00,82.85755564229983,117.20645689362513,6.329708258429887,1698.6468912337186,16.887999155716678
2026-06-06 04:44:00,83.7591257578629,115.16063395113949,6.174501312841084,1726.5411629211499,17.876219094895355
2026-06-06 04:45:00,85.0110372796751,118.93896701313022,6.181014066607408,1738.6604616134082,18.575933957375064
2026-06-06 04:46:00,85.66139859627151,115.63250512492901,6.238232630692073,1727.9031775511992,17.39101299697789
2026-06-06 04:47:00,83.35553957032448,117.79358587458846,5.800943238244259,1712.762101878185,18.625032802629903
2026-06-06 04:48:00,85.52648695988832,116.37142797718009,6.198484398756718,1717.4161136775385,17.715376227791012
2026-06-06 04:49:00,84.01494684338981,116.31777807578034,6.309019078711865,1722.7544108876903,17.953269592598097
2026-06-06 04:50:00,83.40573797583679,114.46744474892199,6.182729234378156,1737.1538853097209,18.578094059783364
2026-06-06 04:51:00,84.30923803366605,117.46017356883861,6.207085390137983,1732.091282638097,17.934813609272332
2026-06-06 04:52:00,84.29787560001728,114.5099547930984,6.072372706552473,1727.9987376154631,18.673499224826845
2026-06-06 04:53:00,82.88383322279753,114.15067172583153,6.157567075522156,1712.741236010034,17.818891307871525
2026-06-06 04:54:00,84.08535052668992,117.50431941335701,6.133747303643018,1698.7708824931726,18.022492223409508
2026-06-06 04:55:00,86.37243800162206,119.04020696887177,6.481512280853189,1704.1451166800243,18.783244021180142
2026-06-06 04:56:00,72.89630536632617,115.5600292639763,3.3159651138455626,1713.624000028471,18.397989054376513
2026-06-06 04:57:00,73.32394373866414,117.71337713197377,3.3909029814762555,1730.6200741644384,18.316460282026934
2026-06-06 04:58:00,72.32361863900204,117.24722842853073,2.9585939635109955,1709.6903329353142,17.96036875658512
2026-06-06 04:59:00,72.37499932178542,115.80019324577387,2.960405842928455,1720.7161621950345,17.33466135148417
2026-06-06 05:00:00,74.30457825142732,118.33270293483758,3.0028605705188003,1711.142687625625,17.763987818206736
2026-06-06 05:01:00,72.39497038255864,115.60256285008236,2.900477211351544,1701.0458129130159,18.424719991394177
2026-06-06 05:02:00,72.91365550133384,116.9068246319125,2.935356181691236,1738.2639306776289,18.82266714212983
2026-06-06 05:03:00,73.62603788758916,114.93293804029392,3.0185065619115363,1730.669241956513,18.27056210301574
2026-06-06 05:04:00,73.74602943217768,115.07135492626166,3.2328109944272487,1715.7305422705303,17.55281871905498
2026-06-06 05:05:00,74.61935077206978,117.64192618110776,2.974929527616346,1704.062696667874,17.81062576084719
2026-06-06 05:06:00,72.788786527399,116.5686126895681,3.218439795343208,1726.3292761886637,17.624825707190727
2026-06-06 05:07:00,72.36848649067186,116.04879264886453,3.286436237593446,1729.4101154647324,17.88755884195027
2026-06-06 05:08:00,71.7445119719064,118.52634194204933,3.125226320360212,1726.0803290039098,17.76458424668209
2026-06-06 05:09:00,72.2532586606252,118.50786423841474,3.266441989935554,1713.7470454413076,18.3237806774472
2026-06-06 05:10:00,73.24549529100436,117.28246318745434,2.9128417282167667,1706.9872865113334,18.476688195696948
2026-06-06 05:11:00,72.61266970668525,114.35497968437242,2.9897230693960894,1714.46767187993,18.682908009270733
2026-06-06 05:12:00,72.55482537071288,116.42359639783176,3.1322468277960196,1741.8808671957179,18.123096227356612
2026-06-06 05:13:00,73.98585637700083,115.51695912389734,3.13455559106495,1706.5785144750548,18.33810158023016
2026-06-06 05:14:00,72.40439675562925,116.8654398891483,3.3315864507399615,1724.1521158104924,18.675463086034025
2026-06-06 05:15:00,71.55645660911439,115.30768175919073,2.9455890881347977,1743.6200593129065,18.624287814330888
2026-06-06 05:16:00,73.31146732432124,115.27430895601884,3.0334420016507284,1718.2335737560445,17.860927989081627
2026-06-06 05:17:00,72.16997187096365,113.70687366268936,3.0820531764010624,1717.0478967384138,18.372942354562213
2026-06-06 05:18:00,72.2038131554553,116.80590889552253,3.0292204620215313,1701.1466306659313,18.361263393582504
2026-06-06 05:19:00,71.54070147658665,113.26666298016035,2.9119513050394286,1723.0170591596755,18.13370791048571
2026-06-06 05:20:00,70.76226774999883,115.30143941612965,2.9742326470192038,1698.0340733675519,17.86671873209044
2026-06-06 05:21:00,73.19130375430112,117.42487451257402,3.0692775735589266,1697.9022564600377,18.980947771598338
2026-06-06 05:22:00,72.72119004958381,115.74226851547274,3.3243838924663778,1707.1470653775032,17.948056246718696
2026-06-06 05:23:00,72.81498301297175,115.32135103418653,2.9551748970081317,1724.7686296228896,17.931571233033246
2026-06-06 05:24:00,72.64421293835557,116.24263640739586,3.21054786661815,1693.9524603271689,17.83363721408512
2026-06-06 05:25:00,74.67031113931785,115.93513230719408,3.3194508968130454,1704.9388891914964,18.348650032834193
2026-06-06 05:26:00,73.86771727303457,116.56834995791262,3.0128148326565207,1726.3300682933193,18.290107030543126
2026-06-06 05:27:00,73.33969562224968,115.37134494751709,3.1463666843321794,1720.3907784892176,18.122913485153447
2026-06-06 05:28:00,73.50802043624357,116.53840025919393,3.1973099788961417,1708.4740656080255,18.734421316843587
2026-06-06 05:29:00,73.85729217417344,116.58621602779711,3.1951120868595266,1721.8732691281687,18.499559697159423
2026-06-06 05:30:00,73.1691157082948,116.37823246750985,3.105125376935376,1744.63333745042,18.157478767814073
2026-06-06 05:31:00,72.89627459376896,118.25423146547145,2.9843127494602353,1736.4533033627054,17.613927973358663
2026-06-06 05:32:00,73.1394293707455,116.27914866203797,3.1686601962209346,1712.2468388013076,18.74812380765565
2026-06-06 05:33:00,72.3996618715379,117.56064573414196,3.074185502277618,1738.3135713170489,18.45867576585442
2026-06-06 05:34:00,73.04596391628912,115.86702935501107,3.1120830437724267,1723.372127068611,18.96323250432197
2026-06-06 05:35:00,73.52535757350564,116.89491054177378,3.134839602012724,1695.080457085326,18.064595667558326
2026-06-06 05:36:00,74.83256106486549,117.09702998720006,3.2901846581794785,1703.0599146847283,19.04564635010317
2026-06-06 05:37:00,72.42859397378763,116.6255534485823,3.395188927518499,1707.5595575735626,18.06993392959744
2026-06-06 05:38:00,71.16530240864914,116.88113256105942,2.9628254236643308,1691.0623406881662,18.77881577007112
2026-06-06 05:39:00,73.5149305785513,115.83465571056779,3.103548629396167,1723.2059867342355,18.66577681146092
2026-06-06 05:40:00,71.7981739686489,115.72420280127294,2.85746127423426,1707.7756713118974,18.440743862507823
2026-06-06 05:41:00,71.34825507753914,115.79239013223355,3.313955470941704,1724.7277721466185,17.89815763218019
2026-06-06 05:42:00,73.43445652755453,115.76773554768494,3.098217358198425,1724.9384284337768,18.94996360944822
2026-06-06 05:43:00,73.00672224101508,116.52765023701745,3.043032901222161,1727.9473180025188,18.97507459280081
2026-06-06 05:44:00,72.06402336959964,115.64158301339596,3.079724663880581,1700.4188369915323,17.88732354179195
2026-06-06 05:45:00,73.21743647571036,118.77208651125387,3.1470504517965336,1734.062260626035,18.55193459230819
2026-06-06 05:46:00,73.08296006723224,119.80185186439732,2.996014521332147,1706.8261525022508,18.66415291491162
2026-06-06 05:47:00,73.83236187126727,115.74841515320118,3.2735252594299884,1729.7360442452537,17.426101296857677
2026-06-06 05:48:00,72.15871187315012,117.07803908083221,3.211726669401556,1741.3429544081498,18.820965892607074
2026-06-06 05:49:00,72.02800343097282,117.88520185344854,3.226931735865081,1732.7085404359423,18.729265969910248
2026-06-06 05:50:00,72.66034684606086,116.26238067776663,3.0034171930178033,1718.427564218282,18.06538216420824
2026-06-06 05:51:00,73.38737100294769,115.51107360902425,3.0035058057272424,1731.2260968192263,17.475245663850792
2026-06-06 05:52:00,72.68149980900544,118.62507463741395,3.085585170236457,1697.5245064643154,18.402906303426168
2026-06-06 05:53:00,73.9149869068387,117.52375557591878,3.2333514716926146,1696.2909731776158,17.896718535437792
2026-06-06 05:54:00,74.321906511012,117.10784822129433,3.1902823488860355,1730.0075369433334,17.727428155111816
2026-06-06 05:55:00,73.31993234194537,118.28908554128682,2.9865778812688073,1740.2621320944468,18.422512835230606
2026-06-06 05:56:00,73.3156522643764,117.35793300327423,3.1957410396509265,1700.6436452675705,18.744009148299522
2026-06-06 05:57:00,74.1356613052133,116.90146878864446,2.984781250212483,1726.3476468308227,18.39192271448054
2026-06-06 05:58:00,72.7207513180607,115.18461538376,2.9911952987861374,1724.6705855773869,18.652341942820186
2026-06-06 05:59:00,72.19991264256684,116.02538170790012,3.1314838237256755,1712.3467863617227,18.57434376402688
2026-06-06 06:00:00,72.42595168036134,118.06996036962794,2.932557185473494,1716.564892655082,17.762810279002018
2026-06-06 06:01:00,71.55350194922647,117.13562115117395,2.9432786118542755,1726.7602274780381,17.936910189113895
2026-06-06 06:02:00,72.39638850203676,116.0335962257496,3.3166579766850615,1718.3907452724031,18.560505371687796
2026-06-06 06:03:00,72.9732541952036,118.51359171849458,3.297854288643358,1720.2712368078578,17.971952807710228
2026-06-06 06:04:00,71.5448030657387,116.16344094311293,3.4335978146446213,1703.293610426214,18.50369591318319
2026-06-06 06:05:00,72.182483781938,117.2472254250056,3.1383995270943235,1713.695478040165,17.86704222844537
2026-06-06 06:06:00,71.90790186280694,116.56808431945164,3.183650484286016,1711.4184662751784,18.44052083659624
2026-06-06 06:07:00,72.3029750884614,118.89871092655274,3.082034173487054,1715.8898351124415,18.46122543182269
2026-06-06 06:08:00,73.25745909829787,117.78252390024682,3.0726915796316434,1716.9305297919464,18.340117797487437
2026-06-06 06:09:00,72.43394071115031,116.72055233236885,3.241798057494278,1721.7929433687875,18.60980248032475
2026-06-06 06:10:00,71.92275126009085,115.50415020834151,3.2522107031620178,1696.558659651104,16.9954065661892
2026-06-06 06:11:00,73.2469238538701,116.67221669288,3.230708937409423,1722.7235292501275,17.911063582573938
2026-06-06 06:12:00,73.31316877831637,115.46002204099234,2.9627278443725804,1712.2645098722799,17.979798100698694
2026-06-06 06:13:00,72.91222597479968,114.99346776319601,3.1676443718701592,1707.7987480534116,18.785836706016422
2026-06-06 06:14:00,72.66137439023227,116.86344408800063,2.984008186522141,1690.67728836538,17.668011203218153
2026-06-06 06:15:00,74.37667030671447,115.79875988099461,3.047257161475988,1733.3984171785282,18.205615447630798
2026-06-06 06:16:00,71.63290233665792,115.82226509582662,3.3431456875666616,1730.7369849036927,18.359810693553055
2026-06-06 06:17:00,74.00588096507235,116.38253970131147,2.919339395789934,1707.7824948083003,18.343590953719854
2026-06-06 06:18:00,75.1210142145702,116.96136561830349,3.4518843221304643,1735.5409874142176,18.409913806521264
2026-06-06 06:19:00,73.59055439225143,116.497801411523,3.1816934991023915,1704.4808598068703,17.99624154402763
2026-06-06 06:20:00,73.37552939868714,118.90590730926212,3.051413277588747,1719.659101923544,18.31130821906651
2026-06-06 06:21:00,74.69287995962317,117.57053451260938,3.1286110282909854,1715.7215252732474,18.77774569773878
2026-06-06 06:22:00,73.12900683573973,119.22258665582221,3.0101358680161017,1718.412242451381,18.071282426129393
2026-06-06 06:23:00,71.34830579410635,115.42967868750004,2.9817273729537117,1722.4455942558475,17.114497165420303
2026-06-06 06:24:00,73.34293060444845,117.76723741165479,3.132779211689032,1718.3288570240084,18.599855881944695
2026-06-06 06:25:00,72.25127324689078,115.89361907033697,3.040909463087437,1712.9549297086735,18.77519342415045
2026-06-06 06:26:00,72.65285343573896,116.03171773832744,2.973726586349325,1733.882754472683,17.932051182317345
2026-06-06 06:27:00,73.2836919382077,118.77249398714791,3.0466446158276477,1716.8968574567043,18.64322174191751
2026-06-06 06:28:00,71.6478353468446,115.21151909119664,2.878360917602701,1706.233806942727,18.2749154400588
2026-06-06 06:29:00,74.13813050000077,114.40284324170183,2.947956070469829,1731.3552799605052,18.077915904543246
2026-06-06 06:30:00,71.24512723249951,115.35053320101146,2.887696756015597,1730.8908949394045,17.818544193820834
2026-06-06 06:31:00,73.68491022099106,114.420142443699,3.372707412657644,1740.2404924549942,18.116050854905765
2026-06-06 06:32:00,72.11711556370844,115.37933879825711,3.1622388138671753,1700.409615452277,18.328076284408493
2026-06-06 06:33:00,71.77249346710272,115.32804207770143,3.17994129537752,1698.994386914323,18.106707640463622
2026-06-06 06:34:00,72.85271993141076,116.51241324756566,3.0996941537714195,1734.587264776298,18.677264835787547
2026-06-06 06:35:00,73.03000564562925,113.63269796400579,3.148756581214101,1710.2500604874301,18.38585574796626
2026-06-06 06:36:00,73.30714334421172,117.9125488683073,3.274870637659526,1686.6986602009424,17.62058718624275
2026-06-06 06:37:00,72.71864122024932,113.90474933958205,3.13821774292035,1704.4604411429361,17.51025206479888
2026-06-06 06:38:00,72.61765678404011,116.20749427682699,3.336769188246322,1711.5583073960463,18.42610862657523
2026-06-06 06:39:00,73.24333570343556,116.36693818459281,3.1114837864487797,1718.7237781781319,18.17178872884176
2026-06-06 06:40:00,73.7398501757666,117.54388926436715,3.193401472628669,1732.1868442691618,18.20678410424322
2026-06-06 06:41:00,71.61227806375392,116.45326182668613,3.174362629714292,1699.8146146361123,18.234328303372084
2026-06-06 06:42:00,74.12820492239834,118.154576304933,2.975548481015803,1737.1040364704008,18.70855353791515
2026-06-06 06:43:00,73.93184888717829,116.0378017176419,3.1045141893008004,1723.8975960268651,17.742419025215394
2026-06-06 06:44:00,71.94646096291677,115.75208911904701,2.811105817116215,1698.1656915499002,17.266248853395258
2026-06-06 06:45:00,72.83480522704849,117.19052999384135,3.0935308597215956,1717.8103055170395,18.302331777021205
2026-06-06 06:46:00,72.40289360654461,117.65476726127152,3.052780698369459,1726.3496730079219,17.86792577203635
2026-06-06 06:47:00,71.06416951290758,117.10895272205363,3.0237490515859182,1715.5116969096107,18.085935076722667
2026-06-06 06:48:00,73.66760644376409,117.40774137069671,3.073643868741463,1732.638790363308,18.475337668251147
2026-06-06 06:49:00,73.96248064342905,116.73985542954809,3.17417349979003,1710.6642313748955,17.840165949405794
2026-06-06 06:50:00,72.04359646480218,116.39648150077467,2.963127251321867,1727.5219004803696,19.054759556906724
2026-06-06 06:51:00,73.74312074541034,116.83339812662193,3.3684306715447123,1711.909496410065,18.177541490772033
2026-06-06 06:52:00,73.2843340716678,119.25746615239018,3.2061584958443814,1762.3997491443104,18.178270347630537
2026-06-06 06:53:00,74.29643918017833,116.01151727737981,2.966395519754484,1697.5762917293682,18.191876175681546
2026-06-06 06:54:00,71.44467139365372,115.55767272925452,3.163419812195908,1753.7367427644015,18.209481867993922
2026-06-06 06:55:00,72.39163405244447,115.7241427670073,3.2327885991523724,1702.4449070935034,17.87368935392483
2026-06-06 06:56:00,72.97880548694694,117.32072327929733,3.178932688495847,1743.7813822356522,19.354840436089365
2026-06-06 06:57:00,72.85681140712587,114.15739169008093,2.9626947831482346,1735.1247576957862,17.74270962677515
2026-06-06 06:58:00,73.82197686302511,116.213642721008,3.4273075012639236,1704.6994124418643,17.60663475225686
2026-06-06 06:59:00,74.10472024983729,117.91932167236303,3.220090859051862,1733.826011395396,17.791539053713677
2026-06-06 07:00:00,74.16959703950229,116.04179445544551,2.924414492583598,1714.8731393396167,18.3381921823584
2026-06-06 07:01:00,71.68193691251363,116.59124973242945,3.1225142084785977,1722.3521327144576,18.372784029335318
2026-06-06 07:02:00,73.31520820909157,118.92687527925037,3.0599972229947667,1720.8269790402421,18.065653204238494
2026-06-06 07:03:00,72.30780169515184,116.94039802423859,3.103795965601047,1715.3267277933162,18.45922918790816
2026-06-06 07:04:00,71.31479810759038,113.50525451346381,2.900430957568747,1709.4112364367036,18.278786088507474
2026-06-06 07:05:00,73.07386551354625,114.74956506136293,3.1042440617067424,1724.3321030831432,18.07640774610414
2026-06-06 07:06:00,73.24439789010168,116.22957970997929,2.977364326514101,1706.8531144380208,18.436352597837406
2026-06-06 07:07:00,71.90321096828863,114.96567607976986,3.0095868942279393,1699.4121378415425,17.886555160518856
2026-06-06 07:08:00,73.32936880445048,116.50172088413494,3.1499606672396787,1732.6934561138385,18.025221007879413
2026-06-06 07:09:00,73.3820791762591,115.98812183433796,3.0179459752384736,1724.3139672852683,17.971402929683308
2026-06-06 07:10:00,74.65377513557583,118.138281671508,3.072369788424417,1703.5866031448866,18.462715905700033
2026-06-06 07:11:00,70.79821480399856,114.56564686470976,3.1813843884336155,1696.6207306476595,18.424738754325073
2026-06-06 07:12:00,73.82587893342341,116.06313370991941,2.954185961315935,1685.4474435168022,17.67405389229881
2026-06-06 07:13:00,74.06589378194334,116.54073247982366,2.9880716832059044,1730.7123112289603,17.94789147415692
2026-06-06 07:14:00,73.12802953080993,117.11986810418813,2.925845362277933,1733.1353978381787,18.420320007505
2026-06-06 07:15:00,71.47986910040784,116.5834975337268,2.970392567847813,1702.4330599825148,18.906409512204053
2026-06-06 07:16:00,72.80741338373407,114.06357814906495,3.1498423848950026,1735.8395140026196,18.651229847751054
2026-06-06 07:17:00,72.86011398557523,116.71474803877078,3.2035727499532953,1751.3131521282444,17.98231679128784
2026-06-06 07:18:00,74.19310394900877,116.1099900909311,2.9651346162720094,1694.1218581234461,17.775888613682653
2026-06-06 07:19:00,72.98098726386704,117.52059333534767,3.1903826175435346,1710.5556436220259,18.635868854377428
2026-06-06 07:20:00,72.1128892833346,117.17088265865131,3.1026701797190084,1693.9597052749295,18.026206461623367
2026-06-06 07:21:00,72.78188985537587,116.95411924422282,2.9036166541398356,1736.4295693805786,17.840188952250827
2026-06-06 07:22:00,70.95252007976595,116.3811459239722,3.093207319789374,1711.9637882139154,18.40819559074262
2026-06-06 07:23:00,73.01084886685955,117.77845374063322,3.2561931855415494,1709.4363466605805,18.201070850043255
2026-06-06 07:24:00,73.00050023484928,117.91743294382711,2.81865156900118,1723.9056390344888,17.790879855045716
2026-06-06 07:25:00,75.21134108489252,117.09613714125469,3.418496738390463,1715.1891745343064,17.846738386930927
2026-06-06 07:26:00,71.9726390634037,118.30953771828248,2.95742464800325,1703.7759925750074,17.00046245021359
2026-06-06 07:27:00,74.27506044105584,116.05172010463662,2.8730045369179744,1728.1955129053295,18.15382705266839
2026-06-06 07:28:00,72.50378662204942,114.9262035136099,3.1106792180845977,1708.8319692086354,18.29619939088142
2026-06-06 07:29:00,70.77347226435162,115.81014265917925,3.179539606379396,1703.9405276508712,18.29579558556525
2026-06-06 07:30:00,70.2717371081369,115.03672911164895,2.990288382066216,1704.1228777969084,17.91262770600332
2026-06-06 07:31:00,70.75357372041512,112.96607606640148,3.108372266140437,1713.6965781864915,17.440311763402065
2026-06-06 07:32:00,73.47800742270454,115.59198885143537,3.4096169065220203,1727.3559428260985,18.07394053488697
2026-06-06 07:33:00,72.40890265796465,116.77071958844641,3.1214092451564195,1726.8606497747553,18.750958805377387
2026-06-06 07:34:00,73.89310091565461,116.49591694708405,3.551743153838877,1698.3801676427302,18.077932690279884
2026-06-06 07:35:00,72.52497365266782,115.27636737137783,3.2702359912047942,1737.2275505404816,18.41160862824476
2026-06-06 07:36:00,71.84155736044374,116.08869664599735,3.0769240326974554,1714.7255002390532,18.277091993665074
2026-06-06 07:37:00,71.55175203015989,116.39140412415912,3.1266450647174096,1711.6079815601224,18.42578534739659
2026-06-06 07:38:00,72.99135617114672,117.2331142530219,3.04375312792098,1704.7805560361107,18.35999043680436
2026-06-06 07:39:00,72.68798678529097,115.6616458245899,3.1328664666628128,1748.9234612143662,18.518416913808096
2026-06-06 07:40:00,72.96717168391085,117.171340419393,3.1590811591472403,1750.3674446787115,17.4687351721385
2026-06-06 07:41:00,72.68190491586384,115.31834515917095,3.047851956828253,1749.687599731717,18.919690568575113
2026-06-06 07:42:00,72.82780400881279,115.56340659196798,2.870834894508359,1717.3873539829408,17.36109802620396
2026-06-06 07:43:00,73.49294303355084,118.12892399220726,3.270867278871445,1719.6966741260364,18.169788592449734
2026-06-06 07:44:00,72.5889919649443,114.95682029549164,3.2250539184912093,1738.1718589685042,18.073355564479243
2026-06-06 07:45:00,73.96375549221315,115.87724038985286,2.898620739969019,1718.6255525173997,18.083627575965643
2026-06-06 07:46:00,73.06263740998374,114.79882933380766,3.112486168640147,1725.4870400819589,17.761217203168364
2026-06-06 07:47:00,73.78070191600557,115.1383947042215,3.229468524018588,1718.4898133221711,18.285457044650762
2026-06-06 07:48:00,73.52593256018929,116.78037790105164,3.246182097260483,1750.3060787426698,18.62770627406715
2026-06-06 07:49:00,74.51266762981487,117.82420102562477,3.0276611572536054,1747.8962538172384,18.44694534891711
2026-06-06 07:50:00,72.75782125730727,116.3710552798376,3.2402122485536715,1716.5093725859158,18.081010819049
2026-06-06 07:51:00,72.77575756036218,116.3080063753894,3.1154402022465284,1745.5108816334887,18.86138822087129
2026-06-06 07:52:00,72.30394900037672,115.14391611111687,3.167317890632405,1721.745622820799,18.148938984312565
2026-06-06 07:53:00,73.29282761613051,115.26708763559225,2.9380524960630696,1707.0085886068184,18.052949354777404
2026-06-06 07:54:00,71.8457443491976,114.47097296467068,2.449863001638522,1713.4028304251763,18.081665268504068
2026-06-06 07:55:00,72.45734508912689,116.81419829451153,2.945422505850952,1714.6155257524188,18.953480747371334
2026-06-06 07:56:00,72.83370706590821,117.21773471917726,3.163849690590677,1704.8968734163025,17.789232551849683
2026-06-06 07:57:00,72.97600207565954,116.07234978067362,3.0439109495670174,1707.1808771057429,18.393015346060476
2026-06-06 07:58:00,71.95756589544774,116.71440893741868,3.176506483800509,1694.1448192782796,17.41259370635868
2026-06-06 07:59:00,71.52207549305267,117.1288088003363,3.2377444280386016,1702.027157383805,17.65549434419851
2026-06-06 08:00:00,72.72851559691578,116.33435972843704,3.0312825053723214,1719.6903243252216,17.982770292375747
2026-06-06 08:01:00,72.67697278880613,118.12775588447698,3.0326858674170913,1735.0377147923261,18.175327993156984
2026-06-06 08:02:00,71.52836966577556,115.02804493204025,2.755744603998919,1730.4650963683919,18.01852911155316
2026-06-06 08:03:00,73.0104157497234,115.31139338426541,2.8165021268593193,1716.1782330982692,17.82513539125413
2026-06-06 08:04:00,71.49070303039721,115.50062417992649,2.8698048828038814,1691.219751372971,17.755346364074175
2026-06-06 08:05:00,70.85818983089587,116.60323371307736,3.138599079757254,1698.1056016398293,18.42830264521976
2026-06-06 08:06:00,72.51064801410784,114.63120871913438,3.0420656523971954,1715.0674029647757,17.775920294071156
2026-06-06 08:07:00,73.85533394874554,118.16409307524707,3.0149663926008543,1733.462810538017,18.51104392051606
2026-06-06 08:08:00,70.96468518708289,117.02316586738495,2.992623917043853,1709.6343407041463,18.445566819798195
2026-06-06 08:09:00,73.00064772079266,118.13272378170771,2.9519775452345236,1695.4686023835322,17.63704990203648
2026-06-06 08:10:00,71.94910789375233,116.29045789139703,3.2277953678296325,1739.579567321531,18.022774044772728
2026-06-06 08:11:00,72.45266867751846,115.46014108393543,3.088703605742059,1703.9163283179341,18.05926797737311
2026-06-06 08:12:00,71.29227086460708,116.70506552470621,3.2098016021717837,1695.3024519509888,18.628435648111886
2026-06-06 08:13:00,74.54754990257024,117.71368630318145,2.769459285832811,1723.1034728072393,18.09083433139066
2026-06-06 08:14:00,73.09217018774964,115.63893205065204,3.1796591602140896,1719.1987078378968,19.69757030983056
2026-06-06 08:15:00,72.49727288528476,114.13475725367849,3.02955593748911,1712.9230803160387,18.57308709801945
2026-06-06 08:16:00,71.8812305001755,113.8695333085497,3.028515851582866,1714.1528754927156,18.16792566788255
2026-06-06 08:17:00,73.25909629491876,116.90735522851509,3.3091701515280194,1707.3601370083645,18.650531842096527
2026-06-06 08:18:00,72.31837050127898,117.93634187298152,3.0140634974770264,1706.8344825818872,17.356625054371193
2026-06-06 08:19:00,73.20805159356667,114.86751440410518,3.1690191928312403,1718.5050019981838,18.68301123759215
2026-06-06 08:20:00,72.14978484966112,115.74861465603178,2.9190051361205605,1683.801547622844,17.508600721953695
2026-06-06 08:21:00,71.2138054339506,115.73962822094046,3.0826010356745095,1729.7628855322102,18.4267475679256
2026-06-06 08:22:00,70.7174257039141,117.79945840098755,2.7943009832914085,1686.0040362667455,17.510398241713624
2026-06-06 08:23:00,72.73890071711757,118.83722191232734,3.0665224805536906,1700.9409833280451,17.743686495688664
2026-06-06 08:24:00,71.94579871809265,116.75019570753705,3.140534779596462,1731.5470019290638,18.8294300983084
2026-06-06 08:25:00,72.71152906614284,117.16425246149785,3.238399637362237,1723.0283661051171,18.003463395948646
2026-06-06 08:26:00,73.49065792906899,117.77688050453119,2.9928253686609287,1724.411736252165,17.75389826809147
2026-06-06 08:27:00,71.53208966146482,114.31675500987619,2.977531450733726,1685.752349415577,18.31648486164863
2026-06-06 08:28:00,73.0130729019112,116.8671065124628,2.971973689710666,1704.6331733314485,17.526178375488612
2026-06-06 08:29:00,70.45457728610494,114.69901345524607,3.0234012154968974,1709.0581968768345,18.505569844452772
2026-06-06 08:30:00,71.5015371148647,115.81505392196627,2.9234738579976973,1711.459195429512,18.00396531716394
2026-06-06 08:31:00,73.97685952673898,117.86314273359774,2.7761144616670523,1737.06072494572,17.73819803171277
2026-06-06 08:32:00,74.71489066793917,116.7225456596764,2.9519548719906465,1751.586742690109,18.64124632726281
2026-06-06 08:33:00,73.76426921382824,117.29073334231789,3.0571715385241354,1722.125971359123,18.192345188334386
2026-06-06 08:34:00,71.95430436919396,117.51612610284793,3.041585553021018,1704.7442594080378,17.129160298571858
2026-06-06 08:35:00,72.01169416381474,113.71436769566611,3.1376637887525507,1729.185374904184,17.88597773553359
2026-06-06 08:36:00,73.76915137807103,113.9443674826845,3.2301694034496147,1711.9245169003514,18.398344500133373
2026-06-06 08:37:00,74.01584079412295,117.8924012339955,3.0324265529356085,1680.6164574352401,18.345156327884215
2026-06-06 08:38:00,72.50175821790971,117.56853117904438,2.8371819257623914,1696.2655646721942,17.988927491411925
2026-06-06 08:39:00,72.2097851171931,116.04234652878179,3.109445095861047,1674.2136048929513,18.165209073984325
2026-06-06 08:40:00,71.8819548304388,116.22772711536615,3.048999829254727,1704.3367948689743,18.106110434316427
2026-06-06 08:41:00,72.80985423310504,117.26769477748849,3.0409694068448743,1713.272910993204,18.110476738236578
2026-06-06 08:42:00,71.87612525834793,117.35470101755622,3.270091111495675,1693.5154029868054,18.05816120310057
2026-06-06 08:43:00,70.76963709463848,115.15148325595926,3.102015797388457,1694.0749964220852,17.81749894661896
2026-06-06 08:44:00,71.65312743588332,117.18269167958024,3.0874796594424376,1692.4136004872776,17.776356266830998
2026-06-06 08:45:00,72.27538059330854,116.19748070038102,3.1321325270953877,1719.6049348268666,17.89762373259177
2026-06-06 08:46:00,70.7950774590201,116.35044214019233,3.1980013108112653,1701.3067929654453,17.5795696767378
2026-06-06 08:47:00,72.79305298078575,116.80600443644731,3.0009655594752807,1736.0287929376907,18.242983692590382
2026-06-06 08:48:00,72.40775629265659,115.27810415855431,2.955262496227192,1720.0043495196476,17.81162214728984
2026-06-06 08:49:00,71.65411628278154,114.89345856752885,3.017215970969546,1734.5390538777538,17.829001582000142
2026-06-06 08:50:00,72.48081950709138,118.69904526934744,2.8911839342997703,1706.7533862799958,18.54109543280201
2026-06-06 08:51:00,72.27624878006489,114.99261258926101,3.0640455218478393,1746.3371675289884,17.948611959547094
2026-06-06 08:52:00,71.41702522197694,116.25522820198735,3.068627825726892,1710.8548270187528,17.960905850094516
2026-06-06 08:53:00,70.87109104333913,116.49735505974024,3.0431194710091796,1702.7609737758678,17.809314326545188
2026-06-06 08:54:00,73.78183954630896,116.47503258461572,3.0484601563319016,1756.6655995336946,18.792648776119083
2026-06-06 08:55:00,71.49921774053198,116.59612567961753,3.300640746650923,1683.1102458429248,18.558285666230482
2026-06-06 08:56:00,72.45804921085565,116.7973204427178,3.234601872613438,1710.4103610161155,18.013458191805263
2026-06-06 08:57:00,71.73785171732433,114.89920571388663,3.04832952911025,1687.6043664885894,18.262873324087554
2026-06-06 08:58:00,71.53817227164888,116.70636462773261,3.0847664493049605,1686.5883210658872,18.8675509441015
2026-06-06 08:59:00,72.04312363908411,115.58018368161329,3.2887070882385383,1685.4440462395437,17.652661619531578
2026-06-06 09:00:00,71.31221848918469,117.96989558991021,2.971056352383919,1720.9992581382219,18.33267607284417
2026-06-06 09:01:00,72.22291682706425,116.74134371339281,2.936919829385041,1696.4161258064619,17.416908361114285
2026-06-06 09:02:00,71.399473938625,114.59725075528296,3.0631969195348554,1702.010832124808,17.730567265750906
2026-06-06 09:03:00,72.68288546740631,116.58934537102529,3.1406590485225827,1729.093380852651,18.03326638469913
2026-06-06 09:04:00,71.84024696245864,114.19160319162546,3.0933710697624566,1710.9692243802901,16.967908640167046
2026-06-06 09:05:00,72.90781440501733,116.27855046165617,3.188780972811972,1719.1316728839963,18.42029957550011
2026-06-06 09:06:00,74.14274693686002,116.01796741153638,2.9760337148443874,1735.391383835673,18.203456561790812
2026-06-06 09:07:00,72.87625293835075,115.2222176752349,2.8696967527531223,1740.3342902272811,17.736330961094772
2026-06-06 09:08:00,71.70143297070916,114.6261447229608,2.954546522721468,1689.670297084748,17.948169636879893
2026-06-06 09:09:00,70.944670976833,118.58922290926705,3.131762976032198,1716.1453983394265,18.195184755553843
2026-06-06 09:10:00,72.2743793166498,115.91645443736873,2.9155010778847172,1706.6738674127214,17.19588020026179
2026-06-06 09:11:00,71.60393639568441,115.54632797230441,2.78088574101769,1711.9920715686746,16.772882883416038
2026-06-06 09:12:00,69.61186748554509,114.66821363283496,3.0479148140145265,1682.5827531740943,17.680262297645132
2026-06-06 09:13:00,73.21076956629157,116.5602547497298,2.981261097719193,1705.2855139781213,17.690112633678115
2026-06-06 09:14:00,71.17537249322112,115.32116364299971,2.813427183671077,1708.1569418052898,18.579074364737217
2026-06-06 09:15:00,72.1592965684541,114.59056600811631,3.071441538016076,1733.5085762299425,17.803886159070704
2026-06-06 09:16:00,71.57910456953667,116.1027875576166,3.018171415583671,1697.8929123171442,18.1946174544933
2026-06-06 09:17:00,72.99384785061736,115.99829396921035,3.3211478666338063,1678.1682675276522,17.94833692761447
2026-06-06 09:18:00,72.63371157796777,115.31123382080389,3.067438270759877,1710.7308374471033,17.287456278402107
2026-06-06 09:19:00,71.20000056871173,114.31877842605901,3.1138013029936613,1686.3262382401904,17.706371615400485
2026-06-06 09:20:00,73.00550244558308,115.53503941803687,3.064362554095316,1711.2957570813803,17.47162548177462
2026-06-06 09:21:00,71.35234144746866,115.10967105622349,2.955252885427595,1718.8878142113676,17.28656762098364
2026-06-06 09:22:00,73.34856883057721,115.05057753207869,2.978898937349063,1708.9109601145517,17.451275987688124
2026-06-06 09:23:00,72.78252270325972,116.42459534011914,3.234996825471982,1708.1019288023665,17.572267279928052
2026-06-06 09:24:00,72.01791995551118,119.04065418117415,3.2034470492913276,1715.9073278227731,18.100405962934637
2026-06-06 09:25:00,71.91061970948228,117.52558537564833,2.838536802762825,1725.0772173856526,17.806936675821913
2026-06-06 09:26:00,72.07798119080833,118.43029476903641,2.8860418319524324,1697.3465487735411,18.16365223284815
2026-06-06 09:27:00,70.79025499648763,114.81406755077802,2.8540584242260443,1717.5311903297625,17.1179744286527
2026-06-06 09:28:00,70.66858719225462,118.00677517225243,3.2254915807934172,1698.2287092463841,17.897897357055353
2026-06-06 09:29:00,72.11019991305182,116.17308511839153,2.80031751515721,1721.035779365429,17.75764365220002
2026-06-06 09:30:00,71.45521845224944,117.46554660776465,3.2034338808901506,1693.945787194354,18.221516155008164
2026-06-06 09:31:00,69.47128105409351,116.2950481889135,3.10947383472435,1718.08170133411,17.972645716377055
2026-06-06 09:32:00,71.38525158626008,115.41831059012719,3.0773707129821344,1709.5416782491918,17.977627909864527
2026-06-06 09:33:00,71.82554755927785,117.07852838332307,3.0100596298679587,1717.6500638443874,17.711457147081173
2026-06-06 09:34:00,71.0400184747088,116.4465407067508,3.2359341445855807,1725.9124723155119,17.942188241196703
2026-06-06 09:35:00,68.62614735602598,113.43248825886373,3.053974356704471,1695.0744132464138,17.571874977871907
2026-06-06 09:36:00,72.61366142008906,116.49821878309,2.893179869065488,1721.586470334543,18.849264043646507
2026-06-06 09:37:00,70.96667984677211,116.59968169334907,2.8551547255532244,1711.9201322450733,17.820525464772892
2026-06-06 09:38:00,71.19596566612623,116.18455034493422,2.810062628051156,1706.8700894861142,17.957573953138755
2026-06-06 09:39:00,72.24932340472972,116.53308939706089,3.2446984120537326,1723.681497013136,17.472503889327907
2026-06-06 09:40:00,72.99542833325226,115.03894131466197,3.276348252460539,1717.4893155770112,17.73416406801976
2026-06-06 09:41:00,72.0092380175892,116.10552476037815,3.2161462791963875,1701.9420312712791,18.002553877143086
2026-06-06 09:42:00,72.40947792374031,115.67857011080024,3.0314754323746045,1729.5000606423234,17.865598689442425
2026-06-06 09:43:00,72.43475701503118,115.52958395013249,2.837625047099734,1718.7448129522963,17.85105548660664
2026-06-06 09:44:00,70.19292978160405,114.68890148398866,2.875498916296156,1694.0816121368543,17.050523467377197
2026-06-06 09:45:00,73.30813398186142,117.57625593945203,2.9502304273288047,1706.9233496485258,17.913580809606888
2026-06-06 09:46:00,72.31994228800053,116.17647050206888,3.043939928085609,1706.866086523588,17.770985523310717
2026-06-06 09:47:00,71.65426990181481,116.294976472054,3.2748843525528937,1720.065761797183,18.48143250018713
2026-06-06 09:48:00,70.80062407041189,118.17750429020795,3.2552985428337937,1676.352561848293,17.101850755390597
2026-06-06 09:49:00,71.83439037806384,116.27359160876631,2.9737517485028095,1697.3927945112791,17.434882541067843
2026-06-06 09:50:00,70.15332953000853,117.1099123388914,2.709137320398397,1700.262047822333,17.075373115340735
2026-06-06 09:51:00,69.80053240850026,115.66298743054996,2.847315947695322,1682.9080943202746,17.797897374720154
2026-06-06 09:52:00,70.95998003056042,115.32289612869955,3.228069638706456,1694.6293922063917,18.347809159713663
2026-06-06 09:53:00,71.6948485488685,114.39625380320874,3.0792255461880136,1710.9557666303158,17.977817251474498
2026-06-06 09:54:00,72.44554041690324,116.42487335342669,3.022333414812943,1707.8023856215389,18.298490160292246
2026-06-06 09:55:00,71.66419640757255,112.22296240641762,2.96413848221193,1699.4337697711017,17.296760758955063
2026-06-06 09:56:00,70.46132987470652,115.92637345016806,2.9273332179724068,1687.3125758603535,17.947478911913517
2026-06-06 09:57:00,70.2144366011647,115.87588556068319,2.852594496787648,1703.4293492601523,17.43971683156776
2026-06-06 09:58:00,72.80726290028893,115.93298556682811,3.3904139562708675,1693.359926634172,18.120932460530277
2026-06-06 09:59:00,70.35074334093815,115.38399879900143,3.290761715272126,1728.4832907791022,17.948388215531008
2026-06-06 10:00:00,71.35457677444015,114.41728653174692,2.9379660554983307,1738.3991157343703,17.842573865329317
2026-06-06 10:01:00,70.58533452366783,117.69809754161948,2.8059441284451125,1706.7074905107286,18.345752454139895
2026-06-06 10:02:00,71.62227373459204,115.29009731939915,3.071672649525272,1692.4273777322949,17.781962415339446
2026-06-06 10:03:00,71.8728095013795,114.15337726627925,2.999205685237733,1717.0842172366313,17.769394795101746
2026-06-06 10:04:00,69.8125054124405,115.97156155102059,3.1154192315043643,1713.125033726788,18.415372949426306
2026-06-06 10:05:00,72.7761876350119,116.1123197021663,3.1934851925880956,1741.1800094444995,18.18870151926213
2026-06-06 10:06:00,70.62760100470696,114.90755819331636,2.8470001509251466,1736.6169647381464,17.369025687527945
2026-06-06 10:07:00,70.24284325746245,115.27074744546232,3.2472051968547024,1680.6323862514128,17.721603409705153
2026-06-06 10:08:00,70.76124266974753,115.73174564583545,2.9962598282176325,1727.2267196073396,18.21849575457203
2026-06-06 10:09:00,70.85794918531893,117.42654069042341,3.1452905807367295,1707.4832011229119,18.322863282037073
2026-06-06 10:10:00,71.41497449630013,116.39755405479018,3.016386727078558,1719.3576371830604,17.902466531218906
2026-06-06 10:11:00,71.14903070545749,115.36541970074107,3.165487501480038,1717.0905202446293,17.092522416078864
2026-06-06 10:12:00,72.25579286160294,116.41124794677039,2.6715442780290024,1716.2164172734883,17.314062244650515
2026-06-06 10:13:00,70.63433496763774,115.92266407114016,3.170058403285519,1726.8672221527747,18.01711092326849
2026-06-06 10:14:00,70.57316475545481,115.96235606749782,2.907244963921259,1698.0025340711454,17.972397963993
2026-06-06 10:15:00,68.95999229312535,115.01974176611097,3.000245544086514,1683.5519688830716,17.821102650970776
2026-06-06 10:16:00,70.68998304990612,116.55991981116539,3.2435176644535457,1729.1661410470797,17.11321519328968
2026-06-06 10:17:00,70.75793714865964,114.80781649063768,2.9022468036016034,1691.4679402571314,18.01898270088507
2026-06-06 10:18:00,71.57299881011753,114.41869597230894,2.9083919314542506,1738.3997461000913,18.463756688016574
2026-06-06 10:19:00,70.66435745162826,117.14591744514505,3.014716534630553,1702.6370327178993,17.071426481454843
2026-06-06 10:20:00,71.29243268193564,117.44487011116519,2.977336512479682,1702.8068771085484,17.81735398921008
2026-06-06 10:21:00,70.8891219172815,114.61646205529357,2.90425689736585,1709.5001037120542,18.266470290067044
2026-06-06 10:22:00,71.3458205115984,115.8833291771211,3.0604860504157925,1685.7931499927215,17.269519996003954
2026-06-06 10:23:00,73.20021134929,115.55366285019743,3.0965460490381673,1691.491460242694,17.84638956775907
2026-06-06 10:24:00,70.95340003283388,116.35152726238748,3.088879792990121,1717.566821761869,17.869819544084525
2026-06-06 10:25:00,71.345324756852,115.89763042245723,2.9171747782009696,1682.221491842186,17.59173706009824
2026-06-06 10:26:00,71.17713156387794,119.79303882861626,2.911737783281771,1748.4625702293727,17.75458389321013
2026-06-06 10:27:00,71.12347863562259,115.17327207510078,3.017876639549249,1705.7213403202804,17.85581897433161
2026-06-06 10:28:00,72.31412816125743,117.77651319609987,3.0253606675985436,1696.9833347675208,17.497961470111296
2026-06-06 10:29:00,71.27224223545073,117.41201135502337,2.9961544591656564,1712.3093346876265,17.2984696134421
2026-06-06 10:30:00,72.31029797702179,116.83515344489639,2.973571322857698,1679.0025397682202,18.28477728088189
2026-06-06 10:31:00,72.5831654137718,116.24913216056416,3.129814801986889,1711.058244017901,18.481892531480014
2026-06-06 10:32:00,70.23981352195045,115.7603367259801,2.901730143715363,1705.540299438353,17.98267394917786
2026-06-06 10:33:00,70.8557636009201,115.73386233289793,3.0297815399153794,1690.628482086003,18.40530237654517
2026-06-06 10:34:00,72.38055434358446,117.26721292566961,3.014528287119438,1702.6199943650606,18.121497673672938
2026-06-06 10:35:00,71.04862203657005,114.1403342812421,3.007481128419247,1725.3903178434455,18.332561780578626
2026-06-06 10:36:00,70.36278271256072,114.95077115225114,3.1873872674732455,1704.6681123890003,17.5982917852407
2026-06-06 10:37:00,72.99989704979984,115.56973908188564,2.8633824814886353,1718.1035064746898,18.055258884829893
2026-06-06 10:38:00,71.62143076067129,113.53607430840235,2.681801642801479,1696.2977100483417,17.965034913508926
2026-06-06 10:39:00,70.71594600935414,116.4819219035372,2.9409528832755742,1686.1653296089937,17.47439844345159
2026-06-06 10:40:00,70.05693220927327,116.79187046352487,2.8617285738085063,1703.2689935789965,17.4477563096562
2026-06-06 10:41:00,70.73311187061468,114.0300005150219,2.5341984654737746,1660.3498329008346,17.035497531207337
2026-06-06 10:42:00,71.50333715475078,116.67970054249926,3.2915220398937617,1689.4616878309007,17.49947844643701
2026-06-06 10:43:00,71.97589303061685,113.36823268089148,3.1018646650423567,1684.7941267279825,18.4626123728069
2026-06-06 10:44:00,73.26102540794366,115.79251912561318,3.150991807230095,1679.6021558074797,18.610478633319072
2026-06-06 10:45:00,70.5317846175137,115.62915826664349,3.0092243884188927,1720.1471741796693,17.759163014097304
2026-06-06 10:46:00,70.27045511439147,115.75425950492613,3.1063866807373324,1706.6952210836985,17.656267564177153
2026-06-06 10:47:00,68.88620667867548,115.68743750866788,2.975829494141752,1698.550058281319,16.935450175538328
2026-06-06 10:48:00,70.76333264351649,114.92187147108065,3.123102906126879,1710.256197900789,17.109456485069916
2026-06-06 10:49:00,71.79416489507223,115.16916187404185,3.0706591211028367,1683.7957888351177,17.493509945292953
2026-06-06 10:50:00,71.35797936592753,115.5094309207641,3.0371797322782124,1688.378023445619,17.644065316280233
2026-06-06 10:51:00,70.65583373235323,117.45423564551568,3.060397224850815,1727.671485485101,17.68131227021525
2026-06-06 10:52:00,72.07681405032652,115.37955776092248,3.29141879585525,1748.5413784450836,18.122913788885434
2026-06-06 10:53:00,69.99681679626548,117.63093421595342,3.0200680551286405,1709.2570809961717,17.772242624531525
2026-06-06 10:54:00,71.24514047224417,114.54728262611454,2.866190617400879,1711.1999763441931,17.363621407333177
2026-06-06 10:55:00,70.61251659137062,115.4851345901995,3.0635662068736704,1693.8996355149654,18.17330221103002
2026-06-06 10:56:00,71.46145741647497,116.15065599404491,3.1043699779738567,1697.8198137827906,17.870870857725325
2026-06-06 10:57:00,70.72305776859481,115.06107414583889,3.005705603952921,1708.891455285694,18.060902668719834
2026-06-06 10:58:00,71.60645139952689,116.98946879713459,3.014226751502222,1725.0019119996962,17.489497725314227
2026-06-06 10:59:00,71.91104032216938,116.35708227016093,2.8869227909927075,1715.7691877769585,18.069998132857787
2026-06-06 11:00:00,69.16606215203844,114.81192147339881,3.0184149672519665,1715.1400943998058,17.71030632630271
2026-06-06 11:01:00,71.25050925830601,116.71508420974429,2.822465563476281,1687.1841256454425,18.121817360985425
2026-06-06 11:02:00,71.1170620676766,113.84971228813038,2.9669371632690327,1710.1645783956653,17.79522838711031
2026-06-06 11:03:00,70.89464311627376,114.58255143987351,2.917010361292576,1693.411592757604,17.97204924008835
2026-06-06 11:04:00,70.21318572124186,115.66939029693923,3.1470563172470634,1702.0263537591588,17.285548464891505
2026-06-06 11:05:00,72.01080403880162,116.30371710234694,3.2552886395843896,1713.7967449501937,18.149347931666576
2026-06-06 11:06:00,69.29439168177154,115.68766724958115,2.848386083690661,1696.0384502419581,17.139798829915165
2026-06-06 11:07:00,71.20867172361552,114.95521526559577,3.0064966740112613,1686.1817805089343,17.32470706629123
2026-06-06 11:08:00,70.81814755660584,115.29782357620121,2.993416525346683,1713.4330240739096,17.91229870813981
2026-06-06 11:09:00,71.50253394522078,116.67087710521669,3.090545494711893,1702.1543659936526,17.195515478676697
2026-06-06 11:10:00,71.38320793796862,115.93192720956019,3.057333157579433,1710.6213354996974,17.452455114487716
2026-06-06 11:11:00,69.5251622870201,114.21306502599249,2.959210453613824,1713.3205110957988,17.260804000139306
2026-06-06 11:12:00,70.21200229148592,114.18872623392312,3.0343698496573412,1723.670745100242,17.803770264548298
2026-06-06 11:13:00,71.09063906914429,116.95278148041847,2.9769108383297285,1711.7706848719497,17.504732436719998
2026-06-06 11:14:00,70.42570957387439,114.43442400507864,3.258166052904325,1711.9382792222882,18.033961808577132
2026-06-06 11:15:00,70.51542141795315,115.83358215536559,2.9147068539286924,1699.2450748595409,18.505388569162136
2026-06-06 11:16:00,69.82308880053142,116.7839009450682,3.049477220875818,1696.9682391771025,17.68958153490685
2026-06-06 11:17:00,71.38441722333404,116.08583839170889,3.1054656636547597,1712.6216772680536,17.513063608379305
2026-06-06 11:18:00,71.45956642396098,114.12035831072039,3.067740196218304,1694.9449924280063,17.662097835582156
2026-06-06 11:19:00,69.27655427922582,114.27579757364697,2.9882919366029257,1713.3504700711135,17.38903321566712
2026-06-06 11:20:00,72.41354859448828,117.33036668572245,3.2110077913790174,1688.9190818102595,17.51778454926415
2026-06-06 11:21:00,71.18205341866542,114.26013070741907,2.7206359990362703,1735.733953624982,18.739664819331875
2026-06-06 11:22:00,70.9959080512813,114.60194129083963,2.853633850751137,1706.4500300566326,17.551693689106937
2026-06-06 11:23:00,71.04579053912819,116.14440433476449,3.1460288225070774,1711.2187441719016,17.969760302828504
2026-06-06 11:24:00,69.7740506594827,114.62577724079229,2.860545950832556,1691.2733369151888,17.37960529079128
2026-06-06 11:25:00,69.72467450428752,115.47389829316606,2.8449123112866426,1725.833071776124,17.228833107586038
2026-06-06 11:26:00,69.23442109193385,113.2755223923923,2.932377258554448,1681.691964997713,17.71078529605859
2026-06-06 11:27:00,68.95516614654694,114.5473763878888,2.8688105443447474,1686.7861559869796,16.891564150876246
2026-06-06 11:28:00,70.53553239893623,115.60716567992267,3.0818259637940324,1710.0563981023047,17.330494754309196
2026-06-06 11:29:00,69.53560577080974,116.20602931596932,3.1615768258808736,1708.7780683514216,17.151391720639925
2026-06-06 11:30:00,70.7419025832634,114.50759171874145,3.026216342920412,1693.942290771401,18.215057406669143
2026-06-06 11:31:00,69.79437479388959,113.81934210717506,3.16122023303355,1692.3839413870232,17.917579985493404
2026-06-06 11:32:00,69.36486475225172,115.32317096481874,2.796482507364587,1696.5261731267376,17.226088969783383
2026-06-06 11:33:00,71.57181507535324,113.42217962214,3.0111921426010455,1701.4938922393592,16.756234706035983
2026-06-06 11:34:00,70.56622909298599,117.20604028615426,3.2465207276100383,1732.1700064178563,18.028605293856252
2026-06-06 11:35:00,68.98121560018252,115.1315391170742,3.142704943868695,1708.3127423365236,17.453837491665233
2026-06-06 11:36:00,69.37072688813655,113.92397863401013,3.199454280392585,1712.1520617921376,18.277584299191044
2026-06-06 11:37:00,70.16334764804635,114.12369558880071,2.9374329688201173,1698.6738504518864,18.255242583745414
2026-06-06 11:38:00,70.16318840914761,114.31937394282514,3.1428479364478945,1708.789836578542,17.793580563614437
2026-06-06 11:39:00,71.62208850660205,113.87456725342717,2.985909214972451,1686.663291405841,17.66314686323105
2026-06-06 11:40:00,70.13347029747442,115.56660680672921,3.087464397080005,1702.3703504368339,17.381798161496476
2026-06-06 11:41:00,70.65690245259584,114.41459165605062,3.2218320276436683,1706.8095066755523,17.809847333507072
2026-06-06 11:42:00,70.32296632306934,115.92195395687884,2.910379713096131,1733.219223097402,17.863187094446822
2026-06-06 11:43:00,70.42424640540847,115.59981684658734,2.718619595283326,1722.7606021396712,17.194314178813276
2026-06-06 11:44:00,69.67416274728363,116.04095515850285,3.269252034297491,1694.5468479146543,16.895255001928476
2026-06-06 11:45:00,70.24453545660498,115.62273176951835,3.0945867263724836,1692.0164247502125,18.431548123820264
2026-06-06 11:46:00,71.71207572863095,116.61432163007267,3.001540758527476,1691.6751597429488,17.645563649339724
2026-06-06 11:47:00,69.22666273395043,116.32518867281952,2.953155989969554,1691.0717389136541,17.5006038725395
2026-06-06 11:48:00,70.35353576814326,115.04983144806098,2.6682361013579,1716.0590914056431,17.027012570395318
2026-06-06 11:49:00,69.60354714028277,114.69327008116798,2.985378893097232,1697.0374547837553,17.701998012118924
2026-06-06 11:50:00,71.51822854282392,114.5750765785034,2.9366848865587136,1711.0240624962769,18.03805443498855
2026-06-06 11:51:00,70.51360937788465,113.79519192502707,3.006560665071786,1711.9059902424933,17.514361185656462
2026-06-06 11:52:00,70.00690144002174,116.5421935299345,3.004790874845988,1685.1370303259655,17.58589718841594
2026-06-06 11:53:00,69.02551572848753,115.2652669954318,2.462561147067609,1683.209106812125,17.383180734463625
2026-06-06 11:54:00,69.2243733382834,115.53402958403385,3.054150406357224,1703.9346230407527,17.39419097885711
2026-06-06 11:55:00,68.04515277155265,114.18048312566299,3.020967734736894,1686.8406324158059,17.667829550571284
2026-06-06 11:56:00,70.22400730382145,116.77318673394628,3.036789229508573,1674.763625809724,17.562874874723015
2026-06-06 11:57:00,70.30554288513268,114.78064850660668,2.9761527219359545,1684.4944021666204,17.457131539316023
2026-06-06 11:58:00,71.03667989544111,114.2259213858547,3.0198805218297573,1718.3238208068135,17.12663369164612
2026-06-06 11:59:00,71.2812562282478,114.99901978447687,3.071749844700637,1703.5545018482856,17.833578780272127
2026-06-06 12:00:00,70.51984991154426,116.87942483105381,3.0407391219826483,1703.307692129866,17.797101244895543
2026-06-06 12:01:00,69.55414601971478,113.99481868379021,3.0932096525766224,1688.8864517261422,17.93290120461316
2026-06-06 12:02:00,68.54042423990775,113.83657135159112,3.0249422997735205,1702.1966284685682,17.893924852551965
2026-06-06 12:03:00,66.97479414452366,117.95609289446783,3.242651438328202,1688.994541207569,17.806234428807226
2026-06-06 12:04:00,69.62878243599678,115.99737617992089,2.8823064795988467,1704.9347156026802,17.714715206080136
2026-06-06 12:05:00,68.3579018439489,113.60829414257563,2.909620886374406,1686.004595306877,17.3189575408412
2026-06-06 12:06:00,69.2075675552415,113.66739969727438,3.2516192331255223,1707.0994138055075,17.61996968476465
2026-06-06 12:07:00,69.70783388803758,112.712819360815,2.9581466766890507,1688.362223873157,17.130278886138527
2026-06-06 12:08:00,68.38233292248164,114.47790631438572,3.0971703013620617,1690.2800827711485,17.500395439882677
2026-06-06 12:09:00,69.777362834796,116.33554224546603,3.0511202521056777,1702.083703874738,18.260428742432424
2026-06-06 12:10:00,71.58241822824245,116.59586025690153,2.950715051542906,1697.3709295457106,17.803302279530243
2026-06-06 12:11:00,68.843885536279,112.16396671893861,3.1103870345783005,1696.675928411764,17.44091767419817
2026-06-06 12:12:00,69.51536476322697,113.60048979970045,3.090493223794958,1695.1224154938213,17.499212226102102
2026-06-06 12:13:00,68.85688465103988,114.55291581681291,2.7496569583656507,1694.157412257651,17.2057994446245
2026-06-06 12:14:00,70.33243962640248,118.5806810678358,3.0417224419882776,1705.936991655289,17.553824565030883
2026-06-06 12:15:00,69.223557241697,115.74496000862838,2.829532549227361,1703.3736693028343,17.04887161860205
2026-06-06 12:16:00,70.50792338304664,115.18045571081106,3.1728792890082884,1695.2999997764816,17.476417738131325
2026-06-06 12:17:00,69.92102958899427,113.52237846891816,3.262524291397119,1686.5913651205192,16.37753881199834
2026-06-06 12:18:00,71.60472087873354,112.51629481170099,3.285114308039942,1702.100508536401,17.314623035613586
2026-06-06 12:19:00,69.86672726465807,115.1529524326425,3.0607158828202947,1711.4729304599089,17.580424508924033
2026-06-06 12:20:00,70.02583692072734,114.7231006572734,2.920254455697484,1677.9009452315022,18.42183477374083
2026-06-06 12:21:00,70.86024933240483,114.69996356380976,3.049685924438569,1680.462459224751,17.512436842971137
2026-06-06 12:22:00,71.11596175036271,114.62339955211735,2.864369316384334,1691.132427680884,17.556470376709775
2026-06-06 12:23:00,70.86927507224694,114.0118638246242,3.3458173966764733,1695.9135630623427,17.121532367382304
2026-06-06 12:24:00,69.38321034953435,113.62723931867673,3.1658475460299464,1664.385080340824,18.088019374506306
2026-06-06 12:25:00,68.80183099828551,116.07052056112651,3.005886366213983,1700.6528345472082,16.876199624752278
2026-06-06 12:26:00,68.03635679951334,113.94611347056369,3.150220541086295,1697.3946530423416,18.318093123466706
2026-06-06 12:27:00,69.51588399623073,114.50496834303357,2.915331115507835,1662.5514476644896,17.12219608749058
2026-06-06 12:28:00,70.25922580071813,114.64621750232767,2.813347034932103,1679.210622324775,17.72320792002264
2026-06-06 12:29:00,71.10553209463221,116.04156785741131,2.680947421757236,1698.078324135512,17.574336715805096
2026-06-06 12:30:00,68.68253154678379,113.35366421236027,2.970849222329674,1665.0900814962476,16.96297932535105
2026-06-06 12:31:00,71.94118055274173,116.46461612499921,2.9881724697174517,1718.436044584786,18.049303168729494
2026-06-06 12:32:00,69.26191250246328,114.08895873110562,3.0635306164952776,1699.9299412166836,17.923679138211323
2026-06-06 12:33:00,69.1871211819123,114.68573991745642,2.9939620064376835,1708.573062746074,17.365796503173865
2026-06-06 12:34:00,68.9450159097119,116.63149095173829,3.0484009657827364,1680.028325380277,17.32021218809879
2026-06-06 12:35:00,67.64541407404738,113.10861979123973,3.0731087132048582,1696.4598323652854,16.97080329197307
2026-06-06 12:36:00,69.94484669116268,115.58855098782874,2.7625371899741475,1686.4032211580402,17.451354996441673
2026-06-06 12:37:00,69.94940469661108,116.06484266533356,3.120955598080971,1695.2370970804998,16.991789894954444
2026-06-06 12:38:00,70.39857600735797,115.32717358781815,2.9360327103383583,1704.6964003701878,16.400294359743683
2026-06-06 12:39:00,69.04163464784462,114.54552879807258,3.0567412137551777,1694.7698991681418,16.595191626858384
2026-06-06 12:40:00,68.11707317880516,116.63261062323689,3.0921184091333975,1699.88317198741,16.95245816502463
2026-06-06 12:41:00,66.79843757810177,114.25397180511123,3.1057365547141087,1692.3606494763808,16.70734025774624
2026-06-06 12:42:00,70.98548563883037,115.58714559893014,3.0421897623751835,1697.616471372202,17.624090469587454
2026-06-06 12:43:00,68.86397946575823,113.98862102220222,2.986268250724756,1704.5425852109026,16.99123443652344
2026-06-06 12:44:00,69.40338055961912,115.32319957326261,3.143246924430698,1717.6968123821391,17.28840305131249
2026-06-06 12:45:00,68.77055096583177,115.58408007019827,2.736632808988285,1693.675792314695,16.95403149552858
2026-06-06 12:46:00,69.08614320925554,114.31584491636242,2.8336772301216717,1715.3244283125591,17.70998706715842
2026-06-06 12:47:00,71.17564925034542,112.35186329765324,2.950251480874693,1694.896373981681,17.5351618639231
2026-06-06 12:48:00,68.03524668509596,115.0583583491793,2.7628858303414905,1690.6419621016807,17.847016886144242
2026-06-06 12:49:00,70.58393700807946,113.86539670316247,2.96986902089375,1702.190990351936,17.621003151166114
2026-06-06 12:50:00,68.52350349088405,115.58831081686438,2.9309182636972704,1694.0271699256116,16.585049329810268
2026-06-06 12:51:00,69.16811944745908,114.8056194232856,3.0002132614080197,1692.7712959618098,16.98608393173411
2026-06-06 12:52:00,69.38603779511072,115.71402224005229,2.9636202400391847,1683.7076741704311,17.33719655394126
2026-06-06 12:53:00,69.53854060675252,113.71580297822085,3.150656646059216,1683.1390478973613,17.52369903717702
2026-06-06 12:54:00,70.24214686737135,114.48120433156991,3.0941820225853736,1703.3076800137812,17.327338986817352
2026-06-06 12:55:00,69.47434844703314,114.19604214903175,2.962951000699269,1712.6962473781725,16.98374697914029
2026-06-06 12:56:00,69.91711033069168,113.37729235068475,2.960412712977338,1714.2934364534199,17.33482585148574
2026-06-06 12:57:00,69.6018998637379,115.78099556840122,2.9560190380429456,1698.4518210256456,17.16586232663443
2026-06-06 12:58:00,69.46293381685764,112.90315130639026,2.9857647639452947,1716.7863180100155,17.407224160183404
2026-06-06 12:59:00,69.45161838788721,116.08160772013844,3.3621355355370866,1697.153129009866,16.943265158000912
2026-06-06 13:00:00,68.87144264075332,114.80047498494991,2.734117372123422,1675.7170960697053,17.244099922548337
2026-06-06 13:01:00,69.52079234034035,114.43095529089283,2.839031816182201,1690.3529214931575,17.42960913215137
2026-06-06 13:02:00,69.71808677410975,115.01549159559947,2.812484590944933,1693.7747855927637,17.256696622579717
2026-06-06 13:03:00,68.92733486582644,114.71816161831572,2.9961828640619954,1683.4720833089252,16.89204416789486
2026-06-06 13:04:00,69.76311392231042,114.21343120263911,3.014047315097013,1705.0702710349753,17.615601340964655
2026-06-06 13:05:00,68.98798867424003,114.98192312001784,2.8889821204949735,1709.021670552183,17.84152012493131
2026-06-06 13:06:00,68.24938491903548,115.42962089297235,3.104564376651605,1668.047490267286,17.09680504011297
2026-06-06 13:07:00,67.95215359196023,113.41351311729603,3.025257353472355,1691.779861632078,17.022168127714863
2026-06-06 13:08:00,67.73231061236376,114.9498733080463,3.109677671550039,1650.2456884795206,17.453586877990855
2026-06-06 13:09:00,70.2999368765089,111.29328763566602,3.1435100030141534,1691.2247669049543,16.754205070515376
2026-06-06 13:10:00,67.41156432978087,112.27537164936803,2.6530693690587794,1693.0039443563744,16.784820157879125
2026-06-06 13:11:00,69.65403737467938,115.02696126961656,3.0594777869531122,1717.9702045675422,16.915227764235897
2026-06-06 13:12:00,70.01033950271919,114.83212227766555,2.8287254195323697,1726.5907520154426,17.790552173962116
2026-06-06 13:13:00,69.16406141096542,113.08332850964257,2.9779088481375138,1702.0846482383417,16.70155027944352
2026-06-06 13:14:00,66.93521236211168,114.28499162395369,2.9456404120456923,1676.91888085529,17.166809986032163
2026-06-06 13:15:00,68.54416121983773,113.89097618482312,2.9532091486714385,1676.2856256741582,16.379325187820214
2026-06-06 13:16:00,71.41081110764348,113.93746643523605,2.82755985278844,1685.2098023576266,17.808614833439137
2026-06-06 13:17:00,68.7894149250056,112.14256482279261,3.0952012229321864,1711.0249090638408,17.630894301738746
2026-06-06 13:18:00,68.98432043253771,112.2652774356649,2.7815635134322187,1681.3709212854271,16.949585177978623
2026-06-06 13:19:00,67.58090444379515,115.45419400482079,3.0837562512064873,1688.4516903690749,17.461462773998857
